Madhupura Market,"G20/ Ground Floor, Vaibhav Laxmi Complex, Shahibaug Road, Madhupura, Madhupura, Ahmedabad - 380004, Opp. Hathisingh Jain Temple",+(91)-6352821318
Vasant Masala Pvt Ltd,"429, 4th Floor, Sarkhej Gandhinagar Highway, Ahmedabad - 380055, Near Gurudwara & Opposite Vishal Mega Mart",+(91)-079-26850140
Agrivyapar,"Neemuch Road, Nai Abaadi, Mandsaur - 458001, Near Krashi Upaj Mandi",07947440865
SRI BANNARI FOODS,"50, Shivaji Nagar CHS, Opp Swastik Chambur, Chembur East, Navi Mumbai - 400071, Dana Market APMC",07947219643
Aarvi Exports,"54 and 55 Kanhaiya Nagar, Jodhpur Ho, Jodhpur - 342001, Near Sbi Bank Shikargarh",07947064416
Jiyanshi Rajasthani Foods,"Mata Ji Ka Mandir, Osian, Jodhpur - 342303",07947170973
Tirupati Spices,"Jaipur Golden, Gulab Badi, Rampura, Kota-Rajasthan - 324001, Behind Traffic Police Office Gulab Bari",+(91)-8619657030
Www.cooksvilla.com,"Plot No 150, 151, Mandore Rd, Maheshwari Colony, Mandore Road, Jodhpur - 342006, Near By Krishi Mandi",+(91)-7665576650
A P Patil Trading Company,"Plot No 255, Lane No 3, Marketyard Sangli, Sangli - 416416, APMC",+(91)-9209197711
Shivam Traders,"Plot No 40, 1st Lane, Marketyard Sangli, Sangli - 416416, Vasant Market Yard",+(91)-0233-2670319
Balaaji Trading Coy And Btc..,"No 132/5, Block 8 BTC Mills, Sivathapuram, Salem - 636307, Near Kattur",+(91)-0427-2480938
Mithran Exports,"No 1 New, Pethanachiyamman 1 St Street, Villapuram, Madurai - 625012, Near By Koodakovil School",07947266604
Anu Foods Appalam Manufactu..,"No 3298, Tnhb Colony West Anuppanady, Anuppanady, Madurai - 625009, Near Palayampatti Nadar Higher Secondary School",+(91)-9894457999
Chirag Provision Store,"Outside Bhamariya Nala  Mehsana, Near Malgodown, Malgodown, Mehsana - 384002, Mehsana",+(91)-9726277737
M.R. PROTEINS,"TULSHI IND AREA 1 PLOT NO 71, B /H JAMVADI GIDC, Gondal, Rajkot - 360311, GUNDALA CKOKADI",+(91)-9712168155
Prism Agencies,"Galaxy Park Apartment, Vapi Daman Road, Chala, Vapi - 396191, Near HDFC Bank, Opposite Parvarish Children Hospital",+(91)-7676768761
Bharati Products,"414, Siddhanath Society, Shivaji Chowk, Bhiwandi, Bhiwandi - 421302, Near Sai Mandir",07947331991
D M Spices,"Makad Wali Road, Ajmer Ho, Ajmer - 305001, Near Raj Potery",07947284531
Shraddha Masala,"Shop 2/A , Dwarka Bhai Niwas,, Dahanukar Wadi,Bunder Pakhadi, Kandivali West, Mumbai - 400067, Near Link Road",07947174690
Deep Traders,"Juna Mondha, Aurangabad Ho, Aurangabad-Maharashtra - 431001",07947366119
Rca Masala Udyog,"Kamla Nehru Nagar, JODHPUR - 342008, Near Arora Sweets",07947063990
Belokar Spices,"Annapurna Gruh Udyog, Aarnav Heights, Flat No  05, Dhruva Nagar, Gangapur Road, Nashik - 422013, Near Motiwala Collage",+(91)-9096000221
Hotel Firdaus & Firdaus Mas..,"Hotel Firdaus, Mohammed Ali Road(Khadka Road), Athawade Bazar, Bhusawal - 425201, Near Lal Building",07947080607
Janta Supreme Punjabi Atta,"Sardar Nagar No 3,, Hemant Manjrekar Marg, Sion Koliwada, Mumbai - 400022, Samaj Mandir Hall",07947168409
Lakhpat Trading Corporation,"G -1st/15-16, Krishi Mandi, Mandore Road, Jodhpur - 342007",+(91)-9829080303
G S Foods,"AB Road, Dudhi, Mhow, Indore - 453441",+(91)-8519055011
Sajan Agencies,"Sajan Chambers, Anguri Bagh Road, Aurangabad HO, Aurangabad-Maharashtra - 431001, Behind Maratha High School",+(91)-9423955555
Shree Ganesh Traders,"Shop Number 5 Sita Nagar, Dumping Road, Mulund West, Mumbai - 400080, Opposite BMC Godown",+(91)-8879112454
Amrut Industrial Products,"Chemical House, L B Shastri Marg, Gokul Nagar-Thane West, Thane - 400601, Next to Vardhaman Industrial Estate & Near Navneet Motors",+(91)-022-21722271
Rajasthani Gold Masale,"Plot No :- J126/A, RICO INDUSTRIAL AREA, Bhawanimandi, Jhalawar - 326502",07947057007
Sartaj Trading Co. Kirana,"Near Police Chowki Chelipura, Chelipura, Aurangabad-Maharashtra - 431001, Opp Easy Dental",+(91)-9823093264
Kohiinoor Mills,"Shahabaug, Puna Mahabaleshwar Road, Wai, Satara - 412803, Near Shahabaug",07947316798
Apana Masale,"A/P Kaledhon, Vita Mayani Road, Pune City, Pune - 411002, Near Bank Of India",07947208543
Mangal Agencies,"New Line Ganga Shahar, Bikaner, Bikaner - 334001, Near Bafna School",07947285467
Ambica Enterprises,"Shop No. 7, Parag Plaza, Nagar Manmad Road, Savedi, Ahmednagar - 414003, Patrakr Chowk",+(91)-9819321232
Shri Samarth Enterprises an..,"College Road, Gokul Colony, Rahuri, Ahmednagar - 413705, Near Bhagarathibai Vidyalay",+(91)-9096405808
Tandan Masale,"Pingalai Heights, Kathora Road,, Vmv Road, Amravati - 444604, Infront Of Rohini Park",07947444012
New Sakhi Enterprises,"Survey No. 22/5/1,, Tuljai Colony No. 2, Thergaon, Pune - 411033, Near Sancheti School",+(91)-9922379795
DailyCrate,"SATURNA, Near Darga, Saturna, Amravati - 444607, Near Delhi Public School",08045773171
Amrutlal Bhurabhai Co,"Ground Floor, Anand Bhuvan Building, 17 Babu Genu Road, Princess Street, Mumbai - 400002, Near Union Bank Of India & Behind Lohar Chawl, Dawa Bazaar",+(91)-022-22191111
A Amratlal & Co,"Building No 406, Ebrahim Rahemtulla Raod, Pydhonie, Mumbai - 400003, Oppo- Pydhoni Police Station",+(91)-022-23461548
Vashugolden Pvt. Ltd.,"Khicharon Ka Baas, Jaipur Road, Sikar HO, Sikar - 332001",+(91)-9887887697
Naeem Masala,"Shop No 23 and 24, Mirza Ghalib Market, Matka Gali, Null Bazar, Mumbai - 400003, Near Gol Deval Temple",+(91)-9029377451
Pravinam Traders,"Mansukh Building, Chitale Road, Dilli Gate, Ahmednagar - 414003, Near Dena Bank",+(91)-241-2551112
Swad Masale,"Main Road, Palus, Sangli - 416310, Near Sangram Bhavan",07947177044
Apana Masale,"A/p Kaledhon, Vita Mayani Road, Kaledhon Satara, Satara - 415312, Near Bank Of India",07947317286
Shivanjali Food Products,"Shivanjali Food Products, Haydrabad Road Ghungrala, Ghungarala, Nanded - 431709, Near Bus Stop Ghungrala",08045795682
Asuvara Masalewale,"Plot No M 28, Satara MIDC, Satara - 415004, Additional MIDC, Back Side Of Top Gear Company",07947316374
Orggi Fresh,"C.S No.23/6/7,E, Kusum Heritage, Tarabai Park, Kolhapur - 416003, Opposite Pitali Ganpati Road",07947470662
Pandya & Sons,"Vasant Market Yard, Shop No 311, 1st Lane, Sangli HO, Sangli - 416416, Market Yard",07947364638
Apana Masale,"A P Kaledhon, Vita Mayani Road, Omerga Osmanabad, Osmanabad - 413606, Near Bank Of India",07947321159
SMG PVT. LTD,"Near Sbi Bank Gokul 281303, Mathura - 281001",+(91)-7017023600
Apana Masale,"A P Kaledhon, Vita Mayani Road, Solapur City, Solapur - 413007, Near Bank Of India",07947364218
Sadguru Masale And Dryfruit..,"Sry No -78 /3 , Plot No-19, Row House No-1, Vasantnagar, Khed, Khed Wadhe, Satara - 415003",07947317238
Shree Ram Trading Company,"Plot No 14, Market Yard, Pune Bangalore Highway, Umbraj, Karad - 415109",+(91)-2164-264612
Nakshatra Gruha Udyog,"263 E Ward Chaitanya Appartment, Main Road, Tarabai Park, Kolhapur - 416003, Behind Waman Hari Pethe Jewellers",07947250682
A1 Rajesh Masale,"1318,  C Ward, Laxmipuri, Kolhapur - 416002, Near Sabji Mandai",+(91)-0231-2644725
Shree Mahalaxmi Traders,"556/557 E Suresh Complex, Vyapari Peth, Shahupuri, Kolhapur - 416001, Near RBL Bank",+(91)-0231-2653376
Girnar Industries,"Sai Datta Complex, 100 Ft Road, Sangli - 416416, Near D Mart",07947271019
G M Masale,"Hospital Road, Manerajuri, Sangli - 416408, Government Hospital",07947230575
Bhakalo Fruits and Vegetabl..,"16 Sahyadri Shopping Centre, Solapur Ho, Solapur - 413001, Near Old Employment Chowk ,Beside Kamat Hotel",07947466684
The Grains,"Shop Number A2/7, Noida Sector 110, Noida - 201304, Near Kanhan Bhog",07947234211
Gobhaarati BEST Quality Mil..,"Pavani Plaza, Vidya Nagar Road, Vidya Nagar, Hyderabad - 500044, Near Pavani Plaza",08045790534
Sri Sai Spices,"House No 1-10-65/2, Near Little Flower School,Temple Alwal, Alwal, Hyderabad - 500010, Ram Nagar Colony, Opposite Shivalayam Temple",08045792658
Balaji Trading Company,"Plot No. 85 Gyan Ram Gali No. 10 Deep Enclave Vikas Nagar Uttam Nagar, Uttam Nagar, Delhi - 110059",07947234835
Shan Minar,"A Block Gali No 23,H No 1385, Shree Ram Colony, Rajiv Nagar, Delhi - 110094, Near Jama  Masjid",+(91)-9910139540
Indian Special Spices,"Ssb Road, Sadhu Colony, Sri Ganganagar-Rajasthan - 335001",07947358771
Apana Masale,"AP Kaledhon, Vita Mayani Road, Bijapur Railway Station, Bijapur-Karnataka - 586104, Near Bank Of India",07947346129
Popular Masala,"Plot No. 36, Shobhapur Road, Adhartal, Jabalpur - 482004, Industrial Area",+(91)-0761-4007481
AB Mart,"Green City, Sambhal Hasanpur Road, Hasanpur, Jyotiba Phule Nagar - 244241, Opp Indian Oil Petrol Pump",+(91)-8171886868
KBM Gai Chaap Masala,"B-19, Lawrence Road, Delhi - 110035, Industrial Area",07947227840
Omjee Gaichhap Masala,"C 23, Lawrence Road Industrial Area, Delhi - 110035, Near Keshav Puram Metro. Station",07947229032
Mool Chand Gopal Krishna Gr..,"Kali Nadi Road, Lalkuan, Bulandshahr - 203001, Mandi Gurush Ganj",+(91)-9927242886
Kedara Masala,"Shop Number,2932,Kinari Bazar,, Chandni Chowk, Delhi - 110006, Near Kinari Bazar",07947162529
Apana Masale,"Ap Kaledhon, Vita Mayani Road, Bagalkot, Bagalkot - 587101, Near Bank Of India",07947346237
Vanita Foods Pvt Ltd,"C 34, Mul Road, Chandrapur - 442401, Behind Adarsh Petrol Pump",07947338218
Guru Nanak Paneer Bhandar,"Building No4/9, Choti Sabji Mandi Janak Puri B1, Janakpuri, Delhi - 110058, Opposit Singh Sabha Gurudwara, Prem Nagar Tilak Nagar Metro Station Gate No 3",07947209953
Alla Bandha Food Products,"No:584, Jama Masjid, Matia Mahal Road,, Jama Masjid, Delhi - 110006",+(91)-011-23282056
Terra Farmers,"Terra Farmers, Western Colony, Thakarwal, Ludhiana - 142022, Adjoinning Britannica International School",07947164250
Hari Sons INDIA Product,"B 38, Bharti Bhawan Road, Allahabad City, Allahabad - 211003, Loknath",07947278727
Balaaji Trading Coy And Btc..,"No 132/5, Block 8 BTC Mills, Sivathapuram, Salem - 636307, Near Kattur",+(91)-0427-2480938
Mithran Exports,"No 1 New, Pethanachiyamman 1 St Street, Villapuram, Madurai - 625012, Near By Koodakovil School",07947266604
Anu Foods Appalam Manufactu..,"No 3298, Tnhb Colony West Anuppanady, Anuppanady, Madurai - 625009, Near Palayampatti Nadar Higher Secondary School",+(91)-9894457999
Chirag Provision Store,"Outside Bhamariya Nala  Mehsana, Near Malgodown, Malgodown, Mehsana - 384002, Mehsana",+(91)-9726277737
M.R. PROTEINS,"TULSHI IND AREA 1 PLOT NO 71, B /H JAMVADI GIDC, Gondal, Rajkot - 360311, GUNDALA CKOKADI",+(91)-9712168155
Prism Agencies,"Galaxy Park Apartment, Vapi Daman Road, Chala, Vapi - 396191, Near HDFC Bank, Opposite Parvarish Children Hospital",+(91)-7676768761
D M Spices,"Makad Wali Road, Ajmer Ho, Ajmer - 305001, Near Raj Potery",07947284531
Bharati Products,"414, Siddhanath Society, Shivaji Chowk, Bhiwandi, Bhiwandi - 421302, Near Sai Mandir",07947331991
Deep Traders,"Juna Mondha, Aurangabad Ho, Aurangabad-Maharashtra - 431001",07947366119
Janta Supreme Punjabi Atta,"Sardar Nagar No 3,, Hemant Manjrekar Marg, Sion Koliwada, Mumbai - 400022, Samaj Mandir Hall",07947168409
Lakhpat Trading Corporation,"G -1st/15-16, Krishi Mandi, Mandore Road, Jodhpur - 342007",+(91)-9829080303
Rajasthani Gold Masale,"Plot No :- J126/A, RICO INDUSTRIAL AREA, Bhawanimandi, Jhalawar - 326502",07947057007
Sajan Agencies,"Sajan Chambers, Anguri Bagh Road, Aurangabad HO, Aurangabad-Maharashtra - 431001, Behind Maratha High School",+(91)-9423955555
Rca Masala Udyog,"Kamla Nehru Nagar, JODHPUR - 342008, Near Arora Sweets",07947063990
Shraddha Masala,"Shop 2/A , Dwarka Bhai Niwas,, Dahanukar Wadi,Bunder Pakhadi, Kandivali West, Mumbai - 400067, Near Link Road",07947174690
G S Foods,"AB Road, Dudhi, Mhow, Indore - 453441",+(91)-8519055011
Shree Ganesh Traders,"Shop Number 5 Sita Nagar, Dumping Road, Mulund West, Mumbai - 400080, Opposite BMC Godown",+(91)-8879112454
Belokar Spices,"Annapurna Gruh Udyog, Aarnav Heights, Flat No  05, Dhruva Nagar, Gangapur Road, Nashik - 422013, Near Motiwala Collage",+(91)-9096000221
Hotel Firdaus & Firdaus Mas..,"Hotel Firdaus, Mohammed Ali Road(Khadka Road), Athawade Bazar, Bhusawal - 425201, Near Lal Building",07947080607
Amrut Industrial Products,"Chemical House, L B Shastri Marg, Gokul Nagar-Thane West, Thane - 400601, Next to Vardhaman Industrial Estate & Near Navneet Motors",+(91)-022-21722271
Sartaj Trading Co. Kirana,"Near Police Chowki Chelipura, Chelipura, Aurangabad-Maharashtra - 431001, Opp Easy Dental",+(91)-9823093264
Shri Samarth Enterprises an..,"College Road, Gokul Colony, Rahuri, Ahmednagar - 413705, Near Bhagarathibai Vidyalay",+(91)-9096405808
Kohiinoor Mills,"Shahabaug, Puna Mahabaleshwar Road, Wai, Satara - 412803, Near Shahabaug",07947316798
Apana Masale,"A/P Kaledhon, Vita Mayani Road, Pune City, Pune - 411002, Near Bank Of India",07947208543
A Amratlal & Co,"Building No 406, Ebrahim Rahemtulla Raod, Pydhonie, Mumbai - 400003, Oppo- Pydhoni Police Station",+(91)-022-23461548
Tandan Masale,"Pingalai Heights, Kathora Road,, Vmv Road, Amravati - 444604, Infront Of Rohini Park",07947444012
Mangal Agencies,"New Line Ganga Shahar, Bikaner, Bikaner - 334001, Near Bafna School",07947285467
Vashugolden Pvt. Ltd.,"Khicharon Ka Baas, Jaipur Road, Sikar HO, Sikar - 332001",+(91)-9887887697
DailyCrate,"SATURNA, Near Darga, Saturna, Amravati - 444607, Near Delhi Public School",08045773171
New Sakhi Enterprises,"Survey No. 22/5/1,, Tuljai Colony No. 2, Thergaon, Pune - 411033, Near Sancheti School",+(91)-9922379795
Ambica Enterprises,"Shop No. 7, Parag Plaza, Nagar Manmad Road, Savedi, Ahmednagar - 414003, Patrakr Chowk",+(91)-9819321232
Naeem Masala,"Shop No 23 and 24, Mirza Ghalib Market, Matka Gali, Null Bazar, Mumbai - 400003, Near Gol Deval Temple",+(91)-9029377451
Pravinam Traders,"Mansukh Building, Chitale Road, Dilli Gate, Ahmednagar - 414003, Near Dena Bank",+(91)-241-2551112
Amrutlal Bhurabhai Co,"Ground Floor, Anand Bhuvan Building, 17 Babu Genu Road, Princess Street, Mumbai - 400002, Near Union Bank Of India & Behind Lohar Chawl, Dawa Bazaar",+(91)-022-22191111
Swad Masale,"Main Road, Palus, Sangli - 416310, Near Sangram Bhavan",07947177044
Pandya & Sons,"Vasant Market Yard, Shop No 311, 1st Lane, Sangli HO, Sangli - 416416, Market Yard",07947364638
G M Masale,"Hospital Road, Manerajuri, Sangli - 416408, Government Hospital",07947230575
Sadguru Masale And Dryfruit..,"Sry No -78 /3 , Plot No-19, Row House No-1, Vasantnagar, Khed, Khed Wadhe, Satara - 415003",07947317238
Girnar Industries,"Sai Datta Complex, 100 Ft Road, Sangli - 416416, Near D Mart",07947271019
Asuvara Masalewale,"Plot No M 28, Satara MIDC, Satara - 415004, Additional MIDC, Back Side Of Top Gear Company",07947316374
Nakshatra Gruha Udyog,"263 E Ward Chaitanya Appartment, Main Road, Tarabai Park, Kolhapur - 416003, Behind Waman Hari Pethe Jewellers",07947250682
Apana Masale,"A/p Kaledhon, Vita Mayani Road, Kaledhon Satara, Satara - 415312, Near Bank Of India",07947317286
SMG PVT. LTD,"Near Sbi Bank Gokul 281303, Mathura - 281001",+(91)-7017023600
Shivanjali Food Products,"Shivanjali Food Products, Haydrabad Road Ghungrala, Ghungarala, Nanded - 431709, Near Bus Stop Ghungrala",08045795682
Apana Masale,"A P Kaledhon, Vita Mayani Road, Solapur City, Solapur - 413007, Near Bank Of India",07947364218
Orggi Fresh,"C.S No.23/6/7,E, Kusum Heritage, Tarabai Park, Kolhapur - 416003, Opposite Pitali Ganpati Road",07947470662
Shree Ram Trading Company,"Plot No 14, Market Yard, Pune Bangalore Highway, Umbraj, Karad - 415109",+(91)-2164-264612
A1 Rajesh Masale,"1318,  C Ward, Laxmipuri, Kolhapur - 416002, Near Sabji Mandai",+(91)-0231-2644725
Shree Mahalaxmi Traders,"556/557 E Suresh Complex, Vyapari Peth, Shahupuri, Kolhapur - 416001, Near RBL Bank",+(91)-0231-2653376
Bhakalo Fruits and Vegetabl..,"16 Sahyadri Shopping Centre, Solapur Ho, Solapur - 413001, Near Old Employment Chowk ,Beside Kamat Hotel",07947466684
Apana Masale,"A P Kaledhon, Vita Mayani Road, Omerga Osmanabad, Osmanabad - 413606, Near Bank Of India",07947321159
Gobhaarati BEST Quality Mil..,"Pavani Plaza, Vidya Nagar Road, Vidya Nagar, Hyderabad - 500044, Near Pavani Plaza",08045790534
Sri Sai Spices,"House No 1-10-65/2, Near Little Flower School,Temple Alwal, Alwal, Hyderabad - 500010, Ram Nagar Colony, Opposite Shivalayam Temple",08045792658
Balaji Trading Company,"Plot No. 85 Gyan Ram Gali No. 10 Deep Enclave Vikas Nagar Uttam Nagar, Uttam Nagar, Delhi - 110059",07947234835
Vanita Foods Pvt Ltd,"C 34, Mul Road, Chandrapur - 442401, Behind Adarsh Petrol Pump",07947338218
Guru Nanak Paneer Bhandar,"Building No4/9, Choti Sabji Mandi Janak Puri B1, Janakpuri, Delhi - 110058, Opposit Singh Sabha Gurudwara, Prem Nagar Tilak Nagar Metro Station Gate No 3",07947209953
Apana Masale,"Ap Kaledhon, Vita Mayani Road, Bagalkot, Bagalkot - 587101, Near Bank Of India",07947346237
The Grains,"Shop Number A2/7, Noida Sector 110, Noida - 201304, Near Kanhan Bhog",07947234211
Indian Special Spices,"Ssb Road, Sadhu Colony, Sri Ganganagar-Rajasthan - 335001",07947358771
Kedara Masala,"Shop Number,2932,Kinari Bazar,, Chandni Chowk, Delhi - 110006, Near Kinari Bazar",07947162529
Shan Minar,"A Block Gali No 23,H No 1385, Shree Ram Colony, Rajiv Nagar, Delhi - 110094, Near Jama  Masjid",+(91)-9910139540
Mool Chand Gopal Krishna Gr..,"Kali Nadi Road, Lalkuan, Bulandshahr - 203001, Mandi Gurush Ganj",+(91)-9927242886
Apana Masale,"AP Kaledhon, Vita Mayani Road, Bijapur Railway Station, Bijapur-Karnataka - 586104, Near Bank Of India",07947346129
Omjee Gaichhap Masala,"C 23, Lawrence Road Industrial Area, Delhi - 110035, Near Keshav Puram Metro. Station",07947229032
KBM Gai Chaap Masala,"B-19, Lawrence Road, Delhi - 110035, Industrial Area",07947227840
AB Mart,"Green City, Sambhal Hasanpur Road, Hasanpur, Jyotiba Phule Nagar - 244241, Opp Indian Oil Petrol Pump",+(91)-8171886868
Popular Masala,"Plot No. 36, Shobhapur Road, Adhartal, Jabalpur - 482004, Industrial Area",+(91)-0761-4007481
Alla Bandha Food Products,"No:584, Jama Masjid, Matia Mahal Road,, Jama Masjid, Delhi - 110006",+(91)-011-23282056
Terra Farmers,"Terra Farmers, Western Colony, Thakarwal, Ludhiana - 142022, Adjoinning Britannica International School",07947164250
Hari Sons INDIA Product,"B 38, Bharti Bhawan Road, Allahabad City, Allahabad - 211003, Loknath",07947278727
Vns Amulya Traders,"2B, 13 Line Main Road, AT Agraharam, Guntur - 522004, Opp Vasu Digital Studios",07947395841
Lakshmi Narasimha Trading C..,"Shop No 240, Mahatmagandhi Wholesale Commercial Complex, Gollapudi, Vijayawada - 521225, Mahendra Nagar",+(91)-866-2418655
Sreeja Dry Fruits & Spices,"RNG Apartment, Rashtrapati Road, Tanuku HO, Tanuku - 534211, Opposite Venkateshwara Swamy Temple",07947353220
Saravana Stores,"Chikmagalur Bus Stand, Chikmagalur - 577101, OPP Panduranga Coffee Works",+(91)-9845865999
Indian Foods,"Shop No 2, Kankanady, Mangalore - 575002, Behind Kankanady Market",+(91)-824-4281301
Kakkuzhiyil Traders,"Ooty Road, Meppadi, Wayanad - 673577, Near Cardamom Processing Unit Thinapuram",07947202922
Healthy Products,"#MIG 14, Opp TNEB Power Plant, Hosur, Hosur - 635110, Near Sishya School, Thally Road,",07947443535
Vanashree Products,"No 18, 6th Cross,Parallel Road, Chamarajpet, Bangalore - 560018",08045798533
R V Traders,"19 EBP Nagar, Veerappanchatram, Erode - 638004, PP Garden New Park",07947376248
Saravana Traders,"No 138, Sengunthapuram, Chithode, Erode - 638102, Near Old Police Station",07947376165
A-1 Aathi Traders,"79/70 Lalbagadur Street, Veerappanchatram, Erode - 638004",07947376071
Sri Rajalakshmi Traders,"24 Kandhayan Thottam, Sullai Bus Stand, Veerappanchatram, Erode - 638004, Near Nandhinimonokar  Hospital",07947376206
Poorna Exports,"No 12, Sampoornam Avenue, Vadapalani, Chennai - 600026, Near Ram Theatre Bus Stop",08045784073
Sujitha Enterprises,"Old No 4/203 New No 7/42a, Arogya Madha Street, Polichalur, Chennai - 600074, Opposite to Bus Terminus, Kalliamman Nagar",08045783782
Gs Traders,"GS TRADERS, Nethaji Road, Erode, Erode - 638107, ERODE MARKET",+(91)-0424-4031102
Jose Traders,"Big Bazar, Kozhikode - 673001, Near Raiway Station",+(91)-495-2702199
All Spices Markets,"Ginger Palace, Mattancherry, Ernakulam - 682002, Opposite Jeeva Matha Church",+(91)-9947063192
Prince Foods,"13,Arul Jyothi Street,, Thendral Nagar,, Tiruchirappalli Airport, Trichy - 620007",07947465070
Anu Foods Appalam Manufactu..,"No 3298, Tnhb Colony West Anuppanady, Anuppanady, Madurai - 625009, Near BSNL Exchange",+(91)-9894457999
Shree Bhagwati Flour & Food..,"Survey No 430, Changodar, Sanand - 382213, Sarkhej Bavla Highway, Village Moraiya",+(91)-2717-251871
Bharati Products,"414, Siddhanath Society, Shivaji Chowk, Bhiwandi, Bhiwandi - 421302, Near Sai Mandir",07947331991
Shraddha Masala,"Shop 2/A , Dwarka Bhai Niwas,, Dahanukar Wadi,Bunder Pakhadi, Kandivali West, Mumbai - 400067, Near Link Road",07947174690
Rajasthani Gold Masale,"Plot No :- J126/A, RICO INDUSTRIAL AREA, Bhawanimandi, Jhalawar - 326502",07947057007
Sajan Agencies,"Sajan Chambers, Anguri Bagh Road, Aurangabad HO, Aurangabad-Maharashtra - 431001, Behind Maratha High School",+(91)-9423955555
Rca Masala Udyog,"Kamla Nehru Nagar, JODHPUR - 342008, Near Arora Sweets",07947063990
Shree Ganesh Traders,"Shop Number 5 Sita Nagar, Dumping Road, Mulund West, Mumbai - 400080, Opposite BMC Godown",+(91)-8879112454
G S Foods,"AB Road, Dudhi, Mhow, Indore - 453441",+(91)-8519055011
Belokar Spices,"Annapurna Gruh Udyog, Aarnav Heights, Flat No  05, Dhruva Nagar, Gangapur Road, Nashik - 422013, Near Motiwala Collage",+(91)-9096000221
Amrut Industrial Products,"Chemical House, L B Shastri Marg, Gokul Nagar-Thane West, Thane - 400601, Next to Vardhaman Industrial Estate & Near Navneet Motors",+(91)-022-21722271
Hotel Firdaus & Firdaus Mas..,"Hotel Firdaus, Mohammed Ali Road(Khadka Road), Athawade Bazar, Bhusawal - 425201, Near Lal Building",07947080607
Sartaj Trading Co. Kirana,"Near Police Chowki Chelipura, Chelipura, Aurangabad-Maharashtra - 431001, Opp Easy Dental",+(91)-9823093264
Shri Samarth Enterprises an..,"College Road, Gokul Colony, Rahuri, Ahmednagar - 413705, Near Bhagarathibai Vidyalay",+(91)-9096405808
Apana Masale,"A/P Kaledhon, Vita Mayani Road, Pune City, Pune - 411002, Near Bank Of India",07947208543
Kohiinoor Mills,"Shahabaug, Puna Mahabaleshwar Road, Wai, Satara - 412803, Near Shahabaug",07947316798
Tandan Masale,"Pingalai Heights, Kathora Road,, Vmv Road, Amravati - 444604, Infront Of Rohini Park",07947444012
A Amratlal & Co,"Building No 406, Ebrahim Rahemtulla Raod, Pydhonie, Mumbai - 400003, Oppo- Pydhoni Police Station",+(91)-022-23461548
Vashugolden Pvt. Ltd.,"Khicharon Ka Baas, Jaipur Road, Sikar HO, Sikar - 332001",+(91)-9887887697
DailyCrate,"SATURNA, Near Darga, Saturna, Amravati - 444607, Near Delhi Public School",08045773171
Mangal Agencies,"New Line Ganga Shahar, Bikaner, Bikaner - 334001, Near Bafna School",07947285467
Ambica Enterprises,"Shop No. 7, Parag Plaza, Nagar Manmad Road, Savedi, Ahmednagar - 414003, Patrakr Chowk",+(91)-9819321232
Naeem Masala,"Shop No 23 and 24, Mirza Ghalib Market, Matka Gali, Null Bazar, Mumbai - 400003, Near Gol Deval Temple",+(91)-9029377451
Pravinam Traders,"Mansukh Building, Chitale Road, Dilli Gate, Ahmednagar - 414003, Near Dena Bank",+(91)-241-2551112
Amrutlal Bhurabhai Co,"Ground Floor, Anand Bhuvan Building, 17 Babu Genu Road, Princess Street, Mumbai - 400002, Near Union Bank Of India & Behind Lohar Chawl, Dawa Bazaar",+(91)-022-22191111
New Sakhi Enterprises,"Survey No. 22/5/1,, Tuljai Colony No. 2, Thergaon, Pune - 411033, Near Sancheti School",+(91)-9922379795
Swad Masale,"Main Road, Palus, Sangli - 416310, Near Sangram Bhavan",07947177044
Pandya & Sons,"Vasant Market Yard, Shop No 311, 1st Lane, Sangli HO, Sangli - 416416, Market Yard",07947364638
Sadguru Masale And Dryfruit..,"Sry No -78 /3 , Plot No-19, Row House No-1, Vasantnagar, Khed, Khed Wadhe, Satara - 415003",07947317238
G M Masale,"Hospital Road, Manerajuri, Sangli - 416408, Government Hospital",07947230575
Apana Masale,"A/p Kaledhon, Vita Mayani Road, Kaledhon Satara, Satara - 415312, Near Bank Of India",07947317286
Asuvara Masalewale,"Plot No M 28, Satara MIDC, Satara - 415004, Additional MIDC, Back Side Of Top Gear Company",07947316374
Girnar Industries,"Sai Datta Complex, 100 Ft Road, Sangli - 416416, Near D Mart",07947271019
Nakshatra Gruha Udyog,"263 E Ward Chaitanya Appartment, Main Road, Tarabai Park, Kolhapur - 416003, Behind Waman Hari Pethe Jewellers",07947250682
SMG PVT. LTD,"Near Sbi Bank Gokul 281303, Mathura - 281001",+(91)-7017023600
Apana Masale,"A P Kaledhon, Vita Mayani Road, Solapur City, Solapur - 413007, Near Bank Of India",07947364218
Shivanjali Food Products,"Shivanjali Food Products, Haydrabad Road Ghungrala, Ghungarala, Nanded - 431709, Near Bus Stop Ghungrala",08045795682
Shree Ram Trading Company,"Plot No 14, Market Yard, Pune Bangalore Highway, Umbraj, Karad - 415109",+(91)-2164-264612
Apana Masale,"A P Kaledhon, Vita Mayani Road, Omerga Osmanabad, Osmanabad - 413606, Near Bank Of India",07947321159
A1 Rajesh Masale,"1318,  C Ward, Laxmipuri, Kolhapur - 416002, Near Sabji Mandai",+(91)-0231-2644725
Shree Mahalaxmi Traders,"556/557 E Suresh Complex, Vyapari Peth, Shahupuri, Kolhapur - 416001, Near RBL Bank",+(91)-0231-2653376
Orggi Fresh,"C.S No.23/6/7,E, Kusum Heritage, Tarabai Park, Kolhapur - 416003, Opposite Pitali Ganpati Road",07947470662
Bhakalo Fruits and Vegetabl..,"16 Sahyadri Shopping Centre, Solapur Ho, Solapur - 413001, Near Old Employment Chowk ,Beside Kamat Hotel",07947466684
Gobhaarati BEST Quality Mil..,"Pavani Plaza, Vidya Nagar Road, Vidya Nagar, Hyderabad - 500044, Near Pavani Plaza",08045790534
Sri Sai Spices,"House No 1-10-65/2, Near Little Flower School,Temple Alwal, Alwal, Hyderabad - 500010, Ram Nagar Colony, Opposite Shivalayam Temple",08045792658
Balaji Trading Company,"Plot No. 85 Gyan Ram Gali No. 10 Deep Enclave Vikas Nagar Uttam Nagar, Uttam Nagar, Delhi - 110059",07947234835
The Grains,"Shop Number A2/7, Noida Sector 110, Noida - 201304, Near Kanhan Bhog",07947234211
Vanita Foods Pvt Ltd,"C 34, Mul Road, Chandrapur - 442401, Behind Adarsh Petrol Pump",07947338218
Guru Nanak Paneer Bhandar,"Building No4/9, Choti Sabji Mandi Janak Puri B1, Janakpuri, Delhi - 110058, Opposit Singh Sabha Gurudwara, Prem Nagar Tilak Nagar Metro Station Gate No 3",07947209953
Indian Special Spices,"Ssb Road, Sadhu Colony, Sri Ganganagar-Rajasthan - 335001",07947358771
Apana Masale,"Ap Kaledhon, Vita Mayani Road, Bagalkot, Bagalkot - 587101, Near Bank Of India",07947346237
Kedara Masala,"Shop Number,2932,Kinari Bazar,, Chandni Chowk, Delhi - 110006, Near Kinari Bazar",07947162529
Apana Masale,"AP Kaledhon, Vita Mayani Road, Bijapur Railway Station, Bijapur-Karnataka - 586104, Near Bank Of India",07947346129
Mool Chand Gopal Krishna Gr..,"Kali Nadi Road, Lalkuan, Bulandshahr - 203001, Mandi Gurush Ganj",+(91)-9927242886
Omjee Gaichhap Masala,"C 23, Lawrence Road Industrial Area, Delhi - 110035, Near Keshav Puram Metro. Station",07947229032
KBM Gai Chaap Masala,"B-19, Lawrence Road, Delhi - 110035, Industrial Area",07947227840
Popular Masala,"Plot No. 36, Shobhapur Road, Adhartal, Jabalpur - 482004, Industrial Area",+(91)-0761-4007481
AB Mart,"Green City, Sambhal Hasanpur Road, Hasanpur, Jyotiba Phule Nagar - 244241, Opp Indian Oil Petrol Pump",+(91)-8171886868
Shan Minar,"A Block Gali No 23,H No 1385, Shree Ram Colony, Rajiv Nagar, Delhi - 110094, Near Jama  Masjid",+(91)-9910139540
Alla Bandha Food Products,"No:584, Jama Masjid, Matia Mahal Road,, Jama Masjid, Delhi - 110006",+(91)-011-23282056
Hari Sons INDIA Product,"B 38, Bharti Bhawan Road, Allahabad City, Allahabad - 211003, Loknath",07947278727
Terra Farmers,"Terra Farmers, Western Colony, Thakarwal, Ludhiana - 142022, Adjoinning Britannica International School",07947164250
Vns Amulya Traders,"2B, 13 Line Main Road, AT Agraharam, Guntur - 522004, Opp Vasu Digital Studios",07947395841
Lakshmi Narasimha Trading C..,"Shop No 240, Mahatmagandhi Wholesale Commercial Complex, Gollapudi, Vijayawada - 521225, Mahendra Nagar",+(91)-866-2418655
Saravana Stores,"Chikmagalur Bus Stand, Chikmagalur - 577101, OPP Panduranga Coffee Works",+(91)-9845865999
Indian Foods,"Shop No 2, Kankanady, Mangalore - 575002, Behind Kankanady Market",+(91)-824-4281301
Sreeja Dry Fruits & Spices,"RNG Apartment, Rashtrapati Road, Tanuku HO, Tanuku - 534211, Opposite Venkateshwara Swamy Temple",07947353220
Kakkuzhiyil Traders,"Ooty Road, Meppadi, Wayanad - 673577, Near Cardamom Processing Unit Thinapuram",07947202922
Healthy Products,"#MIG 14, Opp TNEB Power Plant, Hosur, Hosur - 635110, Near Sishya School, Thally Road,",07947443535
Vanashree Products,"No 18, 6th Cross,Parallel Road, Chamarajpet, Bangalore - 560018",08045798533
R V Traders,"19 EBP Nagar, Veerappanchatram, Erode - 638004, PP Garden New Park",07947376248
A-1 Aathi Traders,"79/70 Lalbagadur Street, Veerappanchatram, Erode - 638004",07947376071
Sartaj Trading Co. Kirana,"Near Police Chowki Chelipura, Chelipura, Aurangabad-Maharashtra - 431001, Opp Easy Dental",+(91)-9823093264
Kohiinoor Mills,"Shahabaug, Puna Mahabaleshwar Road, Wai, Satara - 412803, Near Shahabaug",07947316798
Shri Samarth Enterprises an..,"College Road, Gokul Colony, Rahuri, Ahmednagar - 413705, Near Bhagarathibai Vidyalay",+(91)-9096405808
Apana Masale,"A/P Kaledhon, Vita Mayani Road, Pune City, Pune - 411002, Near Bank Of India",07947208543
Mangal Agencies,"New Line Ganga Shahar, Bikaner, Bikaner - 334001, Near Bafna School",07947285467
Ambica Enterprises,"Shop No. 7, Parag Plaza, Nagar Manmad Road, Savedi, Ahmednagar - 414003, Patrakr Chowk",+(91)-9819321232
New Sakhi Enterprises,"Survey No. 22/5/1,, Tuljai Colony No. 2, Thergaon, Pune - 411033, Near Sancheti School",+(91)-9922379795
Tandan Masale,"Pingalai Heights, Kathora Road,, Vmv Road, Amravati - 444604, Infront Of Rohini Park",07947444012
A Amratlal & Co,"Building No 406, Ebrahim Rahemtulla Raod, Pydhonie, Mumbai - 400003, Oppo- Pydhoni Police Station",+(91)-022-23461548
DailyCrate,"SATURNA, Near Darga, Saturna, Amravati - 444607, Near Delhi Public School",08045773171
Vashugolden Pvt. Ltd.,"Khicharon Ka Baas, Jaipur Road, Sikar HO, Sikar - 332001",+(91)-9887887697
Amrutlal Bhurabhai Co,"Ground Floor, Anand Bhuvan Building, 17 Babu Genu Road, Princess Street, Mumbai - 400002, Near Union Bank Of India & Behind Lohar Chawl, Dawa Bazaar",+(91)-022-22191111
Naeem Masala,"Shop No 23 and 24, Mirza Ghalib Market, Matka Gali, Null Bazar, Mumbai - 400003, Near Gol Deval Temple",+(91)-9029377451
Pravinam Traders,"Mansukh Building, Chitale Road, Dilli Gate, Ahmednagar - 414003, Near Dena Bank",+(91)-241-2551112
Swad Masale,"Main Road, Palus, Sangli - 416310, Near Sangram Bhavan",07947177044
Apana Masale,"A/p Kaledhon, Vita Mayani Road, Kaledhon Satara, Satara - 415312, Near Bank Of India",07947317286
Shivanjali Food Products,"Shivanjali Food Products, Haydrabad Road Ghungrala, Ghungarala, Nanded - 431709, Near Bus Stop Ghungrala",08045795682
Asuvara Masalewale,"Plot No M 28, Satara MIDC, Satara - 415004, Additional MIDC, Back Side Of Top Gear Company",07947316374
G M Masale,"Hospital Road, Manerajuri, Sangli - 416408, Government Hospital",07947230575
Sadguru Masale And Dryfruit..,"Sry No -78 /3 , Plot No-19, Row House No-1, Vasantnagar, Khed, Khed Wadhe, Satara - 415003",07947317238
Pandya & Sons,"Vasant Market Yard, Shop No 311, 1st Lane, Sangli HO, Sangli - 416416, Market Yard",07947364638
Orggi Fresh,"C.S No.23/6/7,E, Kusum Heritage, Tarabai Park, Kolhapur - 416003, Opposite Pitali Ganpati Road",07947470662
Apana Masale,"A P Kaledhon, Vita Mayani Road, Omerga Osmanabad, Osmanabad - 413606, Near Bank Of India",07947321159
Girnar Industries,"Sai Datta Complex, 100 Ft Road, Sangli - 416416, Near D Mart",07947271019
Apana Masale,"A P Kaledhon, Vita Mayani Road, Solapur City, Solapur - 413007, Near Bank Of India",07947364218
Nakshatra Gruha Udyog,"263 E Ward Chaitanya Appartment, Main Road, Tarabai Park, Kolhapur - 416003, Behind Waman Hari Pethe Jewellers",07947250682
SMG PVT. LTD,"Near Sbi Bank Gokul 281303, Mathura - 281001",+(91)-7017023600
Shree Mahalaxmi Traders,"556/557 E Suresh Complex, Vyapari Peth, Shahupuri, Kolhapur - 416001, Near RBL Bank",+(91)-0231-2653376
A1 Rajesh Masale,"1318,  C Ward, Laxmipuri, Kolhapur - 416002, Near Sabji Mandai",+(91)-0231-2644725
Shree Ram Trading Company,"Plot No 14, Market Yard, Pune Bangalore Highway, Umbraj, Karad - 415109",+(91)-2164-264612
Bhakalo Fruits and Vegetabl..,"16 Sahyadri Shopping Centre, Solapur Ho, Solapur - 413001, Near Old Employment Chowk ,Beside Kamat Hotel",07947466684
The Grains,"Shop Number A2/7, Noida Sector 110, Noida - 201304, Near Kanhan Bhog",07947234211
Gobhaarati BEST Quality Mil..,"Pavani Plaza, Vidya Nagar Road, Vidya Nagar, Hyderabad - 500044, Near Pavani Plaza",08045790534
Shan Minar,"A Block Gali No 23,H No 1385, Shree Ram Colony, Rajiv Nagar, Delhi - 110094, Near Jama  Masjid",+(91)-9910139540
Sri Sai Spices,"House No 1-10-65/2, Near Little Flower School,Temple Alwal, Alwal, Hyderabad - 500010, Ram Nagar Colony, Opposite Shivalayam Temple",08045792658
Balaji Trading Company,"Plot No. 85 Gyan Ram Gali No. 10 Deep Enclave Vikas Nagar Uttam Nagar, Uttam Nagar, Delhi - 110059",07947234835
Vanita Foods Pvt Ltd,"C 34, Mul Road, Chandrapur - 442401, Behind Adarsh Petrol Pump",07947338218
Guru Nanak Paneer Bhandar,"Building No4/9, Choti Sabji Mandi Janak Puri B1, Janakpuri, Delhi - 110058, Opposit Singh Sabha Gurudwara, Prem Nagar Tilak Nagar Metro Station Gate No 3",07947209953
Apana Masale,"AP Kaledhon, Vita Mayani Road, Bijapur Railway Station, Bijapur-Karnataka - 586104, Near Bank Of India",07947346129
Apana Masale,"Ap Kaledhon, Vita Mayani Road, Bagalkot, Bagalkot - 587101, Near Bank Of India",07947346237
Indian Special Spices,"Ssb Road, Sadhu Colony, Sri Ganganagar-Rajasthan - 335001",07947358771
Popular Masala,"Plot No. 36, Shobhapur Road, Adhartal, Jabalpur - 482004, Industrial Area",+(91)-0761-4007481
AB Mart,"Green City, Sambhal Hasanpur Road, Hasanpur, Jyotiba Phule Nagar - 244241, Opp Indian Oil Petrol Pump",+(91)-8171886868
KBM Gai Chaap Masala,"B-19, Lawrence Road, Delhi - 110035, Industrial Area",07947227840
Omjee Gaichhap Masala,"C 23, Lawrence Road Industrial Area, Delhi - 110035, Near Keshav Puram Metro. Station",07947229032
Mool Chand Gopal Krishna Gr..,"Kali Nadi Road, Lalkuan, Bulandshahr - 203001, Mandi Gurush Ganj",+(91)-9927242886
Kedara Masala,"Shop Number,2932,Kinari Bazar,, Chandni Chowk, Delhi - 110006, Near Kinari Bazar",07947162529
Alla Bandha Food Products,"No:584, Jama Masjid, Matia Mahal Road,, Jama Masjid, Delhi - 110006",+(91)-011-23282056
Terra Farmers,"Terra Farmers, Western Colony, Thakarwal, Ludhiana - 142022, Adjoinning Britannica International School",07947164250
Hari Sons INDIA Product,"B 38, Bharti Bhawan Road, Allahabad City, Allahabad - 211003, Loknath",07947278727
Sreeja Dry Fruits & Spices,"RNG Apartment, Rashtrapati Road, Tanuku HO, Tanuku - 534211, Opposite Venkateshwara Swamy Temple",07947353220
Vns Amulya Traders,"2B, 13 Line Main Road, AT Agraharam, Guntur - 522004, Opp Vasu Digital Studios",07947395841
Lakshmi Narasimha Trading C..,"Shop No 240, Mahatmagandhi Wholesale Commercial Complex, Gollapudi, Vijayawada - 521225, Mahendra Nagar",+(91)-866-2418655
Saravana Stores,"Chikmagalur Bus Stand, Chikmagalur - 577101, OPP Panduranga Coffee Works",+(91)-9845865999
Indian Foods,"Shop No 2, Kankanady, Mangalore - 575002, Behind Kankanady Market",+(91)-824-4281301
Healthy Products,"#MIG 14, Opp TNEB Power Plant, Hosur, Hosur - 635110, Near Sishya School, Thally Road,",07947443535
Kakkuzhiyil Traders,"Ooty Road, Meppadi, Wayanad - 673577, Near Cardamom Processing Unit Thinapuram",07947202922
Vanashree Products,"No 18, 6th Cross,Parallel Road, Chamarajpet, Bangalore - 560018",08045798533
A-1 Aathi Traders,"79/70 Lalbagadur Street, Veerappanchatram, Erode - 638004",07947376071
Saravana Traders,"No 138, Sengunthapuram, Chithode, Erode - 638102, Near Old Police Station",07947376165
R V Traders,"19 EBP Nagar, Veerappanchatram, Erode - 638004, PP Garden New Park",07947376248
Sujitha Enterprises,"Old No 4/203 New No 7/42a, Arogya Madha Street, Polichalur, Chennai - 600074, Opposite to Bus Terminus, Kalliamman Nagar",08045783782
Jose Traders,"Big Bazar, Kozhikode - 673001, Near Raiway Station",+(91)-495-2702199
Gs Traders,"GS TRADERS, Nethaji Road, Erode, Erode - 638107, ERODE MARKET",+(91)-0424-4031102
Poorna Exports,"No 12, Sampoornam Avenue, Vadapalani, Chennai - 600026, Near Ram Theatre Bus Stop",08045784073
Sri Rajalakshmi Traders,"24 Kandhayan Thottam, Sullai Bus Stand, Veerappanchatram, Erode - 638004, Near Nandhinimonokar  Hospital",07947376206
All Spices Markets,"Ginger Palace, Mattancherry, Ernakulam - 682002, Opposite Jeeva Matha Church",+(91)-9947063192
Prince Foods,"13,Arul Jyothi Street,, Thendral Nagar,, Tiruchirappalli Airport, Trichy - 620007",07947465070
Anu Foods Appalam Manufactu..,"No 3298, Tnhb Colony West Anuppanady, Anuppanady, Madurai - 625009, Near BSNL Exchange",+(91)-9894457999
Shree Bhagwati Flour & Food..,"Survey No 430, Changodar, Sanand - 382213, Sarkhej Bavla Highway, Village Moraiya",+(91)-2717-251871
Pravinam Traders,"Mansukh Building, Chitale Road, Dilli Gate, Ahmednagar - 414003, Near Dena Bank",+(91)-241-2551112
New Sakhi Enterprises,"Survey No. 22/5/1,, Tuljai Colony No. 2, Thergaon, Pune - 411033, Near Sancheti School",+(91)-9922379795
Ambica Enterprises,"Shop No. 7, Parag Plaza, Nagar Manmad Road, Savedi, Ahmednagar - 414003, Patrakr Chowk",+(91)-9819321232
Amrutlal Bhurabhai Co,"Ground Floor, Anand Bhuvan Building, 17 Babu Genu Road, Princess Street, Mumbai - 400002, Near Union Bank Of India & Behind Lohar Chawl, Dawa Bazaar",+(91)-022-22191111
Swad Masale,"Main Road, Palus, Sangli - 416310, Near Sangram Bhavan",07947177044
Pandya & Sons,"Vasant Market Yard, Shop No 311, 1st Lane, Sangli HO, Sangli - 416416, Market Yard",07947364638
Sadguru Masale And Dryfruit..,"Sry No -78 /3 , Plot No-19, Row House No-1, Vasantnagar, Khed, Khed Wadhe, Satara - 415003",07947317238
G M Masale,"Hospital Road, Manerajuri, Sangli - 416408, Government Hospital",07947230575
Apana Masale,"A/p Kaledhon, Vita Mayani Road, Kaledhon Satara, Satara - 415312, Near Bank Of India",07947317286
Asuvara Masalewale,"Plot No M 28, Satara MIDC, Satara - 415004, Additional MIDC, Back Side Of Top Gear Company",07947316374
Girnar Industries,"Sai Datta Complex, 100 Ft Road, Sangli - 416416, Near D Mart",07947271019
Nakshatra Gruha Udyog,"263 E Ward Chaitanya Appartment, Main Road, Tarabai Park, Kolhapur - 416003, Behind Waman Hari Pethe Jewellers",07947250682
SMG PVT. LTD,"Near Sbi Bank Gokul 281303, Mathura - 281001",+(91)-7017023600
Apana Masale,"A P Kaledhon, Vita Mayani Road, Solapur City, Solapur - 413007, Near Bank Of India",07947364218
Shree Ram Trading Company,"Plot No 14, Market Yard, Pune Bangalore Highway, Umbraj, Karad - 415109",+(91)-2164-264612
Orggi Fresh,"C.S No.23/6/7,E, Kusum Heritage, Tarabai Park, Kolhapur - 416003, Opposite Pitali Ganpati Road",07947470662
A1 Rajesh Masale,"1318,  C Ward, Laxmipuri, Kolhapur - 416002, Near Sabji Mandai",+(91)-0231-2644725
Apana Masale,"A P Kaledhon, Vita Mayani Road, Omerga Osmanabad, Osmanabad - 413606, Near Bank Of India",07947321159
Shree Mahalaxmi Traders,"556/557 E Suresh Complex, Vyapari Peth, Shahupuri, Kolhapur - 416001, Near RBL Bank",+(91)-0231-2653376
Shivanjali Food Products,"Shivanjali Food Products, Haydrabad Road Ghungrala, Ghungarala, Nanded - 431709, Near Bus Stop Ghungrala",08045795682
Bhakalo Fruits and Vegetabl..,"16 Sahyadri Shopping Centre, Solapur Ho, Solapur - 413001, Near Old Employment Chowk ,Beside Kamat Hotel",07947466684
Gobhaarati BEST Quality Mil..,"Pavani Plaza, Vidya Nagar Road, Vidya Nagar, Hyderabad - 500044, Near Pavani Plaza",08045790534
Sri Sai Spices,"House No 1-10-65/2, Near Little Flower School,Temple Alwal, Alwal, Hyderabad - 500010, Ram Nagar Colony, Opposite Shivalayam Temple",08045792658
Balaji Trading Company,"Plot No. 85 Gyan Ram Gali No. 10 Deep Enclave Vikas Nagar Uttam Nagar, Uttam Nagar, Delhi - 110059",07947234835
Vanita Foods Pvt Ltd,"C 34, Mul Road, Chandrapur - 442401, Behind Adarsh Petrol Pump",07947338218
Guru Nanak Paneer Bhandar,"Building No4/9, Choti Sabji Mandi Janak Puri B1, Janakpuri, Delhi - 110058, Opposit Singh Sabha Gurudwara, Prem Nagar Tilak Nagar Metro Station Gate No 3",07947209953
Apana Masale,"Ap Kaledhon, Vita Mayani Road, Bagalkot, Bagalkot - 587101, Near Bank Of India",07947346237
Indian Special Spices,"Ssb Road, Sadhu Colony, Sri Ganganagar-Rajasthan - 335001",07947358771
The Grains,"Shop Number A2/7, Noida Sector 110, Noida - 201304, Near Kanhan Bhog",07947234211
Kedara Masala,"Shop Number,2932,Kinari Bazar,, Chandni Chowk, Delhi - 110006, Near Kinari Bazar",07947162529
Apana Masale,"AP Kaledhon, Vita Mayani Road, Bijapur Railway Station, Bijapur-Karnataka - 586104, Near Bank Of India",07947346129
Mool Chand Gopal Krishna Gr..,"Kali Nadi Road, Lalkuan, Bulandshahr - 203001, Mandi Gurush Ganj",+(91)-9927242886
Omjee Gaichhap Masala,"C 23, Lawrence Road Industrial Area, Delhi - 110035, Near Keshav Puram Metro. Station",07947229032
Shan Minar,"A Block Gali No 23,H No 1385, Shree Ram Colony, Rajiv Nagar, Delhi - 110094, Near Jama  Masjid",+(91)-9910139540
KBM Gai Chaap Masala,"B-19, Lawrence Road, Delhi - 110035, Industrial Area",07947227840
Popular Masala,"Plot No. 36, Shobhapur Road, Adhartal, Jabalpur - 482004, Industrial Area",+(91)-0761-4007481
AB Mart,"Green City, Sambhal Hasanpur Road, Hasanpur, Jyotiba Phule Nagar - 244241, Opp Indian Oil Petrol Pump",+(91)-8171886868
Alla Bandha Food Products,"No:584, Jama Masjid, Matia Mahal Road,, Jama Masjid, Delhi - 110006",+(91)-011-23282056
Hari Sons INDIA Product,"B 38, Bharti Bhawan Road, Allahabad City, Allahabad - 211003, Loknath",07947278727
Terra Farmers,"Terra Farmers, Western Colony, Thakarwal, Ludhiana - 142022, Adjoinning Britannica International School",07947164250
Vns Amulya Traders,"2B, 13 Line Main Road, AT Agraharam, Guntur - 522004, Opp Vasu Digital Studios",07947395841
Lakshmi Narasimha Trading C..,"Shop No 240, Mahatmagandhi Wholesale Commercial Complex, Gollapudi, Vijayawada - 521225, Mahendra Nagar",+(91)-866-2418655
Saravana Stores,"Chikmagalur Bus Stand, Chikmagalur - 577101, OPP Panduranga Coffee Works",+(91)-9845865999
Sreeja Dry Fruits & Spices,"RNG Apartment, Rashtrapati Road, Tanuku HO, Tanuku - 534211, Opposite Venkateshwara Swamy Temple",07947353220
Indian Foods,"Shop No 2, Kankanady, Mangalore - 575002, Behind Kankanady Market",+(91)-824-4281301
Kakkuzhiyil Traders,"Ooty Road, Meppadi, Wayanad - 673577, Near Cardamom Processing Unit Thinapuram",07947202922
Healthy Products,"#MIG 14, Opp TNEB Power Plant, Hosur, Hosur - 635110, Near Sishya School, Thally Road,",07947443535
Vanashree Products,"No 18, 6th Cross,Parallel Road, Chamarajpet, Bangalore - 560018",08045798533
R V Traders,"19 EBP Nagar, Veerappanchatram, Erode - 638004, PP Garden New Park",07947376248
Saravana Traders,"No 138, Sengunthapuram, Chithode, Erode - 638102, Near Old Police Station",07947376165
A-1 Aathi Traders,"79/70 Lalbagadur Street, Veerappanchatram, Erode - 638004",07947376071
Sri Rajalakshmi Traders,"24 Kandhayan Thottam, Sullai Bus Stand, Veerappanchatram, Erode - 638004, Near Nandhinimonokar  Hospital",07947376206
Poorna Exports,"No 12, Sampoornam Avenue, Vadapalani, Chennai - 600026, Near Ram Theatre Bus Stop",08045784073
Sujitha Enterprises,"Old No 4/203 New No 7/42a, Arogya Madha Street, Polichalur, Chennai - 600074, Opposite to Bus Terminus, Kalliamman Nagar",08045783782
Jose Traders,"Big Bazar, Kozhikode - 673001, Near Raiway Station",+(91)-495-2702199
Gs Traders,"GS TRADERS, Nethaji Road, Erode, Erode - 638107, ERODE MARKET",+(91)-0424-4031102
Prince Foods,"13,Arul Jyothi Street,, Thendral Nagar,, Tiruchirappalli Airport, Trichy - 620007",07947465070
All Spices Markets,"Ginger Palace, Mattancherry, Ernakulam - 682002, Opposite Jeeva Matha Church",+(91)-9947063192
Anu Foods Appalam Manufactu..,"No 3298, Tnhb Colony West Anuppanady, Anuppanady, Madurai - 625009, Near BSNL Exchange",+(91)-9894457999
Shree Bhagwati Flour & Food..,"Survey No 430, Changodar, Sanand - 382213, Sarkhej Bavla Highway, Village Moraiya",+(91)-2717-251871
Asuvara Masalewale,"Plot No M 28, Satara MIDC, Satara - 415004, Additional MIDC, Back Side Of Top Gear Company",07947316374
Girnar Industries,"Sai Datta Complex, 100 Ft Road, Sangli - 416416, Near D Mart",07947271019
Orggi Fresh,"C.S No.23/6/7,E, Kusum Heritage, Tarabai Park, Kolhapur - 416003, Opposite Pitali Ganpati Road",07947470662
Nakshatra Gruha Udyog,"263 E Ward Chaitanya Appartment, Main Road, Tarabai Park, Kolhapur - 416003, Behind Waman Hari Pethe Jewellers",07947250682
Apana Masale,"A P Kaledhon, Vita Mayani Road, Omerga Osmanabad, Osmanabad - 413606, Near Bank Of India",07947321159
Apana Masale,"A P Kaledhon, Vita Mayani Road, Solapur City, Solapur - 413007, Near Bank Of India",07947364218
SMG PVT. LTD,"Near Sbi Bank Gokul 281303, Mathura - 281001",+(91)-7017023600
Shree Ram Trading Company,"Plot No 14, Market Yard, Pune Bangalore Highway, Umbraj, Karad - 415109",+(91)-2164-264612
A1 Rajesh Masale,"1318,  C Ward, Laxmipuri, Kolhapur - 416002, Near Sabji Mandai",+(91)-0231-2644725
Shree Mahalaxmi Traders,"556/557 E Suresh Complex, Vyapari Peth, Shahupuri, Kolhapur - 416001, Near RBL Bank",+(91)-0231-2653376
Bhakalo Fruits and Vegetabl..,"16 Sahyadri Shopping Centre, Solapur Ho, Solapur - 413001, Near Old Employment Chowk ,Beside Kamat Hotel",07947466684
The Grains,"Shop Number A2/7, Noida Sector 110, Noida - 201304, Near Kanhan Bhog",07947234211
Gobhaarati BEST Quality Mil..,"Pavani Plaza, Vidya Nagar Road, Vidya Nagar, Hyderabad - 500044, Near Pavani Plaza",08045790534
Shan Minar,"A Block Gali No 23,H No 1385, Shree Ram Colony, Rajiv Nagar, Delhi - 110094, Near Jama  Masjid",+(91)-9910139540
Vanita Foods Pvt Ltd,"C 34, Mul Road, Chandrapur - 442401, Behind Adarsh Petrol Pump",07947338218
Guru Nanak Paneer Bhandar,"Building No4/9, Choti Sabji Mandi Janak Puri B1, Janakpuri, Delhi - 110058, Opposit Singh Sabha Gurudwara, Prem Nagar Tilak Nagar Metro Station Gate No 3",07947209953
Apana Masale,"Ap Kaledhon, Vita Mayani Road, Bagalkot, Bagalkot - 587101, Near Bank Of India",07947346237
Apana Masale,"AP Kaledhon, Vita Mayani Road, Bijapur Railway Station, Bijapur-Karnataka - 586104, Near Bank Of India",07947346129
AB Mart,"Green City, Sambhal Hasanpur Road, Hasanpur, Jyotiba Phule Nagar - 244241, Opp Indian Oil Petrol Pump",+(91)-8171886868
Balaji Trading Company,"Plot No. 85 Gyan Ram Gali No. 10 Deep Enclave Vikas Nagar Uttam Nagar, Uttam Nagar, Delhi - 110059",07947234835
Popular Masala,"Plot No. 36, Shobhapur Road, Adhartal, Jabalpur - 482004, Industrial Area",+(91)-0761-4007481
Indian Special Spices,"Ssb Road, Sadhu Colony, Sri Ganganagar-Rajasthan - 335001",07947358771
Kedara Masala,"Shop Number,2932,Kinari Bazar,, Chandni Chowk, Delhi - 110006, Near Kinari Bazar",07947162529
KBM Gai Chaap Masala,"B-19, Lawrence Road, Delhi - 110035, Industrial Area",07947227840
Sri Sai Spices,"House No 1-10-65/2, Near Little Flower School,Temple Alwal, Alwal, Hyderabad - 500010, Ram Nagar Colony, Opposite Shivalayam Temple",08045792658
Omjee Gaichhap Masala,"C 23, Lawrence Road Industrial Area, Delhi - 110035, Near Keshav Puram Metro. Station",07947229032
Mool Chand Gopal Krishna Gr..,"Kali Nadi Road, Lalkuan, Bulandshahr - 203001, Mandi Gurush Ganj",+(91)-9927242886
Alla Bandha Food Products,"No:584, Jama Masjid, Matia Mahal Road,, Jama Masjid, Delhi - 110006",+(91)-011-23282056
Terra Farmers,"Terra Farmers, Western Colony, Thakarwal, Ludhiana - 142022, Adjoinning Britannica International School",07947164250
Hari Sons INDIA Product,"B 38, Bharti Bhawan Road, Allahabad City, Allahabad - 211003, Loknath",07947278727
Sreeja Dry Fruits & Spices,"RNG Apartment, Rashtrapati Road, Tanuku HO, Tanuku - 534211, Opposite Venkateshwara Swamy Temple",07947353220
Vns Amulya Traders,"2B, 13 Line Main Road, AT Agraharam, Guntur - 522004, Opp Vasu Digital Studios",07947395841
Lakshmi Narasimha Trading C..,"Shop No 240, Mahatmagandhi Wholesale Commercial Complex, Gollapudi, Vijayawada - 521225, Mahendra Nagar",+(91)-866-2418655
Saravana Stores,"Chikmagalur Bus Stand, Chikmagalur - 577101, OPP Panduranga Coffee Works",+(91)-9845865999
Indian Foods,"Shop No 2, Kankanady, Mangalore - 575002, Behind Kankanady Market",+(91)-824-4281301
Kakkuzhiyil Traders,"Ooty Road, Meppadi, Wayanad - 673577, Near Cardamom Processing Unit Thinapuram",07947202922
Healthy Products,"#MIG 14, Opp TNEB Power Plant, Hosur, Hosur - 635110, Near Sishya School, Thally Road,",07947443535
Vanashree Products,"No 18, 6th Cross,Parallel Road, Chamarajpet, Bangalore - 560018",08045798533
A-1 Aathi Traders,"79/70 Lalbagadur Street, Veerappanchatram, Erode - 638004",07947376071
Saravana Traders,"No 138, Sengunthapuram, Chithode, Erode - 638102, Near Old Police Station",07947376165
R V Traders,"19 EBP Nagar, Veerappanchatram, Erode - 638004, PP Garden New Park",07947376248
Sri Rajalakshmi Traders,"24 Kandhayan Thottam, Sullai Bus Stand, Veerappanchatram, Erode - 638004, Near Nandhinimonokar  Hospital",07947376206
Sujitha Enterprises,"Old No 4/203 New No 7/42a, Arogya Madha Street, Polichalur, Chennai - 600074, Opposite to Bus Terminus, Kalliamman Nagar",08045783782
Poorna Exports,"No 12, Sampoornam Avenue, Vadapalani, Chennai - 600026, Near Ram Theatre Bus Stop",08045784073
Jose Traders,"Big Bazar, Kozhikode - 673001, Near Raiway Station",+(91)-495-2702199
Gs Traders,"GS TRADERS, Nethaji Road, Erode, Erode - 638107, ERODE MARKET",+(91)-0424-4031102
All Spices Markets,"Ginger Palace, Mattancherry, Ernakulam - 682002, Opposite Jeeva Matha Church",+(91)-9947063192
Prince Foods,"13,Arul Jyothi Street,, Thendral Nagar,, Tiruchirappalli Airport, Trichy - 620007",07947465070
Anu Foods Appalam Manufactu..,"No 3298, Tnhb Colony West Anuppanady, Anuppanady, Madurai - 625009, Near BSNL Exchange",+(91)-9894457999
Shree Bhagwati Flour & Food..,"Survey No 430, Changodar, Sanand - 382213, Sarkhej Bavla Highway, Village Moraiya",+(91)-2717-251871
Bhakalo Fruits and Vegetabl..,"16 Sahyadri Shopping Centre, Solapur Ho, Solapur - 413001, Near Old Employment Chowk ,Beside Kamat Hotel",07947466684
Gobhaarati BEST Quality Mil..,"Pavani Plaza, Vidya Nagar Road, Vidya Nagar, Hyderabad - 500044, Near Pavani Plaza",08045790534
Sri Sai Spices,"House No 1-10-65/2, Near Little Flower School,Temple Alwal, Alwal, Hyderabad - 500010, Ram Nagar Colony, Opposite Shivalayam Temple",08045792658
Balaji Trading Company,"Plot No. 85 Gyan Ram Gali No. 10 Deep Enclave Vikas Nagar Uttam Nagar, Uttam Nagar, Delhi - 110059",07947234835
The Grains,"Shop Number A2/7, Noida Sector 110, Noida - 201304, Near Kanhan Bhog",07947234211
Vanita Foods Pvt Ltd,"C 34, Mul Road, Chandrapur - 442401, Behind Adarsh Petrol Pump",07947338218
Guru Nanak Paneer Bhandar,"Building No4/9, Choti Sabji Mandi Janak Puri B1, Janakpuri, Delhi - 110058, Opposit Singh Sabha Gurudwara, Prem Nagar Tilak Nagar Metro Station Gate No 3",07947209953
Indian Special Spices,"Ssb Road, Sadhu Colony, Sri Ganganagar-Rajasthan - 335001",07947358771
Apana Masale,"Ap Kaledhon, Vita Mayani Road, Bagalkot, Bagalkot - 587101, Near Bank Of India",07947346237
Kedara Masala,"Shop Number,2932,Kinari Bazar,, Chandni Chowk, Delhi - 110006, Near Kinari Bazar",07947162529
Apana Masale,"AP Kaledhon, Vita Mayani Road, Bijapur Railway Station, Bijapur-Karnataka - 586104, Near Bank Of India",07947346129
Mool Chand Gopal Krishna Gr..,"Kali Nadi Road, Lalkuan, Bulandshahr - 203001, Mandi Gurush Ganj",+(91)-9927242886
Omjee Gaichhap Masala,"C 23, Lawrence Road Industrial Area, Delhi - 110035, Near Keshav Puram Metro. Station",07947229032
KBM Gai Chaap Masala,"B-19, Lawrence Road, Delhi - 110035, Industrial Area",07947227840
Popular Masala,"Plot No. 36, Shobhapur Road, Adhartal, Jabalpur - 482004, Industrial Area",+(91)-0761-4007481
Shan Minar,"A Block Gali No 23,H No 1385, Shree Ram Colony, Rajiv Nagar, Delhi - 110094, Near Jama  Masjid",+(91)-9910139540
AB Mart,"Green City, Sambhal Hasanpur Road, Hasanpur, Jyotiba Phule Nagar - 244241, Opp Indian Oil Petrol Pump",+(91)-8171886868
Alla Bandha Food Products,"No:584, Jama Masjid, Matia Mahal Road,, Jama Masjid, Delhi - 110006",+(91)-011-23282056
Hari Sons INDIA Product,"B 38, Bharti Bhawan Road, Allahabad City, Allahabad - 211003, Loknath",07947278727
Terra Farmers,"Terra Farmers, Western Colony, Thakarwal, Ludhiana - 142022, Adjoinning Britannica International School",07947164250
Vns Amulya Traders,"2B, 13 Line Main Road, AT Agraharam, Guntur - 522004, Opp Vasu Digital Studios",07947395841
Lakshmi Narasimha Trading C..,"Shop No 240, Mahatmagandhi Wholesale Commercial Complex, Gollapudi, Vijayawada - 521225, Mahendra Nagar",+(91)-866-2418655
Saravana Stores,"Chikmagalur Bus Stand, Chikmagalur - 577101, OPP Panduranga Coffee Works",+(91)-9845865999
Indian Foods,"Shop No 2, Kankanady, Mangalore - 575002, Behind Kankanady Market",+(91)-824-4281301
Sreeja Dry Fruits & Spices,"RNG Apartment, Rashtrapati Road, Tanuku HO, Tanuku - 534211, Opposite Venkateshwara Swamy Temple",07947353220
Kakkuzhiyil Traders,"Ooty Road, Meppadi, Wayanad - 673577, Near Cardamom Processing Unit Thinapuram",07947202922
Healthy Products,"#MIG 14, Opp TNEB Power Plant, Hosur, Hosur - 635110, Near Sishya School, Thally Road,",07947443535
Vanashree Products,"No 18, 6th Cross,Parallel Road, Chamarajpet, Bangalore - 560018",08045798533
R V Traders,"19 EBP Nagar, Veerappanchatram, Erode - 638004, PP Garden New Park",07947376248
A-1 Aathi Traders,"79/70 Lalbagadur Street, Veerappanchatram, Erode - 638004",07947376071
Saravana Traders,"No 138, Sengunthapuram, Chithode, Erode - 638102, Near Old Police Station",07947376165
Sri Rajalakshmi Traders,"24 Kandhayan Thottam, Sullai Bus Stand, Veerappanchatram, Erode - 638004, Near Nandhinimonokar  Hospital",07947376206
Poorna Exports,"No 12, Sampoornam Avenue, Vadapalani, Chennai - 600026, Near Ram Theatre Bus Stop",08045784073
Jose Traders,"Big Bazar, Kozhikode - 673001, Near Raiway Station",+(91)-495-2702199
Sujitha Enterprises,"Old No 4/203 New No 7/42a, Arogya Madha Street, Polichalur, Chennai - 600074, Opposite to Bus Terminus, Kalliamman Nagar",08045783782
Gs Traders,"GS TRADERS, Nethaji Road, Erode, Erode - 638107, ERODE MARKET",+(91)-0424-4031102
Prince Foods,"13,Arul Jyothi Street,, Thendral Nagar,, Tiruchirappalli Airport, Trichy - 620007",07947465070
Anu Foods Appalam Manufactu..,"No 3298, Tnhb Colony West Anuppanady, Anuppanady, Madurai - 625009, Near BSNL Exchange",+(91)-9894457999
All Spices Markets,"Ginger Palace, Mattancherry, Ernakulam - 682002, Opposite Jeeva Matha Church",+(91)-9947063192
Shree Bhagwati Flour & Food..,"Survey No 430, Changodar, Sanand - 382213, Sarkhej Bavla Highway, Village Moraiya",+(91)-2717-251871
Indian Special Spices,"Ssb Road, Sadhu Colony, Sri Ganganagar-Rajasthan - 335001",07947358771
Popular Masala,"Plot No. 36, Shobhapur Road, Adhartal, Jabalpur - 482004, Industrial Area",+(91)-0761-4007481
AB Mart,"Green City, Sambhal Hasanpur Road, Hasanpur, Jyotiba Phule Nagar - 244241, Opp Indian Oil Petrol Pump",+(91)-8171886868
KBM Gai Chaap Masala,"B-19, Lawrence Road, Delhi - 110035, Industrial Area",07947227840
Omjee Gaichhap Masala,"C 23, Lawrence Road Industrial Area, Delhi - 110035, Near Keshav Puram Metro. Station",07947229032
Mool Chand Gopal Krishna Gr..,"Kali Nadi Road, Lalkuan, Bulandshahr - 203001, Mandi Gurush Ganj",+(91)-9927242886
Kedara Masala,"Shop Number,2932,Kinari Bazar,, Chandni Chowk, Delhi - 110006, Near Kinari Bazar",07947162529
Alla Bandha Food Products,"No:584, Jama Masjid, Matia Mahal Road,, Jama Masjid, Delhi - 110006",+(91)-011-23282056
Terra Farmers,"Terra Farmers, Western Colony, Thakarwal, Ludhiana - 142022, Adjoinning Britannica International School",07947164250
Hari Sons INDIA Product,"B 38, Bharti Bhawan Road, Allahabad City, Allahabad - 211003, Loknath",07947278727
Sreeja Dry Fruits & Spices,"RNG Apartment, Rashtrapati Road, Tanuku HO, Tanuku - 534211, Opposite Venkateshwara Swamy Temple",07947353220
Vns Amulya Traders,"2B, 13 Line Main Road, AT Agraharam, Guntur - 522004, Opp Vasu Digital Studios",07947395841
Lakshmi Narasimha Trading C..,"Shop No 240, Mahatmagandhi Wholesale Commercial Complex, Gollapudi, Vijayawada - 521225, Mahendra Nagar",+(91)-866-2418655
Saravana Stores,"Chikmagalur Bus Stand, Chikmagalur - 577101, OPP Panduranga Coffee Works",+(91)-9845865999
Indian Foods,"Shop No 2, Kankanady, Mangalore - 575002, Behind Kankanady Market",+(91)-824-4281301
Healthy Products,"#MIG 14, Opp TNEB Power Plant, Hosur, Hosur - 635110, Near Sishya School, Thally Road,",07947443535
Kakkuzhiyil Traders,"Ooty Road, Meppadi, Wayanad - 673577, Near Cardamom Processing Unit Thinapuram",07947202922
Vanashree Products,"No 18, 6th Cross,Parallel Road, Chamarajpet, Bangalore - 560018",08045798533
A-1 Aathi Traders,"79/70 Lalbagadur Street, Veerappanchatram, Erode - 638004",07947376071
Saravana Traders,"No 138, Sengunthapuram, Chithode, Erode - 638102, Near Old Police Station",07947376165
R V Traders,"19 EBP Nagar, Veerappanchatram, Erode - 638004, PP Garden New Park",07947376248
Sujitha Enterprises,"Old No 4/203 New No 7/42a, Arogya Madha Street, Polichalur, Chennai - 600074, Opposite to Bus Terminus, Kalliamman Nagar",08045783782
Jose Traders,"Big Bazar, Kozhikode - 673001, Near Raiway Station",+(91)-495-2702199
Gs Traders,"GS TRADERS, Nethaji Road, Erode, Erode - 638107, ERODE MARKET",+(91)-0424-4031102
Poorna Exports,"No 12, Sampoornam Avenue, Vadapalani, Chennai - 600026, Near Ram Theatre Bus Stop",08045784073
Sri Rajalakshmi Traders,"24 Kandhayan Thottam, Sullai Bus Stand, Veerappanchatram, Erode - 638004, Near Nandhinimonokar  Hospital",07947376206
All Spices Markets,"Ginger Palace, Mattancherry, Ernakulam - 682002, Opposite Jeeva Matha Church",+(91)-9947063192
Prince Foods,"13,Arul Jyothi Street,, Thendral Nagar,, Tiruchirappalli Airport, Trichy - 620007",07947465070
Anu Foods Appalam Manufactu..,"No 3298, Tnhb Colony West Anuppanady, Anuppanady, Madurai - 625009, Near BSNL Exchange",+(91)-9894457999
Shree Bhagwati Flour & Food..,"Survey No 430, Changodar, Sanand - 382213, Sarkhej Bavla Highway, Village Moraiya",+(91)-2717-251871
Vns Amulya Traders,"2B, 13 Line Main Road, AT Agraharam, Guntur - 522004, Opp Vasu Digital Studios",07947395841
Sreeja Dry Fruits & Spices,"RNG Apartment, Rashtrapati Road, Tanuku HO, Tanuku - 534211, Opposite Venkateshwara Swamy Temple",07947353220
Lakshmi Narasimha Trading C..,"Shop No 240, Mahatmagandhi Wholesale Commercial Complex, Gollapudi, Vijayawada - 521225, Mahendra Nagar",+(91)-866-2418655
Saravana Stores,"Chikmagalur Bus Stand, Chikmagalur - 577101, OPP Panduranga Coffee Works",+(91)-9845865999
Indian Foods,"Shop No 2, Kankanady, Mangalore - 575002, Behind Kankanady Market",+(91)-824-4281301
Kakkuzhiyil Traders,"Ooty Road, Meppadi, Wayanad - 673577, Near Cardamom Processing Unit Thinapuram",07947202922
Healthy Products,"#MIG 14, Opp TNEB Power Plant, Hosur, Hosur - 635110, Near Sishya School, Thally Road,",07947443535
Vanashree Products,"No 18, 6th Cross,Parallel Road, Chamarajpet, Bangalore - 560018",08045798533
R V Traders,"19 EBP Nagar, Veerappanchatram, Erode - 638004, PP Garden New Park",07947376248
Saravana Traders,"No 138, Sengunthapuram, Chithode, Erode - 638102, Near Old Police Station",07947376165
Sri Rajalakshmi Traders,"24 Kandhayan Thottam, Sullai Bus Stand, Veerappanchatram, Erode - 638004, Near Nandhinimonokar  Hospital",07947376206
A-1 Aathi Traders,"79/70 Lalbagadur Street, Veerappanchatram, Erode - 638004",07947376071
Poorna Exports,"No 12, Sampoornam Avenue, Vadapalani, Chennai - 600026, Near Ram Theatre Bus Stop",08045784073
Sujitha Enterprises,"Old No 4/203 New No 7/42a, Arogya Madha Street, Polichalur, Chennai - 600074, Opposite to Bus Terminus, Kalliamman Nagar",08045783782
Gs Traders,"GS TRADERS, Nethaji Road, Erode, Erode - 638107, ERODE MARKET",+(91)-0424-4031102
Jose Traders,"Big Bazar, Kozhikode - 673001, Near Raiway Station",+(91)-495-2702199
All Spices Markets,"Ginger Palace, Mattancherry, Ernakulam - 682002, Opposite Jeeva Matha Church",+(91)-9947063192
Prince Foods,"13,Arul Jyothi Street,, Thendral Nagar,, Tiruchirappalli Airport, Trichy - 620007",07947465070
Anu Foods Appalam Manufactu..,"No 3298, Tnhb Colony West Anuppanady, Anuppanady, Madurai - 625009, Near BSNL Exchange",+(91)-9894457999
Shree Bhagwati Flour & Food..,"Survey No 430, Changodar, Sanand - 382213, Sarkhej Bavla Highway, Village Moraiya",+(91)-2717-251871
Sri Rajalakshmi Traders,"24 Kandhayan Thottam, Sullai Bus Stand, Veerappanchatram, Erode - 638004, Near Nandhinimonokar  Hospital",07947376206
Sujitha Enterprises,"Old No 4/203 New No 7/42a, Arogya Madha Street, Polichalur, Chennai - 600074, Opposite to Bus Terminus, Kalliamman Nagar",08045783782
Jose Traders,"Big Bazar, Kozhikode - 673001, Near Raiway Station",+(91)-495-2702199
Poorna Exports,"No 12, Sampoornam Avenue, Vadapalani, Chennai - 600026, Near Ram Theatre Bus Stop",08045784073
Gs Traders,"GS TRADERS, Nethaji Road, Erode, Erode - 638107, ERODE MARKET",+(91)-0424-4031102
Saravana Traders,"No 138, Sengunthapuram, Chithode, Erode - 638102, Near Old Police Station",07947376165
All Spices Markets,"Ginger Palace, Mattancherry, Ernakulam - 682002, Opposite Jeeva Matha Church",+(91)-9947063192
Prince Foods,"13,Arul Jyothi Street,, Thendral Nagar,, Tiruchirappalli Airport, Trichy - 620007",07947465070
Anu Foods Appalam Manufactu..,"No 3298, Tnhb Colony West Anuppanady, Anuppanady, Madurai - 625009, Near BSNL Exchange",+(91)-9894457999
Shree Bhagwati Flour & Food..,"Survey No 430, Changodar, Sanand - 382213, Sarkhej Bavla Highway, Village Moraiya",+(91)-2717-251871
A & S Dry Fruits,"Shop No 29,Ground Floor,   Advait Complex, Bodakdev, Ahmedabad - 380054, Opposide Soham Tower, Behind Sandesh Press",+(91)-79-26765653
Gajanand Foods Pvt Ltd,"814, Santej, Santej, Gandhinagar 380060, . Gandhi Nagar, Bhadaj to Rakanpur Road, Bhadaj, Ahmedabad - 380060",+(91)-79-27488521
Gokul Refoils & Solvent LTD,"Gokul House 43, Shrimali Society, Navrangpura, Ahmedabad - 380009, Opp Shikhar Complex, Opp Vadilal House",+(91)-79-66615253
Food Solution India Ltd,"Food King Empire Building, 3 Sangini Bunglows Road, Thaltej, Ahmedabad - 380059, Opposite Parasmani Flat, Near AILTS, Near Harihar Ashram Bun",+(91)-79-29097542
Satvam Nutrifoods Ltd (Corp..,"A/203, 2nd Floor, Ganesh Meridian, S G Highway, Sola Road, Ahmedabad - 380063, Opposite Gujarat High Court",+(91)-079-40394252
Shri Bhagwati Flour Mills P..,"G.I.D.C., Naroda, Ahmedabad - 382230, Behind . Telephone Exchange",+(91)-9898944455
Vasant Masala Pvt Ltd,"A/118, 1st Floor, Lilamani Trade Centre, Dudheshwar Road, Delhi Darwaja, Ahmedabad - 380004, Near Brts Circle, Outside Delhi Darwaza",+(91)-079-25621443
M K B & Co,"Old Madhupura Market, Madhupura, Ahmedabad - 380004, Opposite Ramdev Masala Outside Delhi Darwaja",+(91)-79-22125702
Gognath Exim Pvt Ltd,"306, Gala Megnal, Gala Jimkhana Road, South Bopal, Ahmedabad - 380058",+(91)-8488888737
Bishnoi Agro India Pvt Ltd,"46, 2nd Floor, 4d Square Mall, Motera, Ahmedabad - 380005",+(91)-79-40029129
Harihar Foods Pvt Ltd,"A/16, Mohan Estate, Khokhara Mehmadabad, Ahmedabad - 380008, Opposite Anupam Cinema",+(91)-79-22935292
Jalaram Masala Bhandar,"C 5, Security Estate, Narol Road, Narol, Ahmedabad - 382405, Near Kashiram Textile",+(91)-9662232222
Kumar Spices Pvt Ltd,"19, Jay Jagannath Estate, B/H Sardar Patel Estate, Odhav Gam, Ahmedabad - 382415, SP Ring Road",+(91)-79-22900099
Kumar Spices Pvt Ltd,"33, Second Floor, 4d Square Mall, Gandhinagar Highway, Second Floor, Ahmedabad - 382415",+(91)-7874746466
Patel Food Products,"B/25, Pushparaj Industrial Area, Saraspur, Ahmedabad - 380018, Near Nutanmill Compound",+(91)-9275134539
Hearty Mart Enterprise PVT ..,"B/901, Solitare Business Park, Near Divya Bhaskar, Sarkhej Gandhinagar Highway, Ahmedabad - 380055",+(91)-79-65121429
Uttam Masala,"208,Kanchan Chembers, Madhupura, Ahmedabad - 380004",+(91)-79-22160854
KC Spices,"23 Mamta Complex, Sattadhar Road, Ghatlodiya, Ahmedabad - 380061, Near Sola Bridge",+(91)-7046330816
Lalita Factory,"Kalupur, Ahmedabad - 380002, Near N C Bodiwala College",+(91)-79-25391179
D NINE INCORPORATION,"119,Madhupura Ganj Bajar, Nr. Delhi Darwaja Cross Road, Madhupura, Ahmedabad - 380004, Opposite Ambaji Mata Mandir",+(91)-9724355377
Anmol Dehydration Pvt Ltd,"No. 105106, Ashirvad Arcade, Ahmedabad - 380061, Near Sharaswati School",+(91)-9925005460
Pistol Masala Supplying Co,"18 Gujarat Grain Market, Khokhara Mehmadabad, Ahmedabad - 380008, Opposite Anupam Cinema",+(91)-79-22164333
Anmol Food Proccessing,"B Block 1007 Infinity Tower, Prahladnagar, Ahmedabad - 380015, Near Ramada Hotel",+(91)-9825946161
A Nine Incorporation,"G/F-7, Kishan Dayal Market, Naroda Road, Ahmedabad - 382330, Near Vijay Mill Fruit Market,Opposite HP Petro Pump",+(91)-79-22201358
Dahyabhai Vithaldas,"1450, New Madhavpura, Madhupura, Ahmedabad - 380004, Near Delhi Darwaja",+(91)-79-22170701
Patel Seasonal Store,"A/20, Parul Shopping Centre, Bhuyangdev Cross Road, Bhuyangdev, Ahmedabad - 380063, Nr Pushap Ambica Temple,,  Nr Raja Stationery",+(91)-9998500863
Mahavir Enterprise,"17, Rudra Complex, S.M.Road, Ambawadi, Ahmedabad - 380006, Near Ambawadi Main Bazaar",+(91)-079-26409385
Krishna Foods,"Shop No 6 New Grain Market, Nr Kalupur Bank, Khokhara Mehmadabad, Ahmedabad - 380008, Near Gayatri Dairy,",+(91)-79-22165344
Maheshwari Trading Co,"1458, Nava Madhupura, Madhupura, Ahmedabad - 380004",+(91)-79-22135692
Arihant Masala Industries,"52/A, Tirupati Estate, Saraspur, Ahmedabad - 380018, Behind Amber Theatre, Near Manchani Masjid",+(91)-79-22777522
Mayur Food Products,"1407-3, Madhupura, Ahmedabad - 380004, Madhupura Chowk, Fulpura",+(91)-079-22124653
Yours Ethnic Foods Pvt Ltd,"Navrangpura, Chaitanya Nagar, Ahmedabad - 380014",+(91)-8980300033
Krishna Masala,"Opposite Anand Bhavan, Ramanpura Road, Madhupura, Ahmedabad - 380004, Near R G Chamber, Opposite Nava Madhupura Gate, Madhupura Chowk",+(91)-79-22166790
Dhanvarsha Trading Company,"1496/13, Madhupura, Ahmedabad - 380004, Opposite Padmavati Traders, Inside Fulpura, Madhupura Chowk",+(91)-79-22178064
Devsons Product,"252, Phase 1, Naroda Gidc, Ahmedabad - 382330, Naroda Industrial Estate, Behind Globe Industry",+(91)-9825305929
Sankheshwar Trading Company,"1432/41, Madhupura, Ahmedabad - 380004, Madhupura Chowk",+(91)-79-22133637
Royal Masala Stores,"Dariapur, Ahmedabad - 380001, Near Dariyapur Darvaza, Opposite Vishal Pan Parlour",+(91)-9825093103
Ambika Food Products,"No 6, Sardar Patel Shopping Center, Mukhyamantri Awas Yojana, Naranpura, Naranpura, Ahmedabad - 380063, Near Petrol Pump",
Tiger Longi Industries,"G-1-83, Pugal Road, Kalupur, Ahmedabad - 380001, Karni Industrial Area",+(91)-9929093297
Shree Laxmi Bhandar,"Kabutarmasala, Hanuman Pura B R T S Bus Stop, Dudheshwar Road, Ahmedabad - 380004, Opposite Mohan Vikas Mandal Near Jupital Mill",+(91)-79-25626102
Sharma Traders,"No. 219, Peoples Plaza, Memnagar, Ahmedabad - 380052, Near Memnagar Fire Station Vijay Char Rasta",
Mahadev Masala Bhandar,"Shop No1 Sahjanand Osis Complex ,Ramdevji Mandir, Ahmedabad - 380052, Opposite Petrol Pump",+(91)-7487980245
Inohurb Products And Servic..,"19, Vasant Vihar, Corporation Bank, Narol, Narol, Ahmedabad - 382405, Near Narol Court,Beside Sonaba Primary School",+(91)-9737629494
Crystal Masala,"Nikol Gam, Ahmedabad - 382350, Nikol",+(91)-9033108118
Shri Soneshwar Kirana Store,"Phase 3 Plot No 28/4, Naroda Gidc, Ahmedabad - 382330, Near Kishore Oil Mill",+(91)-9662668080
The Ganpati Masala,"6, Shayam Complex, Near Ashopalav Society, Bavla, Ahmedabad - 382220, Shreya Chokdi Road",+(91)-8306287715
Sai Food Product,"Shop No. 138/7, Phulpura, Madhupura, Ahmedabad - 380004, Near HK House",+(91)-7698157745
Vraj Trading Co,"1479 , New Madhupura, O/s Delhi Gate Opp. B G Tower, Madhupura, Ahmedabad - 380004",+(91)-79-22138781
Agri WS Products,"Plot No 3817, Phase 4, Vatva Gidc, Ahmedabad - 382445, Behind Indojarman",+(91)-79-25840157
Om Food Products,"G-100/1193, Shivam Apartment, Nava Vadaj, Ahmedabad - 380013",+(91)-9904014866
Kumkum Spices,"1237/2, Thakor Vas, Madhupura, Ahmedabad - 380004, Madhupura Chowk",+(91)-079-22136422
Nilkanth Organic Farm,"B 504, Premium House, Ashram Road, Ahmedabad - 380006, Near Gandhigram Railway Station",+(91)-8320004383
Bluebell Exim,"208, Abhishek Complex, Ashram Road, Ahmedabad - 380006, Behind Navgujarat College",+(91)-9998929614
Bhagwati Ayurveda,"No. 2728, Bhrugesh Society, Murlidhar Part 2, Vatva, Ahmedabad - 380009",+(91)-9687037646
K K Enterprise,"K.K. House, 25, Parshwanath Nagar Society, Naranpura Cross Road, Naranpura Vistar, Ahmedabad - 380013",+(91)-9925008177
Skytop Food Products,"Shop 60 Shardhadeep Cmplex, Naranpura Vistar, Ahmedabad - 380013, Near Pallav Cross Road ,Sastrinagar",+(91)-8511177671
Rainbow Exports,"Akik Tower Opposite Rajpath Club, Sarkhej- Gandhi Nagar Highway, Ahmedabad- 380015, Ahmedabad GPO, Ahmedabad - 380001",+(91)-9925244651
Ganesh Trading Company,"18, Akshardham Complex,, Judges Bunglow Road, Satellite, Ahmedabad - 380015",+(91)-079-26731679
Vichare Brothers Masalawala,"374, 1st Floor Vichare Building, Gendi Gate Road, Vadodara - 390017, Near Darwaja",+(91)-0265-2432649
Kitchen Xpress Overseas Ltd,"Plot No 29-P, Santej Vadsar Road, Santej, Kalol-Gandhinagar-Gujarat - 382721, Tal-Kalol",+(91)-02764-268371
Gajanand Foods Pvt Ltd,"Gajanand House, Plot No 814, Kothari Cross Road, Santej, Gandhinagar-Gujarat - 382721, Near Pima 2, Taluka Kalol",+(91)-79-286021
Padmavati Foods,"A/4 Bharat Patel Estate, Dashrath, Dashrath, Vadodara - 391740, ICD Warehouse Road",+(91)-9691392862
Umiya Enterprises,"519, Lalita Towers, Dinesh Mill Road, Race Course Road, Vadodara - 390007, Near Railway Station",07947256057
Shree Umiya Gruh Udhyog,"Mahudi Road, Pethapur Cross Road, Pethapur, Gandhinagar-Gujarat - 382610",+(91)-9824515330
Gopal Snacks Pvt Ltd,"Plot No, 2322,2323,2324, Unit 1, F Road, Lodhika, Rajkot - 360035, Gate No 2, Metoda GIDC",+(91)-02827-287370
Shree Ramkrushna Anaj Bhand..,"Bardan Wala Road, Grain Market, Jamnagar - 361001, Dana Peth",+(91)-288-2555658
Shree Mateshwari Oil And Su..,"B 34 To 36 Jalaram Nagar Gujrat Housing Board, Pandesara, Surat - 394221, Near Piyush Point Char Rasta",+(91)-9978803754
S K Masala,"Shop No 10/10, Chauta Bazaar, Surat - 395003, Near Chauta Pul",+(91)-0261-2591475
Amrutlal & Sons,"Survey No 37, Plot No 44/45, Gondal Road, Gondal Road, Rajkot - 360004",+(91)-281-2386089
Five Star Dehydration PVT. ..,"Rampara Road, Talaja, Rampara Road, Talaja - 364140",+(91)-02842-240267
Vitagreen Products Pvt Ltd,"Plot Number G 557, 3rd Gate, Kalavad Road, Metoda Gidc, Rajkot - 360003, Gidc Lodhika",+(91)-9574009077
Maharaja Dehydration Pvt Lt..,"Survey No 56/P, National Highway No 8 E, Mahuva, Bhavnagar - 364290, Umaniyavadar",+(91)-2844-246277
Vagad Marketing,"Apmc Market 1, E- 4/5, Vashi, Navi Mumbai - 400703, Near Market No 1, Mudi Bazar",+(91)-022-49744271
Gangwal (Corporate Office),"No 125, Indore, Indore - 452003, Near Sai Baba Mandir, Tilakpath",+(91)-0731-4226730
Keerti Spices,"6-7 Narayan Colony, Nayapura, Mandore Road, Jodhpur - 342006",+(91)-9928977009
Arihant Masala Udhyog,"Out Side Siwanchi Gate, Nr Bhika Piou, Pratap Nagar, Jodhpur - 342003, Near Pratap Nagar",+(91)-9950980952
Arihant Masala Udhyog,"Out Side Siwanchi Gate, Pratap Nagar, Jodhpur - 342003, Near Bikha Piou",+(91)-9950980952
Shree Kakaji Masale Nashik,"Om Plaza, Shop No 2 Trimurti Chowk Kamatwada Road, Trimurti Chowk, Nashik - 422008",+(91)-7277331111
Shweta Trademart Pvt Ltd,"327/38, Mangal Udyog Nagar, Nemawar Road, Palda, Indore - 452020, Behind Reliance Petrol Pump",+(91)-9981547747
Kalantri Grinding Mill,"R.No.600, Gadgil Gali, Raviwar Peth, Nashik - 422002, Near Hemlata Cinema",+(91)-253-2570848
Pushp Brand Masale,"76, Pandhrinath Chowk, Gautampura, Indore - 453220",+(91)-9977841313
Ravi Masale,"618 Market Yard,Gate No.5,Gultekdi,Pune-37, Pune, Aurangabad-Maharashtra - 431003",+(91)-9823499997
Geet Masale (Unit Of Laught..,"Natraj Colony, Foysagar Road, Ram Nagar, Ajmer - 305004, Near Honey Garden",07947060409
Chopda Foods & Spices,"211, Ring Road, Indore - 452010, Gram Palda, Samta Nagar",+(91)-9691082804
Adeshwar Spices,"H-1-87, Agro Food Park, Boranada, Jodhpur - 342012",+(91)-02931-219749
Shreeji Foods,"Shop No. 44 & 45, CST Subway, Fort, Mumbai - 400001, Near CST Railway Station",+(91)-022-22623050
Pravin Masalewale (Head Off..,"Plot No 55, One Suhana, Hadapsar Industrial Estate, Pune - 411013, Near Tata Honey Bail",+(91)-020-26870969
Vadilal Champaklal & Co,"8/C, Mirchi Galli, Jumma Masjid, Shaikh Menon Street, Kalbadevi, Mumbai - 400002, Opposite Mangaldas Market",+(91)-22-23448084
Swastik,"A -7,, Gandhi Path, Vaishali Nagar, Jaipur - 302021, Opposite Bharat Apartment",07947065553
Shri Govind Foods Udyog,"44 Prem Nagar-B, Prem Nagar, Agra Road, Jaipur - 302004, Near Icfai University",07947063496
Khan Masala,"68, Near Tarjume Wali Masjid, Bhopal - 462001, Near Motia Park",07947296594
Liberty Oil Mills Ltd  (Cor..,"Amarchand Mansion D-Wing, Madame Cama Road, Colaba, Mumbai - 400005, Near Regal Cinema",+(91)-22-66381000
Amravati Naturals,"Handa Complex, Ashiyad Chouk Shegaon Rahatgaon Road Amravati, Vmv Road, Amravati - 444604, Ashiyad Chouk Handa Complex",07947173044
Ravi Masale,"P-37, N 1, Cidco, Aurangabad-Maharashtra - 431003, Service Industries",+(91)-240-2480544
V P Bedekar & Sons Pvt Ltd ..,"Bedekar Sadan No 3, 56, Tatya Gharpure Path, Girgaon, Mumbai - 400004, Near Thakurdwar",+(91)-22-23884176
Shreekant Masale,"114/1/2B, Pune Nashik Road Pabal Road, Chakan, Pune - 410501, Near Waki Khrud Behind Success Point Mall Raj Guru Nagar",+(91)-2135-278290
Tiger Longi Industries,"G1-83 Karni Industrial Area, Pugal Road, Bikaner HO, Bikaner - 334001",+(91)-151-2253753
Chiraagi By The Chase,"Plot No. 96,Riddhi Siddhi Nagar  Ext., Kalwar Road-Jhotwara, Jhotwara, Jaipur - 302012, Near Kardhani",07947062646
Gharrkul Industries Pvt. Lt..,"C-43/1, Amravati Midc, Amravati - 444607, Near Midc Area",+(91)-0721-2590246
Raj Masale,"Survey No 74/1/ B, Sant Tukaram Sakhar Karkhana Road, Marunji, Pune - 411057, Tal Mulshi",+(91)-20-20274126
Utsav Foods,"406 Gat No 4, Main Road, Market Yard, Pune - 411037",+(91)-20-26350809
Ms Janta Seva Mirchi Masala..,"G. No 17, Industrial Area, Sindkhed Raja Road, Deulgaon Raja, Buldhana - 443204, Pimpalner",+(91)-7620809060
Swanand Shatau,"Pune Nashik Highway, Narayangaon Ho, Narayangaon - 410504, Oppsite Mauli Misal House",07947315510
Shree Mahalaxmi Traders,"556/557, E,, Vyapari Peth, Shahupuri, Kolhapur - 416001, Near RBL bank",+(91)-0231-2653376
Ciba Masala Udyog Pvt Ltd,"Ciba Spices, Itarana Road, Alwar HO, Alwar - 301001, Old Industrial Area",+(91)-144-2332751
H M Sports,"Shop No 1, Parmanand Apartment, Jaripatka, Nagpur - 440014, Opposite Indora Police Chowky",+(91)-712-2655888
Agra Aloo Supplier,"Nehru Enclave, Fatehabad Road, Agra - 282001, Near  Mandi Samiti, Nagla Mahadev, Bamrauli, Katara",+(91)-9359616558
Munshi Panna Masala Udyog P..,"Plot No-51,Rj Estate Peera Khar, Shahdra, Nunhai, Agra - 282006, Behind Gaurav Vatika",+(91)-562-2970148
Manglam Home Products,"Cotton Market Chowk, Dhamangaon Road, Yavatmal Ho, Yavatmal - 445001, Near Ganpati Mandir",+(91)-07232-243064
Gauri Shankar Traders,"Bajariya Chowk, Mahesh Palace, Santra Market Road, Santra Market Roaddaulat Patel Marg, Bajeria, Nagpur - 440018",+(91)-712-2721970
Jijai Masale,"Goleshwar Road, Karad, Karad - 415110, Backside Siddharth Magal Karyalay",+(91)-9767116406
R A Masale Pvt Ltd,"802/13 Building, Tasgaon Sangli Road, Tasgaon Sangli, Sangli - 416312, Near R A Masale",+(91)-02346-264754
Appa Organic Edible Oil,"Pune Banglore Highway, Kalamwadi, Sangli - 415406, Near Devraj Hotel",07947365201
Amrut Organic Products,"Bahane Plot , Sangli Nandre Road, Nandre, Nandre, Sangli - 416416, Behind Of Samrat Kadabakutti",+(91)-7038045895
Suruchi Spices Pvt Ltd,"55/1, Bhandara Road, Kapsi, Nagpur - 440035, Near Umiya Industrial Estate, Near Pardi Octrai Naka",+(91)-0712-2278378
Nandigram Agro,"Gharkul Nivas, Phule Nagar, Shivaji Nagar Nanded, Nanded - 431602, Opp Temple",07947320772
Trishul Tea & Spices,"Trishul House, Main Market, Chirawa, Jhunjhunu - 333026, Near Kalyan Ji Mandir",+(91)-1596-220344
Sainath Trading Company,"39-B Jodbhavi Peth, Mangalvar Peth Sholapur, Solapur - 413002, Near Kumbhar Ves Jain Mandir",+(91)-217-2327682
Aishwarya Kolhapuri Masale,"Vivekanand College Road, Nagala Park, Kolhapur - 416003, Near Vivekanand College",07947078340
Relish Mahalaxmi Suresh Mas..,"1358, Padmavati Heights, 1b,, Dhanya Line, Laxmipuri, Kolhapur - 416002, Near Reliance Mall",+(91)-231-2642018
Dharampal Satyapal Ltd (Hea..,"C-6-10, DS Road, Noida Sector 67, Noida - 201301, Near Haldirams Factory",+(91)-0120-4032200
Roopak Stores Pvt Ltd,"6/9, Ajmal Khan Road, Karol Bagh, Delhi - 110005, Opposite Punjab Sweets Corner",+(91)-9811173222
Bombay Stores,"Door No 3-6-690/3 & 4, D V Arcade, Main Road, Himayat Nagar, Hyderabad - 500029, Opposite Agrawala Sweets",+(91)-040-27631040
Nonand Rai Bhola Nath,"Shop No. 6691, Khari Baoli, Delhi - 110006, Near Sbi Bank",07947210196
Shubham Goldiee Masale Pvt ..,"House Number 51/40, Biharana Road, Nayaganj, Kanpur - 208001, Ghanta Ghar",+(91)-0512-2302737
Patanjali (Head Office),"Bahadrabad, Haridwar - 249402, Near Rodi Belwala",+(91)-8084993236
Mudgal Dryfruits,"Bangi Kunta, Patel Road, Raichur HO, Raichur - 584101",+(91)-9880792082
Sri Ganesh Traders,"K-64/55 Goladinanath, Gola Dinanath Road, Varanasi H O, Varanasi - 221001, Near Hanuman Mandir",+(91)-542-2403087
Konkan Traders,"No.7, New Milagres Mansion, Falnir Road, Mangalore - 575002, Opposite to Milagres Church",+(91)-824-2427517
Pavan Traders,"Hulugodu Honnavalli Post, Sringeri, Chikmagalur - 577139",+(91)-08265-250850
Bon Masala & Food Products,"No 5-32/4 Yeyyadi Industrial Estate, Yeyyadi Industrial Estate, Yeyyadi, Mangalore - 575008, Opposite Narans Factory",+(91)-824-2248301
Giri Trading Agency Pvt Ltd,"No. 24/4, Ground Floor, 5th Cross, Sampige Road, Malleswaram, Bangalore - 560003, Near KSIC Mysore Silk",+(91)-080-23563001
MTR Foods Pvt Ltd (Corporat..,"No. 1, 1st & 2nd Floor, 100 Feet Inner Ring Road, Ejipura, Bangalore - 560047, Opposite Oss Mall",+(91)-080-40812100
J S Masala Company,"No.61/7, Magadi Main Road, Pete Channappa Industrial Estate, Kamakshipalya, Bangalore - 560079",+(91)-80-23102818
Girijan Cooperative Corpora..,"East Point Colony, Visakhapatnam - 530017, Opposite New Vuda Park,",+(91)-891-2796164
Vishnu Masala Food Products..,"No.446, 18th Main, Jayanagar 4th T Block, Bangalore - 560041",+(91)-80-22455001
GRB Dairy Foods Pvt Ltd,"Old No. 484, New No. 57, 2nd Floor, 33rd Cross, 9th Main Road, Jayanagar 4th Block, Bangalore - 560011, Near Cafe Coffee Day",+(91)-80-26655651
Eastern Condiments Pvt Ltd ..,"No 34/137 A, NH  Bypass Road, Edapally, Ernakulam - 682024, Near Dhe Puttu",
Ghar Sansar Super Store,"Hospital Road, Tajpur, Samastipur - 848130",07947335754
Manjilas food tech pvt ltd,"Tc 16-1382, Sasthri Road, Nellikkunnu, Thrissur East, Thrissur - 680005",+(91)-487-2420895
Aachi Masala Foods Pvt Ltd ..,"No 1926, 34th Street, Anna Nagar, Chennai - 600040, Opposite West Bus Dippo, Thangam Colony",+(91)-7502929289
B&b Organics - Online Organ..,"No B3 Praveen Solai Apartment, Ground Floor,Lalgudi Main Road, Pichandarkovil, Trichy - 621216, No 1 Toll Gate",+(91)-9787738132
Sree Annapoorna Foods,"No 643/3-B, Edayarpalayam Road, Vadavalli, Coimbatore - 641041",+(91)-0422-2403881
MTR Foods Pvt Ltd,"No 67, Kunrathur Main Road, Porur, Chennai - 600116, Near Electrical Substation & TMB Bank",+(91)-44-24825788
Nutsbay,"No 557 - 558, Raja Street, Town Hall, Coimbatore - 641001, Near Thermutti",+(91)-422-2552040
Thirumurugan Stores & Velmu..,"No 357/358, Rangai Gounder Street, Town Hall, Coimbatore - 641001, Near Velmurugan Stores",+(91)-422-2396168
K S P Organic Oil,"Old No 33A/16A New No 23, Indira Nagar Mohanur Road, Namakkal Fort, Namakkal - 637001",07947326869
Sri Vidya Upasaka Nilayam,"No 43, South Mada Street, Mylapore, Chennai - 600004, Near Vasantha Bhavan Hotel",+(91)-044-24958310
GCT Natures Products,"No.67, V.K.Road, Saravanampatti, Coimbatore - 641035, Near By Prozone Mall",+(91)-422-4212987
The Pollachi Masala,"No.53/83 R P Colony, Anamalai Road, Pollachi - 642001, Zamin Uthukuli",+(91)-9698217954
Jay Bharat Spices Pvt Ltd,"Jagatpur Cuttack, Cuttack - 754021, Near Imam Nagar, New Industrial Estate",+(91)-671-2490255
Premier Lakshmi Agro Foods ..,"Door No 477, Palakkad Main Road, Kunniyamuthur, Coimbatore - 641008, Near to Mosque",+(91)-422-2251231
Mana MAA Super Store,"697, Lake Town, Block A, Lake Town, Laketown, Kolkata - 700089, Near Punjab National Bank",+(91)-33-40015671
Thillais Masala,"No -1B, Patel Road, First Street,Ngr Nagar,Pandian Nagar, Virudhunagar - 626001",07947057567
Kalyani Life Institute,"B-04/382, Kalyani, Kalyani Ho, Kalyani - 741235, Buddhapark Fire Brigade",07947400076
Madurai Meenakshi Appalam M..,"No:4/22, Chinthamani Annupanadi Line Road, Chinthamani, Chintamani, Madurai - 625009, Madurai Meenakshi Appalam",07947265571
Jayanth Organic Agro Farms ..,"42, Kamarajar Bazaar, Bodinayakanur, Theni - 625513, Near to Anna Malai Finance",+(91)-4546-281110
Sujep Wachstum Agro Tech,"No:22,, Indra Nagar, 4th Street, K.V.Salai, Thathaneri, Madurai - 625018, Near Pillayar Kovil",+(91)-0452-2669421
