Big Baazaar (City Pulse Mal..,"City Pulse Mall, Anand Town, Anand - 388001, Opposite Chinar Gulnar, Near Hero Honda Showroom, S N Motors",18002662255
D Mart,"Sigma Building, Vidyanagar Station Road, Vallabh Vidyanagar, Anand - 388120, Near Sardar Statue, Opposite Pragati Mandal",+(91)-02692-233701
Zero Degree Foods,"10/11,Below Homeopathic College /Hospital,Nr.Salvation Army School,, Opp ,ICICI Bank, Amul Dairy, Anand - 388001, Amul Dairy Road",+(91)-2692-240600
Sagar Provision Store,"181 Karamsad Road, Vallabh Vidyanagar, Anand - 388120, Near Residential School For Girls",+(91)-2692-238065
Param Mart,"Om Sharanam Complex, Sardarganj, Anand - 388001, Opposite Prasang Party Plot",+(91)-02692-266401
Granary Super Stores,"1st Location: 43 Sardar Ganj, Amul Dairy, Anand - 388001, 2nd Location:Amul Dairy Road,Opp: Gujarat Milk Marketing Federation",+(91)-2692-268520
Jaladeep Provision store,"Gujarat State Highway 75, Jitodia Road, Jitodia, Anand - 388345, Krishna Corner",+(91)-9879151317
Reliance Hypermart,"Anand Ho, Anand - 388001, Near ITI Ground, Opposite Dhanlaxmi Tower",18001032022
A1 Chicken Shop,"Matan Market, Ganesh Chokdi, Polsan Dairy Road, Sardarganj, Anand - 388001",+(91)-8866558765
KC soda & ice creem,"Gj Sh 140, Joshi Ni Chali, Ashoka Society, Petlad, Rangaipura, Anand - 388450",+(91)-7698914211
Prakash Kirana Store,"Mobha, Anand - 388170",+(91)-8866788205
Shraddha Provision Store,"Mangal Nagar, Anand - 388110",+(91)-8866557806
Om Cattle Feed,"Valasan, Anand - 388325",+(91)-9879522130
Hari Om Grocery,"Bakrol, Nana Bazaar, Vallabh Vidhyanagar, Vallabh Vidyanagar, Anand - 388120",+(91)-9824252810
Bholenath Pan & General Sto..,"Bhagat Singh Stechu, Gurunanak Saheb Marg, Anand Ho, Anand - 388001, Behind  C P College",+(91)-02692-243968
KABIR Emporium,"Shiv Arcade, Moraj Road, Tarapur Anand, Anand - 388180, Tarapur",+(91)-9879740658
Offfice Kamlesh Kirana Stor..,"Valasan, Anand - 388325",+(91)-9879522130
Imran Kirana Store,"Fatehpur, Borsad, Anand - 388540",+(91)-9898681912
New Water Tank,"Boriavi, Anand - 387310",+(91)-7383821581
Ahuja Foods & General Hub,"Bhagat Sign Status Road, Anand Ho, Anand - 388001, Near C P Patel College Road, Ganesh Colony",+(91)-8000080021
Mukesh Kirana Store,"Sarsa, Sarsa Anand, Anand - 388365",+(91)-9427383677
Khodiyar Kirana,"Mobha, Jalla, Anand - 388430",+(91)-9687059522
Shree Bhairavnath Namkeen,"Sardarganj, Anand - 388001",+(91)-8893258438
Dev Exotica,"G-1,2, Ramdev Square Near Sardar Patel  Statue, Mota Bazaar, Vallabh Vidyanagar, Anand - 388120",+(91)-7567345123
Jinay Enterprise,"Sundarana, Anand - 388480",+(91)-9898898566
Rajesh Grocery Store,"At., Valasan, Anand - 388325, Near Baliyadev Mandir",+(91)-9879804993
Dhara Super Store,"Gokul, Station Road, Gamdi, Anand - 388001, Opposite New Ramji Temple, Gamdi Vad",+(91)-2692-241767
Wishcrystal.com,"Jali Pol, Khambhat, Anand - 388620",+(91)-9979164351
Mother Dairy Fruit And Vege..,"Arcogul Campus, National Highway 8 Chikodhra Chokdi, Vallabh Vidyanagar, ANAND - 388120, In Arcogul Campus",+(91)-2692-252173
Shree Gayatri Kirana & Amul..,"Dabhou, Anand - 387210",+(91)-7046214242
H & H Superstore,"Shop No 11 To14, Ground Floor, Astha Complex, Bakrol Vadtal Road, Bakrol Anand, Anand - 388315, Opposite Samarpan Residency, Shantikunj Society",+(91)-7383859717
Jay Ambe Katlari Store,"Anklav, Anklav Anand, Anand - 388510",+(91)-8000299331
Kalayanshin Kariyana Store,"Borsaddhuvaran Road, Dhuvaran, Anand - 388610",+(91)-9925029002
Shree Khodiyar Kerana And P..,"Nr. Khodiyaar Suppliers, Mangal Pura Road, Anand Town, Anand - 388001, Near Nest Gym",+(91)-9726587247
Santram Traders,"Sardarganj, Anand - 388001, Near Swaminarayan Society",+(91)-2692-243498
Sri Krishna Kariyana And Ge..,"59a, Railway Station Road, Gamdi Vad, Sardarganj, Anand - 388001",+(91)-9925751850
Rameswar Farsan & Namkin,"Mota Bazaar, Vallabh Vidyanagar, Anand - 388120",+(91)-7600229305
Jay Maharaj Provision Store,"Nutan Club Road, Nana Bazar Road, Vallabh Vidyanagar, Anand - 388120, Near Vallabh Vidhya Nagar,",+(91)-9276809500
Gujarat Kirana Store,"Sandesar, Anand - 388130",+(91)-9898685626
Krishna Footwear,"Shayona Footwear, Gj Sh 140, Krishna Nagar Society, Nagarkuva, Petlad, Anand - 388450",+(91)-9998404022
Radhika Kirana Store,"Rinza, Anand - 388180",+(91)-9978087677
Reliance Smart,"Reliance Retail Ltd, Anand, Lambhvel Road, Anand - 388001, Opposite Iti",+(91)-2692-645378
Kishanchand Parmanand Sindh..,"E/3, Super Market, Railway Station Road, Anand HO, Anand - 388001, Opposite Railyway Station",+(91)-2692-255679
Vijay Traders,"Jivandeep Society, Grid Cross Road, Anand - 388001, Near New Bus Stand, Near Sardar Baug",+(91)-9824212332
Vasu Kirana & Provision Sho..,"22, Municipal Shopping Center, Magalpura Road, Mangal Pura Road-Anand Town, Anand - 388001, Near Ganesh Chokdi",+(91)-9824326867
Aum Xerox,"Gayatri Krupa Opp Vaibhav Tower, Anand Vidhyanagar Road, Anand Town, Anand - 388001, Near Big Bazaar",+(91)-9898333328
Shreeji Cold Drinks,"Vaibhav Complex, Sunav Road, Petlad, Anand - 388450",+(91)-2697-329238
Maheshwari Kirana Stores,"59, Janta Bazar,, Main Road, Borsad, Anand - 388540, Near Janta Chowk",+(91)-2692-221036
Zamzam Stores,"Nanikhodiyar, Anand - 388001",+(91)-9898117160
Harshil Kirana Store,"Ravipura Vatav Road, District Anand, Ravipura, Anand - 388130",+(91)-7096261006
Mahesh kirana store,"Anklav, Anand Umeta Road, Alarsa Anand, Anand - 388543",+(91)-9033603286
Vipul Kirana Store,"Patel Khadaki Khatnal, Khambhat, Khatnal, Anand - 388640",+(91)-9726576936
Dbs Family Grocers,"Town Hall Road, Vallabh Vidyanagar, Anand - 388120",+(91)-2692-247689
Param Traders,"57, Sardarganj, Anand - 388001",+(91)-2692-266183
Khodal Patanjali Store,"Mathiya Chora, Sardarganj, Anand - 388001",+(91)-7600206207
Shri Ram Medical & Provisio..,"Modera Highways Subhash Road, Anand - 388001, Juna Rasta",+(91)-2692-251543
Mehtaji Namkeem,"Station Road, Sardarganj, Anand - 388001",+(91)-9429022394
Rameshkumar Hashanand Morda..,"E-10,Super Market,, Anand Ho, Anand - 388001, Opp.railway Station,",+(91)-2692-256539
Bhagvati Sing Chana Bhandar,"Lambhel Road, Anand Town, Anand - 388001, Nr. HDCF BANK",+(91)-7383516675
Sahjanand Super Store,"Anand Jitodhiya Road, Anand - 388001, Nr. SBI Bank",+(91)-8000787878
Prabhukrupa Kirana Store,"Lambhvel Road, Anand Ho, Anand - 388001, Near Reliance Mall",+(91)-9825368387
Bhagvati Traders,"At Pansora,, Pansora Chokdi,, Anand Ho, Anand - 388001, Pansora,",+(91)-2692-279250
Ghar Sansar Provision Store,"Gholasan Road, Anand Ho, Anand - 388001, Gujarati Chowkh",+(91)-9879440097
Gayatri General Store,"Vidhyanagar Road, Anand Ho, Anand - 388001, Near H P Petrol Pump",+(91)-9913052744
M B Vegetable Center,"Nana Bazaar, University Road, Vallabh Vidyanagar, Anand - 388120",+(91)-9081106564
Laxmi Kirana,"44, Janta Bazar,, Bus-Stand Road,, Borsad, Anand - 388540, Near St Bus Stand",+(91)-2692-220393
Shubham Kirana Store,"Shop No 1 Vegetable Market Yard, Borsad, Anand - 388540, Near Gandhi Ganj, Borsad",+(91)-8905155136
Santram Kirana Store,"Kathol Village, Borsad, Anand - 388540, Near Ram Mandir",+(91)-9904211927
Prabha Super Store,"Vrundavan Shopping Centre, Vasad Road, Borsad, Anand - 388540, Near 100 Feet Road",+(91)-9913058542
Shivam General Store,"Near Hanuman Temple, Petlad, Petlad, ANAND - 388450",+(91)-2692-221622
Ashok Stores,"Mahelav Village, Petlad, Anand - 388450, Opp Swami Narayan Mandir",+(91)-9998912423
Ammar Bhai Sabjiwala,"Gj Sh 83, Tarapur, Anand - 388180",+(91)-8141195997
Keshavlal Chunilal Sons,"Stadium Road, Khambhat, Anand - 388620",+(91)-9879531545
Jay Bhole Provision Store,"Barthanvala Complex, Doctors Cook Road, Anand HO, Anand - 388001, Near Bank Of Baroda",+(91)-9714114294
Anmol Kirana Store,"Shop No.G-3,Shiv Shakati Complex, Bakrol Road, Bakrol Anand, Anand - 388315, Opp. H P Petrol Pump",+(91)-9725285310
Jagdamba Super Store,"Anand Sojitra Road,, Vithal Udyognagar, Anand - 388121, Near Vitthal Bhai Statue",
Yogesh Stores,"Umlav Village, Borsad, Anand - 388540, Opp Gram Panchayat",+(91)-9879710522
Patel Chimanbhai Nanabhai,"Tunka Rasta,, Anand Ho, Anand - 388001, Opp.super Market,",+(91)-9925670197
Shree Laxmi,"Anand - 388001, Opposite Ganesh Colony",+(91)-9714485625
Bhagya Laxmi Kirana Store,"Anand Ho, Anand - 388001, Near Bhagat Singh Statue, Near C P College",+(91)-2692-244681
Naseeb General Stores,"Ram Nagar, Anand Ho, Anand - 388001, Bus Station Chowk",+(91)-9924254928
Pramukh Provision Store,"Bhula Bhai Complex, 80 Feet Road, Anand Town, Anand - 388001, Opp. HP Petrol Pump",+(91)-9016543759
Kashyap Provision Store,"H.M. Patel Complex, Anand Vidhyanagar Road, Anand Ho, Anand - 388001, Below H M Patel Complex",+(91)-2692-248930
Hemant Kirana Store,"Rajodpura, Anand - 388001",+(91)-9924322968
S K General Store,"Rabarivas, Ode, Anand - 388210",+(91)-9904100558
Sonal Kirana Store,"11, Gj Sh 140, Pratap Nagar Society, Sherpura, Nagarkuva, Petlad, Anand - 388450",+(91)-9558654954
Arti Kirana Store,"Asarma Main Bazar, Anklav Anand, Anand - 388510, Near Dudh Dairy",+(91)-9328699074
Jalaram Kirana Store,"Krishna Nagar, Tarapur, Station Road, Tarapur Anand, Anand - 388180",+(91)-9978156541
Charbhuja Grenary Store,"Riddhi Complex, Lambhavel Road, Sardarganj, Anand - 388001, Opposite Reliance Super, Behind Sai Baba Temple",
Thakkar Dashrathlal S,"3-W/1678h, Viram Guest House, Anand - 388001, Dabhan Bhagol",+(91)-2692-264387
F. M. General Store,"Shop No .- 4, Swroup Complex,, Nr. Palak Hospital,, Anand Ho, Anand - 388001, Bhalej Road,",+(91)-9825908974
Ravi Trading,"1,P.b Shping Center, Station Road, Petlad, Anand - 388450, Petlad",+(91)-2697-225647
Shri Mahalaxmi Rice And Pul..,"Gidc 77 Kansari Road, Khambhat, ANAND - 388620, Near Ambika Steel And Cement  Suppliers",+(91)-2692-222402
Prakash Kirana Store,"Mobha, Anand - 388170",+(91)-8866788205
Shraddha Provision Store,"Mangal Nagar, Anand - 388110",+(91)-8866557806
Om Cattle Feed,"Valasan, Anand - 388325",+(91)-9879522130
Hari Om Grocery,"Bakrol, Nana Bazaar, Vallabh Vidhyanagar, Vallabh Vidyanagar, Anand - 388120",+(91)-9824252810
Bholenath Pan & General Sto..,"Bhagat Singh Stechu, Gurunanak Saheb Marg, Anand Ho, Anand - 388001, Behind  C P College",+(91)-02692-243968
KABIR Emporium,"Shiv Arcade, Moraj Road, Tarapur Anand, Anand - 388180, Tarapur",+(91)-9879740658
Offfice Kamlesh Kirana Stor..,"Valasan, Anand - 388325",+(91)-9879522130
Imran Kirana Store,"Fatehpur, Borsad, Anand - 388540",+(91)-9898681912
New Water Tank,"Boriavi, Anand - 387310",+(91)-7383821581
Ahuja Foods & General Hub,"Bhagat Sign Status Road, Anand Ho, Anand - 388001, Near C P Patel College Road, Ganesh Colony",+(91)-8000080021
Mukesh Kirana Store,"Sarsa, Sarsa Anand, Anand - 388365",+(91)-9427383677
Khodiyar Kirana,"Mobha, Jalla, Anand - 388430",+(91)-9687059522
Shree Bhairavnath Namkeen,"Sardarganj, Anand - 388001",+(91)-8893258438
Dev Exotica,"G-1,2, Ramdev Square Near Sardar Patel  Statue, Mota Bazaar, Vallabh Vidyanagar, Anand - 388120",+(91)-7567345123
Jinay Enterprise,"Sundarana, Anand - 388480",+(91)-9898898566
Rajesh Grocery Store,"At., Valasan, Anand - 388325, Near Baliyadev Mandir",+(91)-9879804993
Dhara Super Store,"Gokul, Station Road, Gamdi, Anand - 388001, Opposite New Ramji Temple, Gamdi Vad",+(91)-2692-241767
Wishcrystal.com,"Jali Pol, Khambhat, Anand - 388620",+(91)-9979164351
Mother Dairy Fruit And Vege..,"Arcogul Campus, National Highway 8 Chikodhra Chokdi, Vallabh Vidyanagar, ANAND - 388120, In Arcogul Campus",+(91)-2692-252173
Shree Gayatri Kirana & Amul..,"Dabhou, Anand - 387210",+(91)-7046214242
H & H Superstore,"Shop No 11 To14, Ground Floor, Astha Complex, Bakrol Vadtal Road, Bakrol Anand, Anand - 388315, Opposite Samarpan Residency, Shantikunj Society",+(91)-7383859717
Jay Ambe Katlari Store,"Anklav, Anklav Anand, Anand - 388510",+(91)-8000299331
Kalayanshin Kariyana Store,"Borsaddhuvaran Road, Dhuvaran, Anand - 388610",+(91)-9925029002
Shree Khodiyar Kerana And P..,"Nr. Khodiyaar Suppliers, Mangal Pura Road, Anand Town, Anand - 388001, Near Nest Gym",+(91)-9726587247
Santram Traders,"Sardarganj, Anand - 388001, Near Swaminarayan Society",+(91)-2692-243498
Sri Krishna Kariyana And Ge..,"59a, Railway Station Road, Gamdi Vad, Sardarganj, Anand - 388001",+(91)-9925751850
Rameswar Farsan & Namkin,"Mota Bazaar, Vallabh Vidyanagar, Anand - 388120",+(91)-7600229305
Jay Maharaj Provision Store,"Nutan Club Road, Nana Bazar Road, Vallabh Vidyanagar, Anand - 388120, Near Vallabh Vidhya Nagar,",+(91)-9276809500
Gujarat Kirana Store,"Sandesar, Anand - 388130",+(91)-9898685626
Krishna Footwear,"Shayona Footwear, Gj Sh 140, Krishna Nagar Society, Nagarkuva, Petlad, Anand - 388450",+(91)-9998404022
Radhika Kirana Store,"Rinza, Anand - 388180",+(91)-9978087677
Reliance Smart,"Reliance Retail Ltd, Anand, Lambhvel Road, Anand - 388001, Opposite Iti",+(91)-2692-645378
Kishanchand Parmanand Sindh..,"E/3, Super Market, Railway Station Road, Anand HO, Anand - 388001, Opposite Railyway Station",+(91)-2692-255679
Vijay Traders,"Jivandeep Society, Grid Cross Road, Anand - 388001, Near New Bus Stand, Near Sardar Baug",+(91)-9824212332
Vasu Kirana & Provision Sho..,"22, Municipal Shopping Center, Magalpura Road, Mangal Pura Road-Anand Town, Anand - 388001, Near Ganesh Chokdi",+(91)-9824326867
Aum Xerox,"Gayatri Krupa Opp Vaibhav Tower, Anand Vidhyanagar Road, Anand Town, Anand - 388001, Near Big Bazaar",+(91)-9898333328
Shreeji Cold Drinks,"Vaibhav Complex, Sunav Road, Petlad, Anand - 388450",+(91)-2697-329238
Maheshwari Kirana Stores,"59, Janta Bazar,, Main Road, Borsad, Anand - 388540, Near Janta Chowk",+(91)-2692-221036
Zamzam Stores,"Nanikhodiyar, Anand - 388001",+(91)-9898117160
Harshil Kirana Store,"Ravipura Vatav Road, District Anand, Ravipura, Anand - 388130",+(91)-7096261006
Mahesh kirana store,"Anklav, Anand Umeta Road, Alarsa Anand, Anand - 388543",+(91)-9033603286
Vipul Kirana Store,"Patel Khadaki Khatnal, Khambhat, Khatnal, Anand - 388640",+(91)-9726576936
Dbs Family Grocers,"Town Hall Road, Vallabh Vidyanagar, Anand - 388120",+(91)-2692-247689
Param Traders,"57, Sardarganj, Anand - 388001",+(91)-2692-266183
Khodal Patanjali Store,"Mathiya Chora, Sardarganj, Anand - 388001",+(91)-7600206207
Shri Ram Medical & Provisio..,"Modera Highways Subhash Road, Anand - 388001, Juna Rasta",+(91)-2692-251543
Mehtaji Namkeem,"Station Road, Sardarganj, Anand - 388001",+(91)-9429022394
Rameshkumar Hashanand Morda..,"E-10,Super Market,, Anand Ho, Anand - 388001, Opp.railway Station,",+(91)-2692-256539
Bhagvati Sing Chana Bhandar,"Lambhel Road, Anand Town, Anand - 388001, Nr. HDCF BANK",+(91)-7383516675
Sahjanand Super Store,"Anand Jitodhiya Road, Anand - 388001, Nr. SBI Bank",+(91)-8000787878
Prabhukrupa Kirana Store,"Lambhvel Road, Anand Ho, Anand - 388001, Near Reliance Mall",+(91)-9825368387
Bhagvati Traders,"At Pansora,, Pansora Chokdi,, Anand Ho, Anand - 388001, Pansora,",+(91)-2692-279250
Ghar Sansar Provision Store,"Gholasan Road, Anand Ho, Anand - 388001, Gujarati Chowkh",+(91)-9879440097
Gayatri General Store,"Vidhyanagar Road, Anand Ho, Anand - 388001, Near H P Petrol Pump",+(91)-9913052744
M B Vegetable Center,"Nana Bazaar, University Road, Vallabh Vidyanagar, Anand - 388120",+(91)-9081106564
Laxmi Kirana,"44, Janta Bazar,, Bus-Stand Road,, Borsad, Anand - 388540, Near St Bus Stand",+(91)-2692-220393
Shubham Kirana Store,"Shop No 1 Vegetable Market Yard, Borsad, Anand - 388540, Near Gandhi Ganj, Borsad",+(91)-8905155136
Santram Kirana Store,"Kathol Village, Borsad, Anand - 388540, Near Ram Mandir",+(91)-9904211927
Prabha Super Store,"Vrundavan Shopping Centre, Vasad Road, Borsad, Anand - 388540, Near 100 Feet Road",+(91)-9913058542
Shivam General Store,"Near Hanuman Temple, Petlad, Petlad, ANAND - 388450",+(91)-2692-221622
Ashok Stores,"Mahelav Village, Petlad, Anand - 388450, Opp Swami Narayan Mandir",+(91)-9998912423
Ammar Bhai Sabjiwala,"Gj Sh 83, Tarapur, Anand - 388180",+(91)-8141195997
Keshavlal Chunilal Sons,"Stadium Road, Khambhat, Anand - 388620",+(91)-9879531545
Jay Bhole Provision Store,"Barthanvala Complex, Doctors Cook Road, Anand HO, Anand - 388001, Near Bank Of Baroda",+(91)-9714114294
Anmol Kirana Store,"Shop No.G-3,Shiv Shakati Complex, Bakrol Road, Bakrol Anand, Anand - 388315, Opp. H P Petrol Pump",+(91)-9725285310
Jagdamba Super Store,"Anand Sojitra Road,, Vithal Udyognagar, Anand - 388121, Near Vitthal Bhai Statue",
Yogesh Stores,"Umlav Village, Borsad, Anand - 388540, Opp Gram Panchayat",+(91)-9879710522
Patel Chimanbhai Nanabhai,"Tunka Rasta,, Anand Ho, Anand - 388001, Opp.super Market,",+(91)-9925670197
Shree Laxmi,"Anand - 388001, Opposite Ganesh Colony",+(91)-9714485625
Bhagya Laxmi Kirana Store,"Anand Ho, Anand - 388001, Near Bhagat Singh Statue, Near C P College",+(91)-2692-244681
Naseeb General Stores,"Ram Nagar, Anand Ho, Anand - 388001, Bus Station Chowk",+(91)-9924254928
Pramukh Provision Store,"Bhula Bhai Complex, 80 Feet Road, Anand Town, Anand - 388001, Opp. HP Petrol Pump",+(91)-9016543759
Kashyap Provision Store,"H.M. Patel Complex, Anand Vidhyanagar Road, Anand Ho, Anand - 388001, Below H M Patel Complex",+(91)-2692-248930
Hemant Kirana Store,"Rajodpura, Anand - 388001",+(91)-9924322968
S K General Store,"Rabarivas, Ode, Anand - 388210",+(91)-9904100558
Sonal Kirana Store,"11, Gj Sh 140, Pratap Nagar Society, Sherpura, Nagarkuva, Petlad, Anand - 388450",+(91)-9558654954
Arti Kirana Store,"Asarma Main Bazar, Anklav Anand, Anand - 388510, Near Dudh Dairy",+(91)-9328699074
Jalaram Kirana Store,"Krishna Nagar, Tarapur, Station Road, Tarapur Anand, Anand - 388180",+(91)-9978156541
Charbhuja Grenary Store,"Riddhi Complex, Lambhavel Road, Sardarganj, Anand - 388001, Opposite Reliance Super, Behind Sai Baba Temple",
Thakkar Dashrathlal S,"3-W/1678h, Viram Guest House, Anand - 388001, Dabhan Bhagol",+(91)-2692-264387
F. M. General Store,"Shop No .- 4, Swroup Complex,, Nr. Palak Hospital,, Anand Ho, Anand - 388001, Bhalej Road,",+(91)-9825908974
Ravi Trading,"1,P.b Shping Center, Station Road, Petlad, Anand - 388450, Petlad",+(91)-2697-225647
Shri Mahalaxmi Rice And Pul..,"Gidc 77 Kansari Road, Khambhat, ANAND - 388620, Near Ambika Steel And Cement  Suppliers",+(91)-2692-222402
Mukesh Kirana Store,"Sarsa, Sarsa Anand, Anand - 388365",+(91)-9427383677
Khodiyar Kirana,"Mobha, Jalla, Anand - 388430",+(91)-9687059522
Shree Bhairavnath Namkeen,"Sardarganj, Anand - 388001",+(91)-8893258438
Dev Exotica,"G-1,2, Ramdev Square Near Sardar Patel  Statue, Mota Bazaar, Vallabh Vidyanagar, Anand - 388120",+(91)-7567345123
Jinay Enterprise,"Sundarana, Anand - 388480",+(91)-9898898566
Rajesh Grocery Store,"At., Valasan, Anand - 388325, Near Baliyadev Mandir",+(91)-9879804993
Dhara Super Store,"Gokul, Station Road, Gamdi, Anand - 388001, Opposite New Ramji Temple, Gamdi Vad",+(91)-2692-241767
Wishcrystal.com,"Jali Pol, Khambhat, Anand - 388620",+(91)-9979164351
Mother Dairy Fruit And Vege..,"Arcogul Campus, National Highway 8 Chikodhra Chokdi, Vallabh Vidyanagar, ANAND - 388120, In Arcogul Campus",+(91)-2692-252173
Shree Gayatri Kirana & Amul..,"Dabhou, Anand - 387210",+(91)-7046214242
H & H Superstore,"Shop No 11 To14, Ground Floor, Astha Complex, Bakrol Vadtal Road, Bakrol Anand, Anand - 388315, Opposite Samarpan Residency, Shantikunj Society",+(91)-7383859717
Jay Ambe Katlari Store,"Anklav, Anklav Anand, Anand - 388510",+(91)-8000299331
Kalayanshin Kariyana Store,"Borsaddhuvaran Road, Dhuvaran, Anand - 388610",+(91)-9925029002
Shree Khodiyar Kerana And P..,"Nr. Khodiyaar Suppliers, Mangal Pura Road, Anand Town, Anand - 388001, Near Nest Gym",+(91)-9726587247
Santram Traders,"Sardarganj, Anand - 388001, Near Swaminarayan Society",+(91)-2692-243498
Sri Krishna Kariyana And Ge..,"59a, Railway Station Road, Gamdi Vad, Sardarganj, Anand - 388001",+(91)-9925751850
Rameswar Farsan & Namkin,"Mota Bazaar, Vallabh Vidyanagar, Anand - 388120",+(91)-7600229305
Jay Maharaj Provision Store,"Nutan Club Road, Nana Bazar Road, Vallabh Vidyanagar, Anand - 388120, Near Vallabh Vidhya Nagar,",+(91)-9276809500
Gujarat Kirana Store,"Sandesar, Anand - 388130",+(91)-9898685626
Krishna Footwear,"Shayona Footwear, Gj Sh 140, Krishna Nagar Society, Nagarkuva, Petlad, Anand - 388450",+(91)-9998404022
Radhika Kirana Store,"Rinza, Anand - 388180",+(91)-9978087677
Reliance Smart,"Reliance Retail Ltd, Anand, Lambhvel Road, Anand - 388001, Opposite Iti",+(91)-2692-645378
Kishanchand Parmanand Sindh..,"E/3, Super Market, Railway Station Road, Anand HO, Anand - 388001, Opposite Railyway Station",+(91)-2692-255679
Vijay Traders,"Jivandeep Society, Grid Cross Road, Anand - 388001, Near New Bus Stand, Near Sardar Baug",+(91)-9824212332
Vasu Kirana & Provision Sho..,"22, Municipal Shopping Center, Magalpura Road, Mangal Pura Road-Anand Town, Anand - 388001, Near Ganesh Chokdi",+(91)-9824326867
Aum Xerox,"Gayatri Krupa Opp Vaibhav Tower, Anand Vidhyanagar Road, Anand Town, Anand - 388001, Near Big Bazaar",+(91)-9898333328
Shreeji Cold Drinks,"Vaibhav Complex, Sunav Road, Petlad, Anand - 388450",+(91)-2697-329238
Maheshwari Kirana Stores,"59, Janta Bazar,, Main Road, Borsad, Anand - 388540, Near Janta Chowk",+(91)-2692-221036
Zamzam Stores,"Nanikhodiyar, Anand - 388001",+(91)-9898117160
Harshil Kirana Store,"Ravipura Vatav Road, District Anand, Ravipura, Anand - 388130",+(91)-7096261006
Mahesh kirana store,"Anklav, Anand Umeta Road, Alarsa Anand, Anand - 388543",+(91)-9033603286
Vipul Kirana Store,"Patel Khadaki Khatnal, Khambhat, Khatnal, Anand - 388640",+(91)-9726576936
Dbs Family Grocers,"Town Hall Road, Vallabh Vidyanagar, Anand - 388120",+(91)-2692-247689
Param Traders,"57, Sardarganj, Anand - 388001",+(91)-2692-266183
Khodal Patanjali Store,"Mathiya Chora, Sardarganj, Anand - 388001",+(91)-7600206207
Shri Ram Medical & Provisio..,"Modera Highways Subhash Road, Anand - 388001, Juna Rasta",+(91)-2692-251543
Mehtaji Namkeem,"Station Road, Sardarganj, Anand - 388001",+(91)-9429022394
Rameshkumar Hashanand Morda..,"E-10,Super Market,, Anand Ho, Anand - 388001, Opp.railway Station,",+(91)-2692-256539
Bhagvati Sing Chana Bhandar,"Lambhel Road, Anand Town, Anand - 388001, Nr. HDCF BANK",+(91)-7383516675
Sahjanand Super Store,"Anand Jitodhiya Road, Anand - 388001, Nr. SBI Bank",+(91)-8000787878
Prabhukrupa Kirana Store,"Lambhvel Road, Anand Ho, Anand - 388001, Near Reliance Mall",+(91)-9825368387
Bhagvati Traders,"At Pansora,, Pansora Chokdi,, Anand Ho, Anand - 388001, Pansora,",+(91)-2692-279250
Ghar Sansar Provision Store,"Gholasan Road, Anand Ho, Anand - 388001, Gujarati Chowkh",+(91)-9879440097
Gayatri General Store,"Vidhyanagar Road, Anand Ho, Anand - 388001, Near H P Petrol Pump",+(91)-9913052744
M B Vegetable Center,"Nana Bazaar, University Road, Vallabh Vidyanagar, Anand - 388120",+(91)-9081106564
Laxmi Kirana,"44, Janta Bazar,, Bus-Stand Road,, Borsad, Anand - 388540, Near St Bus Stand",+(91)-2692-220393
Shubham Kirana Store,"Shop No 1 Vegetable Market Yard, Borsad, Anand - 388540, Near Gandhi Ganj, Borsad",+(91)-8905155136
Santram Kirana Store,"Kathol Village, Borsad, Anand - 388540, Near Ram Mandir",+(91)-9904211927
Prabha Super Store,"Vrundavan Shopping Centre, Vasad Road, Borsad, Anand - 388540, Near 100 Feet Road",+(91)-9913058542
Shivam General Store,"Near Hanuman Temple, Petlad, Petlad, ANAND - 388450",+(91)-2692-221622
Ashok Stores,"Mahelav Village, Petlad, Anand - 388450, Opp Swami Narayan Mandir",+(91)-9998912423
Ammar Bhai Sabjiwala,"Gj Sh 83, Tarapur, Anand - 388180",+(91)-8141195997
Keshavlal Chunilal Sons,"Stadium Road, Khambhat, Anand - 388620",+(91)-9879531545
Jay Bhole Provision Store,"Barthanvala Complex, Doctors Cook Road, Anand HO, Anand - 388001, Near Bank Of Baroda",+(91)-9714114294
Anmol Kirana Store,"Shop No.G-3,Shiv Shakati Complex, Bakrol Road, Bakrol Anand, Anand - 388315, Opp. H P Petrol Pump",+(91)-9725285310
Jagdamba Super Store,"Anand Sojitra Road,, Vithal Udyognagar, Anand - 388121, Near Vitthal Bhai Statue",
Yogesh Stores,"Umlav Village, Borsad, Anand - 388540, Opp Gram Panchayat",+(91)-9879710522
Patel Chimanbhai Nanabhai,"Tunka Rasta,, Anand Ho, Anand - 388001, Opp.super Market,",+(91)-9925670197
Shree Laxmi,"Anand - 388001, Opposite Ganesh Colony",+(91)-9714485625
Bhagya Laxmi Kirana Store,"Anand Ho, Anand - 388001, Near Bhagat Singh Statue, Near C P College",+(91)-2692-244681
Naseeb General Stores,"Ram Nagar, Anand Ho, Anand - 388001, Bus Station Chowk",+(91)-9924254928
Pramukh Provision Store,"Bhula Bhai Complex, 80 Feet Road, Anand Town, Anand - 388001, Opp. HP Petrol Pump",+(91)-9016543759
Kashyap Provision Store,"H.M. Patel Complex, Anand Vidhyanagar Road, Anand Ho, Anand - 388001, Below H M Patel Complex",+(91)-2692-248930
Hemant Kirana Store,"Rajodpura, Anand - 388001",+(91)-9924322968
S K General Store,"Rabarivas, Ode, Anand - 388210",+(91)-9904100558
Sonal Kirana Store,"11, Gj Sh 140, Pratap Nagar Society, Sherpura, Nagarkuva, Petlad, Anand - 388450",+(91)-9558654954
Arti Kirana Store,"Asarma Main Bazar, Anklav Anand, Anand - 388510, Near Dudh Dairy",+(91)-9328699074
Jalaram Kirana Store,"Krishna Nagar, Tarapur, Station Road, Tarapur Anand, Anand - 388180",+(91)-9978156541
Charbhuja Grenary Store,"Riddhi Complex, Lambhavel Road, Sardarganj, Anand - 388001, Opposite Reliance Super, Behind Sai Baba Temple",
Thakkar Dashrathlal S,"3-W/1678h, Viram Guest House, Anand - 388001, Dabhan Bhagol",+(91)-2692-264387
F. M. General Store,"Shop No .- 4, Swroup Complex,, Nr. Palak Hospital,, Anand Ho, Anand - 388001, Bhalej Road,",+(91)-9825908974
Ravi Trading,"1,P.b Shping Center, Station Road, Petlad, Anand - 388450, Petlad",+(91)-2697-225647
Shri Mahalaxmi Rice And Pul..,"Gidc 77 Kansari Road, Khambhat, ANAND - 388620, Near Ambika Steel And Cement  Suppliers",+(91)-2692-222402
H & H Superstore,"Shop No 11 To14, Ground Floor, Astha Complex, Bakrol Vadtal Road, Bakrol Anand, Anand - 388315, Opposite Samarpan Residency, Shantikunj Society",+(91)-7383859717
Jay Ambe Katlari Store,"Anklav, Anklav Anand, Anand - 388510",+(91)-8000299331
Kalayanshin Kariyana Store,"Borsaddhuvaran Road, Dhuvaran, Anand - 388610",+(91)-9925029002
Shree Khodiyar Kerana And P..,"Nr. Khodiyaar Suppliers, Mangal Pura Road, Anand Town, Anand - 388001, Near Nest Gym",+(91)-9726587247
Santram Traders,"Sardarganj, Anand - 388001, Near Swaminarayan Society",+(91)-2692-243498
Sri Krishna Kariyana And Ge..,"59a, Railway Station Road, Gamdi Vad, Sardarganj, Anand - 388001",+(91)-9925751850
Rameswar Farsan & Namkin,"Mota Bazaar, Vallabh Vidyanagar, Anand - 388120",+(91)-7600229305
Jay Maharaj Provision Store,"Nutan Club Road, Nana Bazar Road, Vallabh Vidyanagar, Anand - 388120, Near Vallabh Vidhya Nagar,",+(91)-9276809500
Gujarat Kirana Store,"Sandesar, Anand - 388130",+(91)-9898685626
Krishna Footwear,"Shayona Footwear, Gj Sh 140, Krishna Nagar Society, Nagarkuva, Petlad, Anand - 388450",+(91)-9998404022
Radhika Kirana Store,"Rinza, Anand - 388180",+(91)-9978087677
Reliance Smart,"Reliance Retail Ltd, Anand, Lambhvel Road, Anand - 388001, Opposite Iti",+(91)-2692-645378
Kishanchand Parmanand Sindh..,"E/3, Super Market, Railway Station Road, Anand HO, Anand - 388001, Opposite Railyway Station",+(91)-2692-255679
Vijay Traders,"Jivandeep Society, Grid Cross Road, Anand - 388001, Near New Bus Stand, Near Sardar Baug",+(91)-9824212332
Vasu Kirana & Provision Sho..,"22, Municipal Shopping Center, Magalpura Road, Mangal Pura Road-Anand Town, Anand - 388001, Near Ganesh Chokdi",+(91)-9824326867
Aum Xerox,"Gayatri Krupa Opp Vaibhav Tower, Anand Vidhyanagar Road, Anand Town, Anand - 388001, Near Big Bazaar",+(91)-9898333328
Shreeji Cold Drinks,"Vaibhav Complex, Sunav Road, Petlad, Anand - 388450",+(91)-2697-329238
Maheshwari Kirana Stores,"59, Janta Bazar,, Main Road, Borsad, Anand - 388540, Near Janta Chowk",+(91)-2692-221036
Zamzam Stores,"Nanikhodiyar, Anand - 388001",+(91)-9898117160
Harshil Kirana Store,"Ravipura Vatav Road, District Anand, Ravipura, Anand - 388130",+(91)-7096261006
Mahesh kirana store,"Anklav, Anand Umeta Road, Alarsa Anand, Anand - 388543",+(91)-9033603286
Vipul Kirana Store,"Patel Khadaki Khatnal, Khambhat, Khatnal, Anand - 388640",+(91)-9726576936
Dbs Family Grocers,"Town Hall Road, Vallabh Vidyanagar, Anand - 388120",+(91)-2692-247689
Param Traders,"57, Sardarganj, Anand - 388001",+(91)-2692-266183
Khodal Patanjali Store,"Mathiya Chora, Sardarganj, Anand - 388001",+(91)-7600206207
Shri Ram Medical & Provisio..,"Modera Highways Subhash Road, Anand - 388001, Juna Rasta",+(91)-2692-251543
Mehtaji Namkeem,"Station Road, Sardarganj, Anand - 388001",+(91)-9429022394
Rameshkumar Hashanand Morda..,"E-10,Super Market,, Anand Ho, Anand - 388001, Opp.railway Station,",+(91)-2692-256539
Bhagvati Sing Chana Bhandar,"Lambhel Road, Anand Town, Anand - 388001, Nr. HDCF BANK",+(91)-7383516675
Sahjanand Super Store,"Anand Jitodhiya Road, Anand - 388001, Nr. SBI Bank",+(91)-8000787878
Prabhukrupa Kirana Store,"Lambhvel Road, Anand Ho, Anand - 388001, Near Reliance Mall",+(91)-9825368387
Bhagvati Traders,"At Pansora,, Pansora Chokdi,, Anand Ho, Anand - 388001, Pansora,",+(91)-2692-279250
Ghar Sansar Provision Store,"Gholasan Road, Anand Ho, Anand - 388001, Gujarati Chowkh",+(91)-9879440097
Gayatri General Store,"Vidhyanagar Road, Anand Ho, Anand - 388001, Near H P Petrol Pump",+(91)-9913052744
M B Vegetable Center,"Nana Bazaar, University Road, Vallabh Vidyanagar, Anand - 388120",+(91)-9081106564
Laxmi Kirana,"44, Janta Bazar,, Bus-Stand Road,, Borsad, Anand - 388540, Near St Bus Stand",+(91)-2692-220393
Shubham Kirana Store,"Shop No 1 Vegetable Market Yard, Borsad, Anand - 388540, Near Gandhi Ganj, Borsad",+(91)-8905155136
Santram Kirana Store,"Kathol Village, Borsad, Anand - 388540, Near Ram Mandir",+(91)-9904211927
Prabha Super Store,"Vrundavan Shopping Centre, Vasad Road, Borsad, Anand - 388540, Near 100 Feet Road",+(91)-9913058542
Shivam General Store,"Near Hanuman Temple, Petlad, Petlad, ANAND - 388450",+(91)-2692-221622
Ashok Stores,"Mahelav Village, Petlad, Anand - 388450, Opp Swami Narayan Mandir",+(91)-9998912423
Ammar Bhai Sabjiwala,"Gj Sh 83, Tarapur, Anand - 388180",+(91)-8141195997
Keshavlal Chunilal Sons,"Stadium Road, Khambhat, Anand - 388620",+(91)-9879531545
Jay Bhole Provision Store,"Barthanvala Complex, Doctors Cook Road, Anand HO, Anand - 388001, Near Bank Of Baroda",+(91)-9714114294
Anmol Kirana Store,"Shop No.G-3,Shiv Shakati Complex, Bakrol Road, Bakrol Anand, Anand - 388315, Opp. H P Petrol Pump",+(91)-9725285310
Jagdamba Super Store,"Anand Sojitra Road,, Vithal Udyognagar, Anand - 388121, Near Vitthal Bhai Statue",
Yogesh Stores,"Umlav Village, Borsad, Anand - 388540, Opp Gram Panchayat",+(91)-9879710522
Patel Chimanbhai Nanabhai,"Tunka Rasta,, Anand Ho, Anand - 388001, Opp.super Market,",+(91)-9925670197
Shree Laxmi,"Anand - 388001, Opposite Ganesh Colony",+(91)-9714485625
Bhagya Laxmi Kirana Store,"Anand Ho, Anand - 388001, Near Bhagat Singh Statue, Near C P College",+(91)-2692-244681
Naseeb General Stores,"Ram Nagar, Anand Ho, Anand - 388001, Bus Station Chowk",+(91)-9924254928
Pramukh Provision Store,"Bhula Bhai Complex, 80 Feet Road, Anand Town, Anand - 388001, Opp. HP Petrol Pump",+(91)-9016543759
Kashyap Provision Store,"H.M. Patel Complex, Anand Vidhyanagar Road, Anand Ho, Anand - 388001, Below H M Patel Complex",+(91)-2692-248930
Hemant Kirana Store,"Rajodpura, Anand - 388001",+(91)-9924322968
S K General Store,"Rabarivas, Ode, Anand - 388210",+(91)-9904100558
Sonal Kirana Store,"11, Gj Sh 140, Pratap Nagar Society, Sherpura, Nagarkuva, Petlad, Anand - 388450",+(91)-9558654954
Arti Kirana Store,"Asarma Main Bazar, Anklav Anand, Anand - 388510, Near Dudh Dairy",+(91)-9328699074
Jalaram Kirana Store,"Krishna Nagar, Tarapur, Station Road, Tarapur Anand, Anand - 388180",+(91)-9978156541
Charbhuja Grenary Store,"Riddhi Complex, Lambhavel Road, Sardarganj, Anand - 388001, Opposite Reliance Super, Behind Sai Baba Temple",
Thakkar Dashrathlal S,"3-W/1678h, Viram Guest House, Anand - 388001, Dabhan Bhagol",+(91)-2692-264387
F. M. General Store,"Shop No .- 4, Swroup Complex,, Nr. Palak Hospital,, Anand Ho, Anand - 388001, Bhalej Road,",+(91)-9825908974
Ravi Trading,"1,P.b Shping Center, Station Road, Petlad, Anand - 388450, Petlad",+(91)-2697-225647
Shri Mahalaxmi Rice And Pul..,"Gidc 77 Kansari Road, Khambhat, ANAND - 388620, Near Ambika Steel And Cement  Suppliers",+(91)-2692-222402
Radhika Kirana Store,"Rinza, Anand - 388180",+(91)-9978087677
Reliance Smart,"Reliance Retail Ltd, Anand, Lambhvel Road, Anand - 388001, Opposite Iti",+(91)-2692-645378
Kishanchand Parmanand Sindh..,"E/3, Super Market, Railway Station Road, Anand HO, Anand - 388001, Opposite Railyway Station",+(91)-2692-255679
Vijay Traders,"Jivandeep Society, Grid Cross Road, Anand - 388001, Near New Bus Stand, Near Sardar Baug",+(91)-9824212332
Vasu Kirana & Provision Sho..,"22, Municipal Shopping Center, Magalpura Road, Mangal Pura Road-Anand Town, Anand - 388001, Near Ganesh Chokdi",+(91)-9824326867
Aum Xerox,"Gayatri Krupa Opp Vaibhav Tower, Anand Vidhyanagar Road, Anand Town, Anand - 388001, Near Big Bazaar",+(91)-9898333328
Shreeji Cold Drinks,"Vaibhav Complex, Sunav Road, Petlad, Anand - 388450",+(91)-2697-329238
Maheshwari Kirana Stores,"59, Janta Bazar,, Main Road, Borsad, Anand - 388540, Near Janta Chowk",+(91)-2692-221036
Zamzam Stores,"Nanikhodiyar, Anand - 388001",+(91)-9898117160
Harshil Kirana Store,"Ravipura Vatav Road, District Anand, Ravipura, Anand - 388130",+(91)-7096261006
Mahesh kirana store,"Anklav, Anand Umeta Road, Alarsa Anand, Anand - 388543",+(91)-9033603286
Vipul Kirana Store,"Patel Khadaki Khatnal, Khambhat, Khatnal, Anand - 388640",+(91)-9726576936
Dbs Family Grocers,"Town Hall Road, Vallabh Vidyanagar, Anand - 388120",+(91)-2692-247689
Param Traders,"57, Sardarganj, Anand - 388001",+(91)-2692-266183
Khodal Patanjali Store,"Mathiya Chora, Sardarganj, Anand - 388001",+(91)-7600206207
Shri Ram Medical & Provisio..,"Modera Highways Subhash Road, Anand - 388001, Juna Rasta",+(91)-2692-251543
Mehtaji Namkeem,"Station Road, Sardarganj, Anand - 388001",+(91)-9429022394
Rameshkumar Hashanand Morda..,"E-10,Super Market,, Anand Ho, Anand - 388001, Opp.railway Station,",+(91)-2692-256539
Bhagvati Sing Chana Bhandar,"Lambhel Road, Anand Town, Anand - 388001, Nr. HDCF BANK",+(91)-7383516675
Sahjanand Super Store,"Anand Jitodhiya Road, Anand - 388001, Nr. SBI Bank",+(91)-8000787878
Prabhukrupa Kirana Store,"Lambhvel Road, Anand Ho, Anand - 388001, Near Reliance Mall",+(91)-9825368387
Bhagvati Traders,"At Pansora,, Pansora Chokdi,, Anand Ho, Anand - 388001, Pansora,",+(91)-2692-279250
Ghar Sansar Provision Store,"Gholasan Road, Anand Ho, Anand - 388001, Gujarati Chowkh",+(91)-9879440097
Gayatri General Store,"Vidhyanagar Road, Anand Ho, Anand - 388001, Near H P Petrol Pump",+(91)-9913052744
M B Vegetable Center,"Nana Bazaar, University Road, Vallabh Vidyanagar, Anand - 388120",+(91)-9081106564
Laxmi Kirana,"44, Janta Bazar,, Bus-Stand Road,, Borsad, Anand - 388540, Near St Bus Stand",+(91)-2692-220393
Shubham Kirana Store,"Shop No 1 Vegetable Market Yard, Borsad, Anand - 388540, Near Gandhi Ganj, Borsad",+(91)-8905155136
Santram Kirana Store,"Kathol Village, Borsad, Anand - 388540, Near Ram Mandir",+(91)-9904211927
Prabha Super Store,"Vrundavan Shopping Centre, Vasad Road, Borsad, Anand - 388540, Near 100 Feet Road",+(91)-9913058542
Shivam General Store,"Near Hanuman Temple, Petlad, Petlad, ANAND - 388450",+(91)-2692-221622
Ashok Stores,"Mahelav Village, Petlad, Anand - 388450, Opp Swami Narayan Mandir",+(91)-9998912423
Ammar Bhai Sabjiwala,"Gj Sh 83, Tarapur, Anand - 388180",+(91)-8141195997
Keshavlal Chunilal Sons,"Stadium Road, Khambhat, Anand - 388620",+(91)-9879531545
Jay Bhole Provision Store,"Barthanvala Complex, Doctors Cook Road, Anand HO, Anand - 388001, Near Bank Of Baroda",+(91)-9714114294
Anmol Kirana Store,"Shop No.G-3,Shiv Shakati Complex, Bakrol Road, Bakrol Anand, Anand - 388315, Opp. H P Petrol Pump",+(91)-9725285310
Jagdamba Super Store,"Anand Sojitra Road,, Vithal Udyognagar, Anand - 388121, Near Vitthal Bhai Statue",
Yogesh Stores,"Umlav Village, Borsad, Anand - 388540, Opp Gram Panchayat",+(91)-9879710522
Patel Chimanbhai Nanabhai,"Tunka Rasta,, Anand Ho, Anand - 388001, Opp.super Market,",+(91)-9925670197
Shree Laxmi,"Anand - 388001, Opposite Ganesh Colony",+(91)-9714485625
Bhagya Laxmi Kirana Store,"Anand Ho, Anand - 388001, Near Bhagat Singh Statue, Near C P College",+(91)-2692-244681
Naseeb General Stores,"Ram Nagar, Anand Ho, Anand - 388001, Bus Station Chowk",+(91)-9924254928
Pramukh Provision Store,"Bhula Bhai Complex, 80 Feet Road, Anand Town, Anand - 388001, Opp. HP Petrol Pump",+(91)-9016543759
Kashyap Provision Store,"H.M. Patel Complex, Anand Vidhyanagar Road, Anand Ho, Anand - 388001, Below H M Patel Complex",+(91)-2692-248930
Hemant Kirana Store,"Rajodpura, Anand - 388001",+(91)-9924322968
S K General Store,"Rabarivas, Ode, Anand - 388210",+(91)-9904100558
Sonal Kirana Store,"11, Gj Sh 140, Pratap Nagar Society, Sherpura, Nagarkuva, Petlad, Anand - 388450",+(91)-9558654954
Arti Kirana Store,"Asarma Main Bazar, Anklav Anand, Anand - 388510, Near Dudh Dairy",+(91)-9328699074
Jalaram Kirana Store,"Krishna Nagar, Tarapur, Station Road, Tarapur Anand, Anand - 388180",+(91)-9978156541
Charbhuja Grenary Store,"Riddhi Complex, Lambhavel Road, Sardarganj, Anand - 388001, Opposite Reliance Super, Behind Sai Baba Temple",
Thakkar Dashrathlal S,"3-W/1678h, Viram Guest House, Anand - 388001, Dabhan Bhagol",+(91)-2692-264387
F. M. General Store,"Shop No .- 4, Swroup Complex,, Nr. Palak Hospital,, Anand Ho, Anand - 388001, Bhalej Road,",+(91)-9825908974
Ravi Trading,"1,P.b Shping Center, Station Road, Petlad, Anand - 388450, Petlad",+(91)-2697-225647
Shri Mahalaxmi Rice And Pul..,"Gidc 77 Kansari Road, Khambhat, ANAND - 388620, Near Ambika Steel And Cement  Suppliers",+(91)-2692-222402
Mahesh kirana store,"Anklav, Anand Umeta Road, Alarsa Anand, Anand - 388543",+(91)-9033603286
Vipul Kirana Store,"Patel Khadaki Khatnal, Khambhat, Khatnal, Anand - 388640",+(91)-9726576936
Dbs Family Grocers,"Town Hall Road, Vallabh Vidyanagar, Anand - 388120",+(91)-2692-247689
Param Traders,"57, Sardarganj, Anand - 388001",+(91)-2692-266183
Khodal Patanjali Store,"Mathiya Chora, Sardarganj, Anand - 388001",+(91)-7600206207
Shri Ram Medical & Provisio..,"Modera Highways Subhash Road, Anand - 388001, Juna Rasta",+(91)-2692-251543
Mehtaji Namkeem,"Station Road, Sardarganj, Anand - 388001",+(91)-9429022394
Rameshkumar Hashanand Morda..,"E-10,Super Market,, Anand Ho, Anand - 388001, Opp.railway Station,",+(91)-2692-256539
Bhagvati Sing Chana Bhandar,"Lambhel Road, Anand Town, Anand - 388001, Nr. HDCF BANK",+(91)-7383516675
Sahjanand Super Store,"Anand Jitodhiya Road, Anand - 388001, Nr. SBI Bank",+(91)-8000787878
Prabhukrupa Kirana Store,"Lambhvel Road, Anand Ho, Anand - 388001, Near Reliance Mall",+(91)-9825368387
Bhagvati Traders,"At Pansora,, Pansora Chokdi,, Anand Ho, Anand - 388001, Pansora,",+(91)-2692-279250
Ghar Sansar Provision Store,"Gholasan Road, Anand Ho, Anand - 388001, Gujarati Chowkh",+(91)-9879440097
Gayatri General Store,"Vidhyanagar Road, Anand Ho, Anand - 388001, Near H P Petrol Pump",+(91)-9913052744
M B Vegetable Center,"Nana Bazaar, University Road, Vallabh Vidyanagar, Anand - 388120",+(91)-9081106564
Laxmi Kirana,"44, Janta Bazar,, Bus-Stand Road,, Borsad, Anand - 388540, Near St Bus Stand",+(91)-2692-220393
Shubham Kirana Store,"Shop No 1 Vegetable Market Yard, Borsad, Anand - 388540, Near Gandhi Ganj, Borsad",+(91)-8905155136
Santram Kirana Store,"Kathol Village, Borsad, Anand - 388540, Near Ram Mandir",+(91)-9904211927
Prabha Super Store,"Vrundavan Shopping Centre, Vasad Road, Borsad, Anand - 388540, Near 100 Feet Road",+(91)-9913058542
Shivam General Store,"Near Hanuman Temple, Petlad, Petlad, ANAND - 388450",+(91)-2692-221622
Ashok Stores,"Mahelav Village, Petlad, Anand - 388450, Opp Swami Narayan Mandir",+(91)-9998912423
Ammar Bhai Sabjiwala,"Gj Sh 83, Tarapur, Anand - 388180",+(91)-8141195997
Keshavlal Chunilal Sons,"Stadium Road, Khambhat, Anand - 388620",+(91)-9879531545
Jay Bhole Provision Store,"Barthanvala Complex, Doctors Cook Road, Anand HO, Anand - 388001, Near Bank Of Baroda",+(91)-9714114294
Anmol Kirana Store,"Shop No.G-3,Shiv Shakati Complex, Bakrol Road, Bakrol Anand, Anand - 388315, Opp. H P Petrol Pump",+(91)-9725285310
Jagdamba Super Store,"Anand Sojitra Road,, Vithal Udyognagar, Anand - 388121, Near Vitthal Bhai Statue",
Yogesh Stores,"Umlav Village, Borsad, Anand - 388540, Opp Gram Panchayat",+(91)-9879710522
Patel Chimanbhai Nanabhai,"Tunka Rasta,, Anand Ho, Anand - 388001, Opp.super Market,",+(91)-9925670197
Shree Laxmi,"Anand - 388001, Opposite Ganesh Colony",+(91)-9714485625
Bhagya Laxmi Kirana Store,"Anand Ho, Anand - 388001, Near Bhagat Singh Statue, Near C P College",+(91)-2692-244681
Naseeb General Stores,"Ram Nagar, Anand Ho, Anand - 388001, Bus Station Chowk",+(91)-9924254928
Pramukh Provision Store,"Bhula Bhai Complex, 80 Feet Road, Anand Town, Anand - 388001, Opp. HP Petrol Pump",+(91)-9016543759
Kashyap Provision Store,"H.M. Patel Complex, Anand Vidhyanagar Road, Anand Ho, Anand - 388001, Below H M Patel Complex",+(91)-2692-248930
Hemant Kirana Store,"Rajodpura, Anand - 388001",+(91)-9924322968
S K General Store,"Rabarivas, Ode, Anand - 388210",+(91)-9904100558
Sonal Kirana Store,"11, Gj Sh 140, Pratap Nagar Society, Sherpura, Nagarkuva, Petlad, Anand - 388450",+(91)-9558654954
Arti Kirana Store,"Asarma Main Bazar, Anklav Anand, Anand - 388510, Near Dudh Dairy",+(91)-9328699074
Jalaram Kirana Store,"Krishna Nagar, Tarapur, Station Road, Tarapur Anand, Anand - 388180",+(91)-9978156541
Charbhuja Grenary Store,"Riddhi Complex, Lambhavel Road, Sardarganj, Anand - 388001, Opposite Reliance Super, Behind Sai Baba Temple",
Thakkar Dashrathlal S,"3-W/1678h, Viram Guest House, Anand - 388001, Dabhan Bhagol",+(91)-2692-264387
F. M. General Store,"Shop No .- 4, Swroup Complex,, Nr. Palak Hospital,, Anand Ho, Anand - 388001, Bhalej Road,",+(91)-9825908974
Ravi Trading,"1,P.b Shping Center, Station Road, Petlad, Anand - 388450, Petlad",+(91)-2697-225647
Shri Mahalaxmi Rice And Pul..,"Gidc 77 Kansari Road, Khambhat, ANAND - 388620, Near Ambika Steel And Cement  Suppliers",+(91)-2692-222402
Prabhukrupa Kirana Store,"Lambhvel Road, Anand Ho, Anand - 388001, Near Reliance Mall",+(91)-9825368387
Bhagvati Traders,"At Pansora,, Pansora Chokdi,, Anand Ho, Anand - 388001, Pansora,",+(91)-2692-279250
Ghar Sansar Provision Store,"Gholasan Road, Anand Ho, Anand - 388001, Gujarati Chowkh",+(91)-9879440097
Gayatri General Store,"Vidhyanagar Road, Anand Ho, Anand - 388001, Near H P Petrol Pump",+(91)-9913052744
M B Vegetable Center,"Nana Bazaar, University Road, Vallabh Vidyanagar, Anand - 388120",+(91)-9081106564
Laxmi Kirana,"44, Janta Bazar,, Bus-Stand Road,, Borsad, Anand - 388540, Near St Bus Stand",+(91)-2692-220393
Shubham Kirana Store,"Shop No 1 Vegetable Market Yard, Borsad, Anand - 388540, Near Gandhi Ganj, Borsad",+(91)-8905155136
Santram Kirana Store,"Kathol Village, Borsad, Anand - 388540, Near Ram Mandir",+(91)-9904211927
Prabha Super Store,"Vrundavan Shopping Centre, Vasad Road, Borsad, Anand - 388540, Near 100 Feet Road",+(91)-9913058542
Shivam General Store,"Near Hanuman Temple, Petlad, Petlad, ANAND - 388450",+(91)-2692-221622
Ashok Stores,"Mahelav Village, Petlad, Anand - 388450, Opp Swami Narayan Mandir",+(91)-9998912423
Ammar Bhai Sabjiwala,"Gj Sh 83, Tarapur, Anand - 388180",+(91)-8141195997
Keshavlal Chunilal Sons,"Stadium Road, Khambhat, Anand - 388620",+(91)-9879531545
Jay Bhole Provision Store,"Barthanvala Complex, Doctors Cook Road, Anand HO, Anand - 388001, Near Bank Of Baroda",+(91)-9714114294
Anmol Kirana Store,"Shop No.G-3,Shiv Shakati Complex, Bakrol Road, Bakrol Anand, Anand - 388315, Opp. H P Petrol Pump",+(91)-9725285310
Jagdamba Super Store,"Anand Sojitra Road,, Vithal Udyognagar, Anand - 388121, Near Vitthal Bhai Statue",
Yogesh Stores,"Umlav Village, Borsad, Anand - 388540, Opp Gram Panchayat",+(91)-9879710522
Patel Chimanbhai Nanabhai,"Tunka Rasta,, Anand Ho, Anand - 388001, Opp.super Market,",+(91)-9925670197
Shree Laxmi,"Anand - 388001, Opposite Ganesh Colony",+(91)-9714485625
Bhagya Laxmi Kirana Store,"Anand Ho, Anand - 388001, Near Bhagat Singh Statue, Near C P College",+(91)-2692-244681
Naseeb General Stores,"Ram Nagar, Anand Ho, Anand - 388001, Bus Station Chowk",+(91)-9924254928
Pramukh Provision Store,"Bhula Bhai Complex, 80 Feet Road, Anand Town, Anand - 388001, Opp. HP Petrol Pump",+(91)-9016543759
Kashyap Provision Store,"H.M. Patel Complex, Anand Vidhyanagar Road, Anand Ho, Anand - 388001, Below H M Patel Complex",+(91)-2692-248930
Hemant Kirana Store,"Rajodpura, Anand - 388001",+(91)-9924322968
S K General Store,"Rabarivas, Ode, Anand - 388210",+(91)-9904100558
Sonal Kirana Store,"11, Gj Sh 140, Pratap Nagar Society, Sherpura, Nagarkuva, Petlad, Anand - 388450",+(91)-9558654954
Arti Kirana Store,"Asarma Main Bazar, Anklav Anand, Anand - 388510, Near Dudh Dairy",+(91)-9328699074
Jalaram Kirana Store,"Krishna Nagar, Tarapur, Station Road, Tarapur Anand, Anand - 388180",+(91)-9978156541
Charbhuja Grenary Store,"Riddhi Complex, Lambhavel Road, Sardarganj, Anand - 388001, Opposite Reliance Super, Behind Sai Baba Temple",
Thakkar Dashrathlal S,"3-W/1678h, Viram Guest House, Anand - 388001, Dabhan Bhagol",+(91)-2692-264387
F. M. General Store,"Shop No .- 4, Swroup Complex,, Nr. Palak Hospital,, Anand Ho, Anand - 388001, Bhalej Road,",+(91)-9825908974
Ravi Trading,"1,P.b Shping Center, Station Road, Petlad, Anand - 388450, Petlad",+(91)-2697-225647
Shri Mahalaxmi Rice And Pul..,"Gidc 77 Kansari Road, Khambhat, ANAND - 388620, Near Ambika Steel And Cement  Suppliers",+(91)-2692-222402
Ashok Stores,"Mahelav Village, Petlad, Anand - 388450, Opp Swami Narayan Mandir",+(91)-9998912423
Ammar Bhai Sabjiwala,"Gj Sh 83, Tarapur, Anand - 388180",+(91)-8141195997
Keshavlal Chunilal Sons,"Stadium Road, Khambhat, Anand - 388620",+(91)-9879531545
Jay Bhole Provision Store,"Barthanvala Complex, Doctors Cook Road, Anand HO, Anand - 388001, Near Bank Of Baroda",+(91)-9714114294
Anmol Kirana Store,"Shop No.G-3,Shiv Shakati Complex, Bakrol Road, Bakrol Anand, Anand - 388315, Opp. H P Petrol Pump",+(91)-9725285310
Jagdamba Super Store,"Anand Sojitra Road,, Vithal Udyognagar, Anand - 388121, Near Vitthal Bhai Statue",
Yogesh Stores,"Umlav Village, Borsad, Anand - 388540, Opp Gram Panchayat",+(91)-9879710522
Patel Chimanbhai Nanabhai,"Tunka Rasta,, Anand Ho, Anand - 388001, Opp.super Market,",+(91)-9925670197
Shree Laxmi,"Anand - 388001, Opposite Ganesh Colony",+(91)-9714485625
Bhagya Laxmi Kirana Store,"Anand Ho, Anand - 388001, Near Bhagat Singh Statue, Near C P College",+(91)-2692-244681
Naseeb General Stores,"Ram Nagar, Anand Ho, Anand - 388001, Bus Station Chowk",+(91)-9924254928
Pramukh Provision Store,"Bhula Bhai Complex, 80 Feet Road, Anand Town, Anand - 388001, Opp. HP Petrol Pump",+(91)-9016543759
Kashyap Provision Store,"H.M. Patel Complex, Anand Vidhyanagar Road, Anand Ho, Anand - 388001, Below H M Patel Complex",+(91)-2692-248930
Hemant Kirana Store,"Rajodpura, Anand - 388001",+(91)-9924322968
S K General Store,"Rabarivas, Ode, Anand - 388210",+(91)-9904100558
Sonal Kirana Store,"11, Gj Sh 140, Pratap Nagar Society, Sherpura, Nagarkuva, Petlad, Anand - 388450",+(91)-9558654954
Arti Kirana Store,"Asarma Main Bazar, Anklav Anand, Anand - 388510, Near Dudh Dairy",+(91)-9328699074
Jalaram Kirana Store,"Krishna Nagar, Tarapur, Station Road, Tarapur Anand, Anand - 388180",+(91)-9978156541
Charbhuja Grenary Store,"Riddhi Complex, Lambhavel Road, Sardarganj, Anand - 388001, Opposite Reliance Super, Behind Sai Baba Temple",
Thakkar Dashrathlal S,"3-W/1678h, Viram Guest House, Anand - 388001, Dabhan Bhagol",+(91)-2692-264387
F. M. General Store,"Shop No .- 4, Swroup Complex,, Nr. Palak Hospital,, Anand Ho, Anand - 388001, Bhalej Road,",+(91)-9825908974
Ravi Trading,"1,P.b Shping Center, Station Road, Petlad, Anand - 388450, Petlad",+(91)-2697-225647
Shri Mahalaxmi Rice And Pul..,"Gidc 77 Kansari Road, Khambhat, ANAND - 388620, Near Ambika Steel And Cement  Suppliers",+(91)-2692-222402
Naseeb General Stores,"Ram Nagar, Anand Ho, Anand - 388001, Bus Station Chowk",+(91)-9924254928
Pramukh Provision Store,"Bhula Bhai Complex, 80 Feet Road, Anand Town, Anand - 388001, Opp. HP Petrol Pump",+(91)-9016543759
Kashyap Provision Store,"H.M. Patel Complex, Anand Vidhyanagar Road, Anand Ho, Anand - 388001, Below H M Patel Complex",+(91)-2692-248930
Hemant Kirana Store,"Rajodpura, Anand - 388001",+(91)-9924322968
S K General Store,"Rabarivas, Ode, Anand - 388210",+(91)-9904100558
Sonal Kirana Store,"11, Gj Sh 140, Pratap Nagar Society, Sherpura, Nagarkuva, Petlad, Anand - 388450",+(91)-9558654954
Arti Kirana Store,"Asarma Main Bazar, Anklav Anand, Anand - 388510, Near Dudh Dairy",+(91)-9328699074
Jalaram Kirana Store,"Krishna Nagar, Tarapur, Station Road, Tarapur Anand, Anand - 388180",+(91)-9978156541
Charbhuja Grenary Store,"Riddhi Complex, Lambhavel Road, Sardarganj, Anand - 388001, Opposite Reliance Super, Behind Sai Baba Temple",
Thakkar Dashrathlal S,"3-W/1678h, Viram Guest House, Anand - 388001, Dabhan Bhagol",+(91)-2692-264387
F. M. General Store,"Shop No .- 4, Swroup Complex,, Nr. Palak Hospital,, Anand Ho, Anand - 388001, Bhalej Road,",+(91)-9825908974
Ravi Trading,"1,P.b Shping Center, Station Road, Petlad, Anand - 388450, Petlad",+(91)-2697-225647
Shri Mahalaxmi Rice And Pul..,"Gidc 77 Kansari Road, Khambhat, ANAND - 388620, Near Ambika Steel And Cement  Suppliers",+(91)-2692-222402
F. M. General Store,"Shop No .- 4, Swroup Complex,, Nr. Palak Hospital,, Anand Ho, Anand - 388001, Bhalej Road,",+(91)-9825908974
Ravi Trading,"1,P.b Shping Center, Station Road, Petlad, Anand - 388450, Petlad",+(91)-2697-225647
Shri Mahalaxmi Rice And Pul..,"Gidc 77 Kansari Road, Khambhat, ANAND - 388620, Near Ambika Steel And Cement  Suppliers",+(91)-2692-222402
