New Style Studios,"S 4 2Nd Floor Radha Smruti, Vallabh Vidyanagar, Anand - 388120, Next to Swati Girls Hostel",07947322912
Lorean Salon & Academy,"1st Floor Above Ram Farsan, Near Big Bazar, Anand Vidyanagar Road, Anand, Anand Vidhyanagar Road, Anand Town, Anand - 388001, Opposite Alpha Restaurant",+(91)-9033688144
InTouch The Beauty Centre,"S/4 , Radha Smruti, Next to Swati Girls Hostel, Nana Bazar, Anand - 388120, V V Nagar",07947441679
Studio 7x12 Unisex Salon An..,"Shop No 10/11/12 4th Floor Krishna Aaron, Sardar Patel Raj Marg, Anand, Anand - 388001, Opposite Sanket Sale India Behind IRIS Hospital",07947082234
New Style Studio,"101, Santram Square, Amul Dairy Road, Amul Dairy, Anand - 388001, Opposite Essar Petrol Pump",07947077894
KD Tatoo & Saloon,"Shop No 2, Embassy Center, Motabazaar, Anand - 388120, Beside Golden Tea, Opposite Dominoz Pizza",+(91)-8401020902
Lady Beauty Care & Bridal S..,"1st Floor Time Square, A V Road, Vallabh Vidyanagar, Anand - 388120, Near Shree Satyanarayan Ice Cream",+(91)-9724066995
Shahnaz Herbal Salon,"2nd Floor,Gold Digital Cinema, Nr Nandbhoomi, Anand Town, Anand - 388001, Above Bata Showroom.",+(91)-2692-248958
Naturals Salon,"141 1st Floor Maruti Solaris, Anand Sojitra Road, Anand, Anand - 388121, Opposite Sarvoday Park Near Madhuban Resort",+(91)-9106807935
Kinjals Beauty Saloon & Aca..,"B 1, Vrundavan Society, Anand Vidhyanagar Road, Anand Town, Anand - 388001, Opposite Big Bazar, Town Hall",+(91)-9537054713
Hair Club Saloon,"Shop No. 6, Apple Heights Complex, Bakrol Vadtal Road, Vallabh Vidyanagar, Anand - 388120, Near University Circle Rughuvir Chamber Near Pushvkamal Hostel",+(91)-9723546601
J & K Signature Unisex Salo..,"FF 104 Radha Swami Sayujya, Near Manish Corner Opposite V.c.patel School A V Road, Vallabh Vidyanagar, Anand - 388120",+(91)-2692-356328
A One Hair And Beauty Studi..,"G-4, Chirnar Gulnar Complex, A V Road, Vidhyanagar Road, Anand Town, Anand - 388001, Oppposite Big Bazar",+(91)-02692-246899
New York Salon,"1st Floor, V K Chamber, Sardarganj, Anand - 388001, Near Town Hall",+(91)-02692-248039
Rutpit-hair & Beauty Studio,"F-8/9/10,Silver Oak,, Opp.panchal Hall,, Anand, Anand - 388121, A.V.road",+(91)-8460646036
La Belluz The Family Salon,"2nd Floor Shiv Sharnam Complex, Anand Vidhyanagar Road, Town, Anand - 388001, Near H M Patel Statue",+(91)-9723256990
Madhubhan Signature Salon,"C/O Madhubhan Resort & Spa, Anand  Sojitra Road, Vallabh Vidyanagar, Anand - 388120",+(91)-2692-239268
Lakme Salon,"Nilambar Complex, Anand Vidhya Nagar Road, Anand Ho, Anand - 388001, Near Suketu complex, Opposite Motikaka Chali",07947322888
As The Sports Salon,"Ground Floor, Bhai Kaka Circle, Mota Bazar, Vallabh Vidyanagar, Anand - 388120, Next Bandhan Bank, Opposite Ilsass Institute",+(91)-7203090888
Prince Mens Salon,"Shop No 4,5, Sujan 2 Complex, Karamsad Road, Vallabh Vidyanagar, Anand - 388120",+(91)-9825768483
New York Salon,"G/7, Rama Plaza, Mota Bazaar, Vallabh Vidyanagar, Anand - 388120, Near Vvcc Bank",+(91)-9714153053
New Jersey,"Shop No G 5, Krishna Complex, Anand Vidhyanagr Road, Anand - 388001, Opposte Dena Parivar",+(91)-9998567500
Bombay Unisex Salon,"F - 101, Bajrol Square, Bakrol Anand, Anand - 388315, Near Vaibhav Cinema",+(91)-9724084544
New Era Professional Salon ..,"First Floor 12 A, R K Complex, Mota Bazar, Vallabh Vidhyanagar, Anand Ho, Anand - 388001, Opposite Home Science College",07947081582
Kavya Hair Cutting,"Naheru Bag Road, Anand Ho, Anand - 388001, Behind New Bus Stand, Ambica Chowk",+(91)-9824154298
VLCC Healthcare Ltd,"218, Sigma Complex, Vidhyanagar Station Road, Vallabh Vidyanagar, Anand - 388120, Opposite Pragati Maidan",+(91)-9898579134
My Style Hair Salon,"Shop F 13, Ground Floor, Super Market, Nana Bazar, Anand - 388120, Near Milk Dairy",+(91)-9924334481
Le Beau Beauty Salon & Brid..,"A/22, Neelkanth Tenament, H.M.Patel Road, Vallabh Vidyanagar, Anand - 388120, Near Rutu Ice Cream, Opposite Maglik Party Plot",+(91)-9727000352
Shaily Bridal Studio,"6, Pratap Nagar Society, Nagarkuva, Petlad, Anand - 388450, Opposite Town Hall",+(91)-9913247273
Cute Family Saloon,"Shop No F 1 Royal Envision, A V Road, Anand - 388121, Opposite Alfa Restaurant",+(91)-9924783507
Re-panzel Hair & Beauty Stu..,"Krishna Estate, Station Road, Anand Town, Anand - 388001, Above Saregama Mobile Near Gopal Chokdi",+(91)-2692-259588
New Style Hair Creations,"Shop No 306, Sanket Tower, Anand Ho, Anand - 388001, Near Grid",+(91)-9904706604
Bollywood The Family Salon,"A-1, Near, Jessi De Parathe,, Anand Vidhyanagar Road, Vallabh Vidyanagar, Anand - 388120, Near Jariya Talavdi",+(91)-8690097666
Sangam Hair Salon,"Society Kedar Park, Anand Town, Anand - 388001",+(91)-9998440817
Sangam hair salon,"Anand - 388001, Near City Point Restaurant Borshad Crossing",+(91)-9924561163
Beauty Zone Salon& Fashion ..,"Ketivadi, Vallabh Vidhyanagar, Vallabh Vidyanagar, Anand - 388120",+(91)-9638962062
New Roopam Hair Saloon,"Station, Bus Road, Khambhat, Khambhat - 388620",+(91)-9979164339
Newyork Salon,"Popati Nagar, Amul Dairy Road, Amul Dairy, Anand - 388001, Near ,Opposite Essar Petrol Pump",+(91)-7778077735
B-Smart Unisex Salon,"F-5,6 Radhamohan Complex, Iskon Road, Vallabh Vidyanagar, Anand - 388120",+(91)-7433825559
Hollywood The Family Saloon,"1st Floor, Radha Swami Pawan, Above Real Bake Shop, Bhalej Road, Anand - 388001, Opposite N.S. Patel College",+(91)-6299659063
Imax Hair Salon,"Gautam Nagar Society, Nagarkuva, Petlad, Anand - 388480",+(91)-9978577372
Imax Hair Salon,"Radhey Complex, College, Chokdi, Petlad, Anand - 388450",+(91)-9978577372
Newyork Salon,"Patel Colony, Chandralok Society, Ganesh Chokdi, Sardarganj, Anand - 388001",+(91)-9913627009
Call A Salon,"304, Radha Keshav Complex, Mota Bazaar, Anand - 388315, Vallabh Vidyanagar",+(91)-9998789070
Angrez The Salon,"14,Commerce Complex Near Gopal Cross, Shastri Baug Road, Anand Town, Anand - 388001",+(91)-9033188913
New Xxx Hair Salon,"Shop No 9, Lower Ground, Vallabh Plaza, Sojitra Road, Karamsad Anand, Anand - 388325, Opposite Badiyadev Temple",+(91)-8511100581
Aloha Saloon & Spa,"Shop No 108 Maruti Sadan Complex, 80 Feet Road, Anand, Anand - 388001, Near Ganpati Temple",07947080250
Drishti Beauty Care,"Jashganga, Railway Station Road, Anand, Anand - 388121, Behind Zankar, Near Rama Residency,Near Kishor Plaza",+(91)-8849969337
Riddhi Beauty Salon,"43, Pratap Nagar Society, Nagarkuva, Petlad, Anand - 388450, Opposite Town Hall",+(91)-7600979871
Maruti The Family Beauty Sa..,"112, Maruti Sharanam, Anand Vidyanagar Road, Anand Town, Anand - 388001, Opposite Nand Bhumi",+(91)-9825733773
Kunj Hair Style,"Tarapur-Vasad Hwy, Vaherakhadi, Vasad, Vasad Anand, Anand - 388306",+(91)-7874145535
Pink City Hair Style,"B-28, Krishna Complex, Borsad Cross Road, Anand - 388001, Opposite Petrol Pump",+(91)-9998846155
Collegian Hair Style & Gent..,"Royal Plaza, Anand - 388001",+(91)-7801918718
Janki Beauty Parlour,"Vasad, Vasad Anand, Anand - 388306",+(91)-2692-274578
Shree Hari Imitation & Beau..,"Avishkar Appt,, Opp Big Bazar,, Anand Town, Anand - 388001, Vvnagar Road,",+(91)-9898203253
Cre8 Salon,"1St Floor Chitrangana Complex, Anand Vidhyanagar Road, Anand Town, Anand - 388001, Opposite Triveni Complex Above Ram Lela",+(91)-7383841008
All New Style Hair & Care,"G-1, Shree Ram Sadan Complex, Tara Towers, Karamsad - Vidya Nagar, Karamsad, Karamsad Road, Anand - 388325",+(91)-9925137990
Orchid Beauty Salon,"G 2, Shree  Ram Sadan, Anand - 388121, Opposite Shapath Residency",+(91)-8849066033
Gautams Forever Salon And S..,"Shop No F-1, Radhakunj Complex, Iscon Road, Vallabh Vidyanagar, Anand - 388120, Opposite Architect College",+(91)-9426264675
Chinese Hair Studio,"F/4,  Radha Kunj, Nava Bazar Road, Vallabh Vidyanagar, Anand - 388120, Opposite Architecture Colleges",+(91)-9974669442
Taj Hair Art,"Gujarati Chowk, Ganesh Chokdi, Polson Dairy Road, Sardarganj, Anand - 388001",+(91)-9924461520
New Style Beauty Centre,"116 Bhaishree Mall, Anand Crossing Road, Borsad, Borsad - 388540, Near C M Park",+(91)-02696-220063
Shree Sangam Hair Salon,"F-20, Jay Laxmi Tower, Anand Sojitra Road, Anand - 388001, Opposite Lacasa In Hotel",+(91)-9898496983
New Joy Hair Art & Beauty P..,"Amuk Dairy Road, Anand Ho, Anand - 388001",+(91)-2692-267022
Apple Saloon ,"Laxmi Plaza, Darukhanu, Tarapur, Tarapur Anand, Anand - 388180",+(91)-9409214994
Virgin Beauty Parlour,"1/2 Kalpesh Estate, Station Road, Old Road, Anand Ho, Anand - 388001, Near Laxmi Cinema",+(91)-02692-267823
Blue Diamond Family Salons,"Ff6, I Galaxy In Complex, Mahatma Gandhi Road, Anand - 388001, Near Gandhi Statue",+(91)-9601695909
Natural Spa,"S10 2nd Floor Above Shashvat Hospital and Desai Corner, 100 Feet Road, Anand HO, Anand - 388001, Near Indira Gandhi Statue",+(91)-7777930222
Navkala Hair & Care,"G/10  Shri Hari Complex, Amul Dairy Road, Amul Dairy, Anand - 388001",+(91)-9879515482
Tomorrowworld Barber Shop,"Ridhi Sidhi Arced, Patel Chokdi, Vivekanand Wadi, 80 Feet Road, Anand - 388001",+(91)-8866191240
Metro Unisex Salon & Academ..,"107, Shree Ram Akshar Bhavan Complex, Karamsad Road, Vallabh Vidyanagar, Anand - 388120, Near Iscon Temple",+(91)-9426507572
New York The Salon,"Near Mahendra Shah Hospital, Bhalej Road, Anand - 388001, Near N.S. Patel Circle",+(91)-9173836006
A-One Hair Art,"Bus Stand, Shop No.13, Khambhat, Anand - 388620, Next",+(91)-9978001313
New Style Hair Studio,"116, Bhaishree Mall, Ashoknagar, Lakulesh Nagar, Borsad, Anand - 388540",+(91)-9638263688
Grace Beauty Care,"G 6 Shreeji Darshan Complex, Karamsad Crossing, Vallabh Vidyanagar, Anand - 388120",+(91)-9909128018
B-smart Hair Saloon,"F-5, Radha Mohan Complex, Iskon Road, Vallabh Vidyanagar, Anand - 388120, Near Iskcon Temple",+(91)-9974281488
Silver Eyes,"Laxmi Cinema Char Rasta, Anand Ho, Anand - 388001, Mafatlal Showroom, Krupa Medical Basement",+(91)-2692-266961
Genus Unisex Salon,"F1/F2, First Floor, R.K. Hub Complex, Janta Chokdi Road, Vallabh Vidyanagar, Anand - 388120, Near Vallabhvidhyanagar",+(91)-9033399199
Saurashtra The Family Salon,"Vivekandand Society, Station Road, Khambhat, Anand - 388620",+(91)-9909856300
Princess Beauty Saloon,"10, Pincess Beauty Saloon S.b Complex, College Road, Petlad, Anand - 388450",+(91)-9725266645
Osam Spa & Salon,"S-6 2nd Floor Diwali Baa Chamber, Mota Bazar, Vallabh Vidyanagar, Anand - 388120, Near ICICI Bank",+(91)-8469115134
Beauty Box Spa & Saloon,"Bakrol Gate, Bakrol Anand, Anand - 388315",+(91)-9725893999
Saurastra Hair & Care,"Gj Sh 6, G.I.D.c, Khambhat, Anand - 388620",+(91)-9726863001
Avon Beauty Care,"1, Chandralok Society, Bhalej Road, Town, Anand - 388001, Behind N H Patel College",+(91)-9409272186
New York The Salon,"102, Santram Square, Amul Dairy Road, Amul Dairy, Anand - 388001, Above Kotak Mahindra Bank",+(91)-7778077735
Modern Life Style,"No 104, 1st Floor, Krishana Gelleria Complex, Anand Vidhyanagar Road, Anand Town, Anand - 388001, Near H P Petrol Pump",+(91)-9925292051
Akshay Hair & Care,"F 2 Radha Complex, Karamsad Road, Vallabh Vidyanagar, Anand - 388120, Near Iskon Mandir",+(91)-9904163671
Relax Hair Art,"First Floor 10, Dev's Red Square, Opp. Yogi Petrol pump, Anand HO, Anand - 388001, Bhalej Road",+(91)-9601103466
Mahendra Hair Dresser,"Shop No 42, H M Patel Market, Anand Vidhyanagar Road, Khaudhra Lane, Anand Town, Anand - 388001, Opposite Apc",+(91)-9033113689
Infinity Saloon,"107,Shree Ram Sanidhya, Ganesh Road, Anand - 388001, Near Ganesh Dugdhalaya",+(91)-9925248367
Rajasthan Hair Art,"Jalaram Society, Near Mogari Road, Anand - 388001, Opposite Dwarkesh Chamber",+(91)-9974861926
Maruti hair & care,"Near Janta Crossing, Vithal Udyognagar, Anand - 388121, Near Sak Market",+(91)-9925719812
Modern Professional Unisex ..,"8, Manish Shopping Center, Anand Vidyanagar Road, Vallabh Vidyanagar, Anand - 388120, Near Vvn",+(91)-7575034865
Belle Beauty And Salon,"Gurukrupa Sachin Avenue, 80 Feet Road, Anand, Anand - 388121, Behind J K Anand Marriage Hall",+(91)-9898449577
 Hair Salon,"Home, Av Road Anand, Anand, Anand - 388121, In Call",+(91)-7668318221
Rangoli Hair & Care,"P.Chandra Tower, 10, Borsad, Borsad - 388540",+(91)-9904129844
Kshetrapal Hair Style,"Gj Sh 12, Lingda, Anand - 388220",+(91)-7383989016
Vinus Hair & Beauty Saloon,"Zandachowk, Jawahar Road, Khambhat, Anand - 388620, Near Jagruti Press",+(91)-9974262683
Natural Spa & Beauty Care,"13, Ground Floor, Milestone, Anand Vidhyanagar Road, Anand Ho, Anand - 388001, Opposite Triveni Complex",
Rajesh Mens Parlour,"Greed Chowkdi Nr Vishal Bakry, Lambhvel Road, Anand Ho, Anand - 388001",+(91)-9638611198
Kinjals Beauty Saloon & Aca..,"B 1, Vrundavan Society, Anand Vidhyanagar Road, Anand Town, Anand - 388001, Opposite Big Bazar, Town Hall",+(91)-9537054713
J & K Signature Unisex Salo..,"FF 104 Radha Swami Sayujya, Near Manish Corner Opposite V.c.patel School A V Road, Vallabh Vidyanagar, Anand - 388120",+(91)-2692-356328
A One Hair And Beauty Studi..,"G-4, Chirnar Gulnar Complex, A V Road, Vidhyanagar Road, Anand Town, Anand - 388001, Oppposite Big Bazar",+(91)-02692-246899
New York Salon,"1st Floor, V K Chamber, Sardarganj, Anand - 388001, Near Town Hall",+(91)-02692-248039
Rutpit-hair & Beauty Studio,"F-8/9/10,Silver Oak,, Opp.panchal Hall,, Anand, Anand - 388121, A.V.road",+(91)-8460646036
La Belluz The Family Salon,"2nd Floor Shiv Sharnam Complex, Anand Vidhyanagar Road, Town, Anand - 388001, Near H M Patel Statue",+(91)-9723256990
Madhubhan Signature Salon,"C/O Madhubhan Resort & Spa, Anand  Sojitra Road, Vallabh Vidyanagar, Anand - 388120",+(91)-2692-239268
Lakme Salon,"Nilambar Complex, Anand Vidhya Nagar Road, Anand Ho, Anand - 388001, Near Suketu complex, Opposite Motikaka Chali",07947322888
As The Sports Salon,"Ground Floor, Bhai Kaka Circle, Mota Bazar, Vallabh Vidyanagar, Anand - 388120, Next Bandhan Bank, Opposite Ilsass Institute",+(91)-7203090888
Prince Mens Salon,"Shop No 4,5, Sujan 2 Complex, Karamsad Road, Vallabh Vidyanagar, Anand - 388120",+(91)-9825768483
New York Salon,"G/7, Rama Plaza, Mota Bazaar, Vallabh Vidyanagar, Anand - 388120, Near Vvcc Bank",+(91)-9714153053
New Jersey,"Shop No G 5, Krishna Complex, Anand Vidhyanagr Road, Anand - 388001, Opposte Dena Parivar",+(91)-9998567500
Bombay Unisex Salon,"F - 101, Bajrol Square, Bakrol Anand, Anand - 388315, Near Vaibhav Cinema",+(91)-9724084544
New Era Professional Salon ..,"First Floor 12 A, R K Complex, Mota Bazar, Vallabh Vidhyanagar, Anand Ho, Anand - 388001, Opposite Home Science College",07947081582
Kavya Hair Cutting,"Naheru Bag Road, Anand Ho, Anand - 388001, Behind New Bus Stand, Ambica Chowk",+(91)-9824154298
VLCC Healthcare Ltd,"218, Sigma Complex, Vidhyanagar Station Road, Vallabh Vidyanagar, Anand - 388120, Opposite Pragati Maidan",+(91)-9898579134
My Style Hair Salon,"Shop F 13, Ground Floor, Super Market, Nana Bazar, Anand - 388120, Near Milk Dairy",+(91)-9924334481
Le Beau Beauty Salon & Brid..,"A/22, Neelkanth Tenament, H.M.Patel Road, Vallabh Vidyanagar, Anand - 388120, Near Rutu Ice Cream, Opposite Maglik Party Plot",+(91)-9727000352
Shaily Bridal Studio,"6, Pratap Nagar Society, Nagarkuva, Petlad, Anand - 388450, Opposite Town Hall",+(91)-9913247273
Cute Family Saloon,"Shop No F 1 Royal Envision, A V Road, Anand - 388121, Opposite Alfa Restaurant",+(91)-9924783507
Re-panzel Hair & Beauty Stu..,"Krishna Estate, Station Road, Anand Town, Anand - 388001, Above Saregama Mobile Near Gopal Chokdi",+(91)-2692-259588
New Style Hair Creations,"Shop No 306, Sanket Tower, Anand Ho, Anand - 388001, Near Grid",+(91)-9904706604
Bollywood The Family Salon,"A-1, Near, Jessi De Parathe,, Anand Vidhyanagar Road, Vallabh Vidyanagar, Anand - 388120, Near Jariya Talavdi",+(91)-8690097666
Sangam Hair Salon,"Society Kedar Park, Anand Town, Anand - 388001",+(91)-9998440817
Sangam hair salon,"Anand - 388001, Near City Point Restaurant Borshad Crossing",+(91)-9924561163
Beauty Zone Salon& Fashion ..,"Ketivadi, Vallabh Vidhyanagar, Vallabh Vidyanagar, Anand - 388120",+(91)-9638962062
New Roopam Hair Saloon,"Station, Bus Road, Khambhat, Khambhat - 388620",+(91)-9979164339
Newyork Salon,"Popati Nagar, Amul Dairy Road, Amul Dairy, Anand - 388001, Near ,Opposite Essar Petrol Pump",+(91)-7778077735
B-Smart Unisex Salon,"F-5,6 Radhamohan Complex, Iskon Road, Vallabh Vidyanagar, Anand - 388120",+(91)-7433825559
Hollywood The Family Saloon,"1st Floor, Radha Swami Pawan, Above Real Bake Shop, Bhalej Road, Anand - 388001, Opposite N.S. Patel College",+(91)-6299659063
Imax Hair Salon,"Gautam Nagar Society, Nagarkuva, Petlad, Anand - 388480",+(91)-9978577372
Imax Hair Salon,"Radhey Complex, College, Chokdi, Petlad, Anand - 388450",+(91)-9978577372
Newyork Salon,"Patel Colony, Chandralok Society, Ganesh Chokdi, Sardarganj, Anand - 388001",+(91)-9913627009
Call A Salon,"304, Radha Keshav Complex, Mota Bazaar, Anand - 388315, Vallabh Vidyanagar",+(91)-9998789070
Angrez The Salon,"14,Commerce Complex Near Gopal Cross, Shastri Baug Road, Anand Town, Anand - 388001",+(91)-9033188913
New Xxx Hair Salon,"Shop No 9, Lower Ground, Vallabh Plaza, Sojitra Road, Karamsad Anand, Anand - 388325, Opposite Badiyadev Temple",+(91)-8511100581
Aloha Saloon & Spa,"Shop No 108 Maruti Sadan Complex, 80 Feet Road, Anand, Anand - 388001, Near Ganpati Temple",07947080250
Drishti Beauty Care,"Jashganga, Railway Station Road, Anand, Anand - 388121, Behind Zankar, Near Rama Residency,Near Kishor Plaza",+(91)-8849969337
Riddhi Beauty Salon,"43, Pratap Nagar Society, Nagarkuva, Petlad, Anand - 388450, Opposite Town Hall",+(91)-7600979871
Maruti The Family Beauty Sa..,"112, Maruti Sharanam, Anand Vidyanagar Road, Anand Town, Anand - 388001, Opposite Nand Bhumi",+(91)-9825733773
Kunj Hair Style,"Tarapur-Vasad Hwy, Vaherakhadi, Vasad, Vasad Anand, Anand - 388306",+(91)-7874145535
Pink City Hair Style,"B-28, Krishna Complex, Borsad Cross Road, Anand - 388001, Opposite Petrol Pump",+(91)-9998846155
Collegian Hair Style & Gent..,"Royal Plaza, Anand - 388001",+(91)-7801918718
Janki Beauty Parlour,"Vasad, Vasad Anand, Anand - 388306",+(91)-2692-274578
Shree Hari Imitation & Beau..,"Avishkar Appt,, Opp Big Bazar,, Anand Town, Anand - 388001, Vvnagar Road,",+(91)-9898203253
Cre8 Salon,"1St Floor Chitrangana Complex, Anand Vidhyanagar Road, Anand Town, Anand - 388001, Opposite Triveni Complex Above Ram Lela",+(91)-7383841008
All New Style Hair & Care,"G-1, Shree Ram Sadan Complex, Tara Towers, Karamsad - Vidya Nagar, Karamsad, Karamsad Road, Anand - 388325",+(91)-9925137990
Orchid Beauty Salon,"G 2, Shree  Ram Sadan, Anand - 388121, Opposite Shapath Residency",+(91)-8849066033
Gautams Forever Salon And S..,"Shop No F-1, Radhakunj Complex, Iscon Road, Vallabh Vidyanagar, Anand - 388120, Opposite Architect College",+(91)-9426264675
Chinese Hair Studio,"F/4,  Radha Kunj, Nava Bazar Road, Vallabh Vidyanagar, Anand - 388120, Opposite Architecture Colleges",+(91)-9974669442
Taj Hair Art,"Gujarati Chowk, Ganesh Chokdi, Polson Dairy Road, Sardarganj, Anand - 388001",+(91)-9924461520
New Style Beauty Centre,"116 Bhaishree Mall, Anand Crossing Road, Borsad, Borsad - 388540, Near C M Park",+(91)-02696-220063
Shree Sangam Hair Salon,"F-20, Jay Laxmi Tower, Anand Sojitra Road, Anand - 388001, Opposite Lacasa In Hotel",+(91)-9898496983
New Joy Hair Art & Beauty P..,"Amuk Dairy Road, Anand Ho, Anand - 388001",+(91)-2692-267022
Apple Saloon ,"Laxmi Plaza, Darukhanu, Tarapur, Tarapur Anand, Anand - 388180",+(91)-9409214994
Virgin Beauty Parlour,"1/2 Kalpesh Estate, Station Road, Old Road, Anand Ho, Anand - 388001, Near Laxmi Cinema",+(91)-02692-267823
Blue Diamond Family Salons,"Ff6, I Galaxy In Complex, Mahatma Gandhi Road, Anand - 388001, Near Gandhi Statue",+(91)-9601695909
Natural Spa,"S10 2nd Floor Above Shashvat Hospital and Desai Corner, 100 Feet Road, Anand HO, Anand - 388001, Near Indira Gandhi Statue",+(91)-7777930222
Navkala Hair & Care,"G/10  Shri Hari Complex, Amul Dairy Road, Amul Dairy, Anand - 388001",+(91)-9879515482
Tomorrowworld Barber Shop,"Ridhi Sidhi Arced, Patel Chokdi, Vivekanand Wadi, 80 Feet Road, Anand - 388001",+(91)-8866191240
Metro Unisex Salon & Academ..,"107, Shree Ram Akshar Bhavan Complex, Karamsad Road, Vallabh Vidyanagar, Anand - 388120, Near Iscon Temple",+(91)-9426507572
New York The Salon,"Near Mahendra Shah Hospital, Bhalej Road, Anand - 388001, Near N.S. Patel Circle",+(91)-9173836006
A-One Hair Art,"Bus Stand, Shop No.13, Khambhat, Anand - 388620, Next",+(91)-9978001313
New Style Hair Studio,"116, Bhaishree Mall, Ashoknagar, Lakulesh Nagar, Borsad, Anand - 388540",+(91)-9638263688
Grace Beauty Care,"G 6 Shreeji Darshan Complex, Karamsad Crossing, Vallabh Vidyanagar, Anand - 388120",+(91)-9909128018
B-smart Hair Saloon,"F-5, Radha Mohan Complex, Iskon Road, Vallabh Vidyanagar, Anand - 388120, Near Iskcon Temple",+(91)-9974281488
Silver Eyes,"Laxmi Cinema Char Rasta, Anand Ho, Anand - 388001, Mafatlal Showroom, Krupa Medical Basement",+(91)-2692-266961
Genus Unisex Salon,"F1/F2, First Floor, R.K. Hub Complex, Janta Chokdi Road, Vallabh Vidyanagar, Anand - 388120, Near Vallabhvidhyanagar",+(91)-9033399199
Saurashtra The Family Salon,"Vivekandand Society, Station Road, Khambhat, Anand - 388620",+(91)-9909856300
Princess Beauty Saloon,"10, Pincess Beauty Saloon S.b Complex, College Road, Petlad, Anand - 388450",+(91)-9725266645
Osam Spa & Salon,"S-6 2nd Floor Diwali Baa Chamber, Mota Bazar, Vallabh Vidyanagar, Anand - 388120, Near ICICI Bank",+(91)-8469115134
Beauty Box Spa & Saloon,"Bakrol Gate, Bakrol Anand, Anand - 388315",+(91)-9725893999
Saurastra Hair & Care,"Gj Sh 6, G.I.D.c, Khambhat, Anand - 388620",+(91)-9726863001
Avon Beauty Care,"1, Chandralok Society, Bhalej Road, Town, Anand - 388001, Behind N H Patel College",+(91)-9409272186
New York The Salon,"102, Santram Square, Amul Dairy Road, Amul Dairy, Anand - 388001, Above Kotak Mahindra Bank",+(91)-7778077735
Modern Life Style,"No 104, 1st Floor, Krishana Gelleria Complex, Anand Vidhyanagar Road, Anand Town, Anand - 388001, Near H P Petrol Pump",+(91)-9925292051
Akshay Hair & Care,"F 2 Radha Complex, Karamsad Road, Vallabh Vidyanagar, Anand - 388120, Near Iskon Mandir",+(91)-9904163671
Relax Hair Art,"First Floor 10, Dev's Red Square, Opp. Yogi Petrol pump, Anand HO, Anand - 388001, Bhalej Road",+(91)-9601103466
Mahendra Hair Dresser,"Shop No 42, H M Patel Market, Anand Vidhyanagar Road, Khaudhra Lane, Anand Town, Anand - 388001, Opposite Apc",+(91)-9033113689
Infinity Saloon,"107,Shree Ram Sanidhya, Ganesh Road, Anand - 388001, Near Ganesh Dugdhalaya",+(91)-9925248367
Rajasthan Hair Art,"Jalaram Society, Near Mogari Road, Anand - 388001, Opposite Dwarkesh Chamber",+(91)-9974861926
Maruti hair & care,"Near Janta Crossing, Vithal Udyognagar, Anand - 388121, Near Sak Market",+(91)-9925719812
Modern Professional Unisex ..,"8, Manish Shopping Center, Anand Vidyanagar Road, Vallabh Vidyanagar, Anand - 388120, Near Vvn",+(91)-7575034865
Belle Beauty And Salon,"Gurukrupa Sachin Avenue, 80 Feet Road, Anand, Anand - 388121, Behind J K Anand Marriage Hall",+(91)-9898449577
 Hair Salon,"Home, Av Road Anand, Anand, Anand - 388121, In Call",+(91)-7668318221
Rangoli Hair & Care,"P.Chandra Tower, 10, Borsad, Borsad - 388540",+(91)-9904129844
Kshetrapal Hair Style,"Gj Sh 12, Lingda, Anand - 388220",+(91)-7383989016
Vinus Hair & Beauty Saloon,"Zandachowk, Jawahar Road, Khambhat, Anand - 388620, Near Jagruti Press",+(91)-9974262683
Natural Spa & Beauty Care,"13, Ground Floor, Milestone, Anand Vidhyanagar Road, Anand Ho, Anand - 388001, Opposite Triveni Complex",
Rajesh Mens Parlour,"Greed Chowkdi Nr Vishal Bakry, Lambhvel Road, Anand Ho, Anand - 388001",+(91)-9638611198
New York Salon,"G/7, Rama Plaza, Mota Bazaar, Vallabh Vidyanagar, Anand - 388120, Near Vvcc Bank",+(91)-9714153053
New Jersey,"Shop No G 5, Krishna Complex, Anand Vidhyanagr Road, Anand - 388001, Opposte Dena Parivar",+(91)-9998567500
Bombay Unisex Salon,"F - 101, Bajrol Square, Bakrol Anand, Anand - 388315, Near Vaibhav Cinema",+(91)-9724084544
New Era Professional Salon ..,"First Floor 12 A, R K Complex, Mota Bazar, Vallabh Vidhyanagar, Anand Ho, Anand - 388001, Opposite Home Science College",07947081582
Kavya Hair Cutting,"Naheru Bag Road, Anand Ho, Anand - 388001, Behind New Bus Stand, Ambica Chowk",+(91)-9824154298
VLCC Healthcare Ltd,"218, Sigma Complex, Vidhyanagar Station Road, Vallabh Vidyanagar, Anand - 388120, Opposite Pragati Maidan",+(91)-9898579134
My Style Hair Salon,"Shop F 13, Ground Floor, Super Market, Nana Bazar, Anand - 388120, Near Milk Dairy",+(91)-9924334481
Le Beau Beauty Salon & Brid..,"A/22, Neelkanth Tenament, H.M.Patel Road, Vallabh Vidyanagar, Anand - 388120, Near Rutu Ice Cream, Opposite Maglik Party Plot",+(91)-9727000352
Shaily Bridal Studio,"6, Pratap Nagar Society, Nagarkuva, Petlad, Anand - 388450, Opposite Town Hall",+(91)-9913247273
Cute Family Saloon,"Shop No F 1 Royal Envision, A V Road, Anand - 388121, Opposite Alfa Restaurant",+(91)-9924783507
Re-panzel Hair & Beauty Stu..,"Krishna Estate, Station Road, Anand Town, Anand - 388001, Above Saregama Mobile Near Gopal Chokdi",+(91)-2692-259588
New Style Hair Creations,"Shop No 306, Sanket Tower, Anand Ho, Anand - 388001, Near Grid",+(91)-9904706604
Bollywood The Family Salon,"A-1, Near, Jessi De Parathe,, Anand Vidhyanagar Road, Vallabh Vidyanagar, Anand - 388120, Near Jariya Talavdi",+(91)-8690097666
Sangam Hair Salon,"Society Kedar Park, Anand Town, Anand - 388001",+(91)-9998440817
Sangam hair salon,"Anand - 388001, Near City Point Restaurant Borshad Crossing",+(91)-9924561163
Beauty Zone Salon& Fashion ..,"Ketivadi, Vallabh Vidhyanagar, Vallabh Vidyanagar, Anand - 388120",+(91)-9638962062
New Roopam Hair Saloon,"Station, Bus Road, Khambhat, Khambhat - 388620",+(91)-9979164339
Newyork Salon,"Popati Nagar, Amul Dairy Road, Amul Dairy, Anand - 388001, Near ,Opposite Essar Petrol Pump",+(91)-7778077735
B-Smart Unisex Salon,"F-5,6 Radhamohan Complex, Iskon Road, Vallabh Vidyanagar, Anand - 388120",+(91)-7433825559
Hollywood The Family Saloon,"1st Floor, Radha Swami Pawan, Above Real Bake Shop, Bhalej Road, Anand - 388001, Opposite N.S. Patel College",+(91)-6299659063
Imax Hair Salon,"Gautam Nagar Society, Nagarkuva, Petlad, Anand - 388480",+(91)-9978577372
Imax Hair Salon,"Radhey Complex, College, Chokdi, Petlad, Anand - 388450",+(91)-9978577372
Newyork Salon,"Patel Colony, Chandralok Society, Ganesh Chokdi, Sardarganj, Anand - 388001",+(91)-9913627009
Call A Salon,"304, Radha Keshav Complex, Mota Bazaar, Anand - 388315, Vallabh Vidyanagar",+(91)-9998789070
Angrez The Salon,"14,Commerce Complex Near Gopal Cross, Shastri Baug Road, Anand Town, Anand - 388001",+(91)-9033188913
New Xxx Hair Salon,"Shop No 9, Lower Ground, Vallabh Plaza, Sojitra Road, Karamsad Anand, Anand - 388325, Opposite Badiyadev Temple",+(91)-8511100581
Aloha Saloon & Spa,"Shop No 108 Maruti Sadan Complex, 80 Feet Road, Anand, Anand - 388001, Near Ganpati Temple",07947080250
Drishti Beauty Care,"Jashganga, Railway Station Road, Anand, Anand - 388121, Behind Zankar, Near Rama Residency,Near Kishor Plaza",+(91)-8849969337
Riddhi Beauty Salon,"43, Pratap Nagar Society, Nagarkuva, Petlad, Anand - 388450, Opposite Town Hall",+(91)-7600979871
Maruti The Family Beauty Sa..,"112, Maruti Sharanam, Anand Vidyanagar Road, Anand Town, Anand - 388001, Opposite Nand Bhumi",+(91)-9825733773
Kunj Hair Style,"Tarapur-Vasad Hwy, Vaherakhadi, Vasad, Vasad Anand, Anand - 388306",+(91)-7874145535
Pink City Hair Style,"B-28, Krishna Complex, Borsad Cross Road, Anand - 388001, Opposite Petrol Pump",+(91)-9998846155
Collegian Hair Style & Gent..,"Royal Plaza, Anand - 388001",+(91)-7801918718
Janki Beauty Parlour,"Vasad, Vasad Anand, Anand - 388306",+(91)-2692-274578
Shree Hari Imitation & Beau..,"Avishkar Appt,, Opp Big Bazar,, Anand Town, Anand - 388001, Vvnagar Road,",+(91)-9898203253
Cre8 Salon,"1St Floor Chitrangana Complex, Anand Vidhyanagar Road, Anand Town, Anand - 388001, Opposite Triveni Complex Above Ram Lela",+(91)-7383841008
All New Style Hair & Care,"G-1, Shree Ram Sadan Complex, Tara Towers, Karamsad - Vidya Nagar, Karamsad, Karamsad Road, Anand - 388325",+(91)-9925137990
Orchid Beauty Salon,"G 2, Shree  Ram Sadan, Anand - 388121, Opposite Shapath Residency",+(91)-8849066033
Gautams Forever Salon And S..,"Shop No F-1, Radhakunj Complex, Iscon Road, Vallabh Vidyanagar, Anand - 388120, Opposite Architect College",+(91)-9426264675
Chinese Hair Studio,"F/4,  Radha Kunj, Nava Bazar Road, Vallabh Vidyanagar, Anand - 388120, Opposite Architecture Colleges",+(91)-9974669442
Taj Hair Art,"Gujarati Chowk, Ganesh Chokdi, Polson Dairy Road, Sardarganj, Anand - 388001",+(91)-9924461520
New Style Beauty Centre,"116 Bhaishree Mall, Anand Crossing Road, Borsad, Borsad - 388540, Near C M Park",+(91)-02696-220063
Shree Sangam Hair Salon,"F-20, Jay Laxmi Tower, Anand Sojitra Road, Anand - 388001, Opposite Lacasa In Hotel",+(91)-9898496983
New Joy Hair Art & Beauty P..,"Amuk Dairy Road, Anand Ho, Anand - 388001",+(91)-2692-267022
Apple Saloon ,"Laxmi Plaza, Darukhanu, Tarapur, Tarapur Anand, Anand - 388180",+(91)-9409214994
Virgin Beauty Parlour,"1/2 Kalpesh Estate, Station Road, Old Road, Anand Ho, Anand - 388001, Near Laxmi Cinema",+(91)-02692-267823
Blue Diamond Family Salons,"Ff6, I Galaxy In Complex, Mahatma Gandhi Road, Anand - 388001, Near Gandhi Statue",+(91)-9601695909
Natural Spa,"S10 2nd Floor Above Shashvat Hospital and Desai Corner, 100 Feet Road, Anand HO, Anand - 388001, Near Indira Gandhi Statue",+(91)-7777930222
Navkala Hair & Care,"G/10  Shri Hari Complex, Amul Dairy Road, Amul Dairy, Anand - 388001",+(91)-9879515482
Tomorrowworld Barber Shop,"Ridhi Sidhi Arced, Patel Chokdi, Vivekanand Wadi, 80 Feet Road, Anand - 388001",+(91)-8866191240
Metro Unisex Salon & Academ..,"107, Shree Ram Akshar Bhavan Complex, Karamsad Road, Vallabh Vidyanagar, Anand - 388120, Near Iscon Temple",+(91)-9426507572
New York The Salon,"Near Mahendra Shah Hospital, Bhalej Road, Anand - 388001, Near N.S. Patel Circle",+(91)-9173836006
A-One Hair Art,"Bus Stand, Shop No.13, Khambhat, Anand - 388620, Next",+(91)-9978001313
New Style Hair Studio,"116, Bhaishree Mall, Ashoknagar, Lakulesh Nagar, Borsad, Anand - 388540",+(91)-9638263688
Grace Beauty Care,"G 6 Shreeji Darshan Complex, Karamsad Crossing, Vallabh Vidyanagar, Anand - 388120",+(91)-9909128018
B-smart Hair Saloon,"F-5, Radha Mohan Complex, Iskon Road, Vallabh Vidyanagar, Anand - 388120, Near Iskcon Temple",+(91)-9974281488
Silver Eyes,"Laxmi Cinema Char Rasta, Anand Ho, Anand - 388001, Mafatlal Showroom, Krupa Medical Basement",+(91)-2692-266961
Genus Unisex Salon,"F1/F2, First Floor, R.K. Hub Complex, Janta Chokdi Road, Vallabh Vidyanagar, Anand - 388120, Near Vallabhvidhyanagar",+(91)-9033399199
Saurashtra The Family Salon,"Vivekandand Society, Station Road, Khambhat, Anand - 388620",+(91)-9909856300
Princess Beauty Saloon,"10, Pincess Beauty Saloon S.b Complex, College Road, Petlad, Anand - 388450",+(91)-9725266645
Osam Spa & Salon,"S-6 2nd Floor Diwali Baa Chamber, Mota Bazar, Vallabh Vidyanagar, Anand - 388120, Near ICICI Bank",+(91)-8469115134
Beauty Box Spa & Saloon,"Bakrol Gate, Bakrol Anand, Anand - 388315",+(91)-9725893999
Saurastra Hair & Care,"Gj Sh 6, G.I.D.c, Khambhat, Anand - 388620",+(91)-9726863001
Avon Beauty Care,"1, Chandralok Society, Bhalej Road, Town, Anand - 388001, Behind N H Patel College",+(91)-9409272186
New York The Salon,"102, Santram Square, Amul Dairy Road, Amul Dairy, Anand - 388001, Above Kotak Mahindra Bank",+(91)-7778077735
Modern Life Style,"No 104, 1st Floor, Krishana Gelleria Complex, Anand Vidhyanagar Road, Anand Town, Anand - 388001, Near H P Petrol Pump",+(91)-9925292051
Akshay Hair & Care,"F 2 Radha Complex, Karamsad Road, Vallabh Vidyanagar, Anand - 388120, Near Iskon Mandir",+(91)-9904163671
Relax Hair Art,"First Floor 10, Dev's Red Square, Opp. Yogi Petrol pump, Anand HO, Anand - 388001, Bhalej Road",+(91)-9601103466
Mahendra Hair Dresser,"Shop No 42, H M Patel Market, Anand Vidhyanagar Road, Khaudhra Lane, Anand Town, Anand - 388001, Opposite Apc",+(91)-9033113689
Infinity Saloon,"107,Shree Ram Sanidhya, Ganesh Road, Anand - 388001, Near Ganesh Dugdhalaya",+(91)-9925248367
Rajasthan Hair Art,"Jalaram Society, Near Mogari Road, Anand - 388001, Opposite Dwarkesh Chamber",+(91)-9974861926
Maruti hair & care,"Near Janta Crossing, Vithal Udyognagar, Anand - 388121, Near Sak Market",+(91)-9925719812
Modern Professional Unisex ..,"8, Manish Shopping Center, Anand Vidyanagar Road, Vallabh Vidyanagar, Anand - 388120, Near Vvn",+(91)-7575034865
Belle Beauty And Salon,"Gurukrupa Sachin Avenue, 80 Feet Road, Anand, Anand - 388121, Behind J K Anand Marriage Hall",+(91)-9898449577
 Hair Salon,"Home, Av Road Anand, Anand, Anand - 388121, In Call",+(91)-7668318221
Rangoli Hair & Care,"P.Chandra Tower, 10, Borsad, Borsad - 388540",+(91)-9904129844
Kshetrapal Hair Style,"Gj Sh 12, Lingda, Anand - 388220",+(91)-7383989016
Vinus Hair & Beauty Saloon,"Zandachowk, Jawahar Road, Khambhat, Anand - 388620, Near Jagruti Press",+(91)-9974262683
Natural Spa & Beauty Care,"13, Ground Floor, Milestone, Anand Vidhyanagar Road, Anand Ho, Anand - 388001, Opposite Triveni Complex",
Rajesh Mens Parlour,"Greed Chowkdi Nr Vishal Bakry, Lambhvel Road, Anand Ho, Anand - 388001",+(91)-9638611198
Re-panzel Hair & Beauty Stu..,"Krishna Estate, Station Road, Anand Town, Anand - 388001, Above Saregama Mobile Near Gopal Chokdi",+(91)-2692-259588
New Style Hair Creations,"Shop No 306, Sanket Tower, Anand Ho, Anand - 388001, Near Grid",+(91)-9904706604
Bollywood The Family Salon,"A-1, Near, Jessi De Parathe,, Anand Vidhyanagar Road, Vallabh Vidyanagar, Anand - 388120, Near Jariya Talavdi",+(91)-8690097666
Sangam Hair Salon,"Society Kedar Park, Anand Town, Anand - 388001",+(91)-9998440817
Sangam hair salon,"Anand - 388001, Near City Point Restaurant Borshad Crossing",+(91)-9924561163
Beauty Zone Salon& Fashion ..,"Ketivadi, Vallabh Vidhyanagar, Vallabh Vidyanagar, Anand - 388120",+(91)-9638962062
New Roopam Hair Saloon,"Station, Bus Road, Khambhat, Khambhat - 388620",+(91)-9979164339
Newyork Salon,"Popati Nagar, Amul Dairy Road, Amul Dairy, Anand - 388001, Near ,Opposite Essar Petrol Pump",+(91)-7778077735
B-Smart Unisex Salon,"F-5,6 Radhamohan Complex, Iskon Road, Vallabh Vidyanagar, Anand - 388120",+(91)-7433825559
Hollywood The Family Saloon,"1st Floor, Radha Swami Pawan, Above Real Bake Shop, Bhalej Road, Anand - 388001, Opposite N.S. Patel College",+(91)-6299659063
Imax Hair Salon,"Gautam Nagar Society, Nagarkuva, Petlad, Anand - 388480",+(91)-9978577372
Imax Hair Salon,"Radhey Complex, College, Chokdi, Petlad, Anand - 388450",+(91)-9978577372
Newyork Salon,"Patel Colony, Chandralok Society, Ganesh Chokdi, Sardarganj, Anand - 388001",+(91)-9913627009
Call A Salon,"304, Radha Keshav Complex, Mota Bazaar, Anand - 388315, Vallabh Vidyanagar",+(91)-9998789070
Angrez The Salon,"14,Commerce Complex Near Gopal Cross, Shastri Baug Road, Anand Town, Anand - 388001",+(91)-9033188913
New Xxx Hair Salon,"Shop No 9, Lower Ground, Vallabh Plaza, Sojitra Road, Karamsad Anand, Anand - 388325, Opposite Badiyadev Temple",+(91)-8511100581
Aloha Saloon & Spa,"Shop No 108 Maruti Sadan Complex, 80 Feet Road, Anand, Anand - 388001, Near Ganpati Temple",07947080250
Drishti Beauty Care,"Jashganga, Railway Station Road, Anand, Anand - 388121, Behind Zankar, Near Rama Residency,Near Kishor Plaza",+(91)-8849969337
Riddhi Beauty Salon,"43, Pratap Nagar Society, Nagarkuva, Petlad, Anand - 388450, Opposite Town Hall",+(91)-7600979871
Maruti The Family Beauty Sa..,"112, Maruti Sharanam, Anand Vidyanagar Road, Anand Town, Anand - 388001, Opposite Nand Bhumi",+(91)-9825733773
Kunj Hair Style,"Tarapur-Vasad Hwy, Vaherakhadi, Vasad, Vasad Anand, Anand - 388306",+(91)-7874145535
Pink City Hair Style,"B-28, Krishna Complex, Borsad Cross Road, Anand - 388001, Opposite Petrol Pump",+(91)-9998846155
Collegian Hair Style & Gent..,"Royal Plaza, Anand - 388001",+(91)-7801918718
Janki Beauty Parlour,"Vasad, Vasad Anand, Anand - 388306",+(91)-2692-274578
Shree Hari Imitation & Beau..,"Avishkar Appt,, Opp Big Bazar,, Anand Town, Anand - 388001, Vvnagar Road,",+(91)-9898203253
Cre8 Salon,"1St Floor Chitrangana Complex, Anand Vidhyanagar Road, Anand Town, Anand - 388001, Opposite Triveni Complex Above Ram Lela",+(91)-7383841008
All New Style Hair & Care,"G-1, Shree Ram Sadan Complex, Tara Towers, Karamsad - Vidya Nagar, Karamsad, Karamsad Road, Anand - 388325",+(91)-9925137990
Orchid Beauty Salon,"G 2, Shree  Ram Sadan, Anand - 388121, Opposite Shapath Residency",+(91)-8849066033
Gautams Forever Salon And S..,"Shop No F-1, Radhakunj Complex, Iscon Road, Vallabh Vidyanagar, Anand - 388120, Opposite Architect College",+(91)-9426264675
Chinese Hair Studio,"F/4,  Radha Kunj, Nava Bazar Road, Vallabh Vidyanagar, Anand - 388120, Opposite Architecture Colleges",+(91)-9974669442
Taj Hair Art,"Gujarati Chowk, Ganesh Chokdi, Polson Dairy Road, Sardarganj, Anand - 388001",+(91)-9924461520
New Style Beauty Centre,"116 Bhaishree Mall, Anand Crossing Road, Borsad, Borsad - 388540, Near C M Park",+(91)-02696-220063
Shree Sangam Hair Salon,"F-20, Jay Laxmi Tower, Anand Sojitra Road, Anand - 388001, Opposite Lacasa In Hotel",+(91)-9898496983
New Joy Hair Art & Beauty P..,"Amuk Dairy Road, Anand Ho, Anand - 388001",+(91)-2692-267022
Apple Saloon ,"Laxmi Plaza, Darukhanu, Tarapur, Tarapur Anand, Anand - 388180",+(91)-9409214994
Virgin Beauty Parlour,"1/2 Kalpesh Estate, Station Road, Old Road, Anand Ho, Anand - 388001, Near Laxmi Cinema",+(91)-02692-267823
Blue Diamond Family Salons,"Ff6, I Galaxy In Complex, Mahatma Gandhi Road, Anand - 388001, Near Gandhi Statue",+(91)-9601695909
Natural Spa,"S10 2nd Floor Above Shashvat Hospital and Desai Corner, 100 Feet Road, Anand HO, Anand - 388001, Near Indira Gandhi Statue",+(91)-7777930222
Navkala Hair & Care,"G/10  Shri Hari Complex, Amul Dairy Road, Amul Dairy, Anand - 388001",+(91)-9879515482
Tomorrowworld Barber Shop,"Ridhi Sidhi Arced, Patel Chokdi, Vivekanand Wadi, 80 Feet Road, Anand - 388001",+(91)-8866191240
Metro Unisex Salon & Academ..,"107, Shree Ram Akshar Bhavan Complex, Karamsad Road, Vallabh Vidyanagar, Anand - 388120, Near Iscon Temple",+(91)-9426507572
New York The Salon,"Near Mahendra Shah Hospital, Bhalej Road, Anand - 388001, Near N.S. Patel Circle",+(91)-9173836006
A-One Hair Art,"Bus Stand, Shop No.13, Khambhat, Anand - 388620, Next",+(91)-9978001313
New Style Hair Studio,"116, Bhaishree Mall, Ashoknagar, Lakulesh Nagar, Borsad, Anand - 388540",+(91)-9638263688
Grace Beauty Care,"G 6 Shreeji Darshan Complex, Karamsad Crossing, Vallabh Vidyanagar, Anand - 388120",+(91)-9909128018
B-smart Hair Saloon,"F-5, Radha Mohan Complex, Iskon Road, Vallabh Vidyanagar, Anand - 388120, Near Iskcon Temple",+(91)-9974281488
Silver Eyes,"Laxmi Cinema Char Rasta, Anand Ho, Anand - 388001, Mafatlal Showroom, Krupa Medical Basement",+(91)-2692-266961
Genus Unisex Salon,"F1/F2, First Floor, R.K. Hub Complex, Janta Chokdi Road, Vallabh Vidyanagar, Anand - 388120, Near Vallabhvidhyanagar",+(91)-9033399199
Saurashtra The Family Salon,"Vivekandand Society, Station Road, Khambhat, Anand - 388620",+(91)-9909856300
Princess Beauty Saloon,"10, Pincess Beauty Saloon S.b Complex, College Road, Petlad, Anand - 388450",+(91)-9725266645
Osam Spa & Salon,"S-6 2nd Floor Diwali Baa Chamber, Mota Bazar, Vallabh Vidyanagar, Anand - 388120, Near ICICI Bank",+(91)-8469115134
Beauty Box Spa & Saloon,"Bakrol Gate, Bakrol Anand, Anand - 388315",+(91)-9725893999
Saurastra Hair & Care,"Gj Sh 6, G.I.D.c, Khambhat, Anand - 388620",+(91)-9726863001
Avon Beauty Care,"1, Chandralok Society, Bhalej Road, Town, Anand - 388001, Behind N H Patel College",+(91)-9409272186
New York The Salon,"102, Santram Square, Amul Dairy Road, Amul Dairy, Anand - 388001, Above Kotak Mahindra Bank",+(91)-7778077735
Modern Life Style,"No 104, 1st Floor, Krishana Gelleria Complex, Anand Vidhyanagar Road, Anand Town, Anand - 388001, Near H P Petrol Pump",+(91)-9925292051
Akshay Hair & Care,"F 2 Radha Complex, Karamsad Road, Vallabh Vidyanagar, Anand - 388120, Near Iskon Mandir",+(91)-9904163671
Relax Hair Art,"First Floor 10, Dev's Red Square, Opp. Yogi Petrol pump, Anand HO, Anand - 388001, Bhalej Road",+(91)-9601103466
Mahendra Hair Dresser,"Shop No 42, H M Patel Market, Anand Vidhyanagar Road, Khaudhra Lane, Anand Town, Anand - 388001, Opposite Apc",+(91)-9033113689
Infinity Saloon,"107,Shree Ram Sanidhya, Ganesh Road, Anand - 388001, Near Ganesh Dugdhalaya",+(91)-9925248367
Rajasthan Hair Art,"Jalaram Society, Near Mogari Road, Anand - 388001, Opposite Dwarkesh Chamber",+(91)-9974861926
Maruti hair & care,"Near Janta Crossing, Vithal Udyognagar, Anand - 388121, Near Sak Market",+(91)-9925719812
Modern Professional Unisex ..,"8, Manish Shopping Center, Anand Vidyanagar Road, Vallabh Vidyanagar, Anand - 388120, Near Vvn",+(91)-7575034865
Belle Beauty And Salon,"Gurukrupa Sachin Avenue, 80 Feet Road, Anand, Anand - 388121, Behind J K Anand Marriage Hall",+(91)-9898449577
 Hair Salon,"Home, Av Road Anand, Anand, Anand - 388121, In Call",+(91)-7668318221
Rangoli Hair & Care,"P.Chandra Tower, 10, Borsad, Borsad - 388540",+(91)-9904129844
Kshetrapal Hair Style,"Gj Sh 12, Lingda, Anand - 388220",+(91)-7383989016
Vinus Hair & Beauty Saloon,"Zandachowk, Jawahar Road, Khambhat, Anand - 388620, Near Jagruti Press",+(91)-9974262683
Natural Spa & Beauty Care,"13, Ground Floor, Milestone, Anand Vidhyanagar Road, Anand Ho, Anand - 388001, Opposite Triveni Complex",
Rajesh Mens Parlour,"Greed Chowkdi Nr Vishal Bakry, Lambhvel Road, Anand Ho, Anand - 388001",+(91)-9638611198
Imax Hair Salon,"Gautam Nagar Society, Nagarkuva, Petlad, Anand - 388480",+(91)-9978577372
Imax Hair Salon,"Radhey Complex, College, Chokdi, Petlad, Anand - 388450",+(91)-9978577372
Newyork Salon,"Patel Colony, Chandralok Society, Ganesh Chokdi, Sardarganj, Anand - 388001",+(91)-9913627009
Call A Salon,"304, Radha Keshav Complex, Mota Bazaar, Anand - 388315, Vallabh Vidyanagar",+(91)-9998789070
Angrez The Salon,"14,Commerce Complex Near Gopal Cross, Shastri Baug Road, Anand Town, Anand - 388001",+(91)-9033188913
New Xxx Hair Salon,"Shop No 9, Lower Ground, Vallabh Plaza, Sojitra Road, Karamsad Anand, Anand - 388325, Opposite Badiyadev Temple",+(91)-8511100581
Aloha Saloon & Spa,"Shop No 108 Maruti Sadan Complex, 80 Feet Road, Anand, Anand - 388001, Near Ganpati Temple",07947080250
Drishti Beauty Care,"Jashganga, Railway Station Road, Anand, Anand - 388121, Behind Zankar, Near Rama Residency,Near Kishor Plaza",+(91)-8849969337
Riddhi Beauty Salon,"43, Pratap Nagar Society, Nagarkuva, Petlad, Anand - 388450, Opposite Town Hall",+(91)-7600979871
Maruti The Family Beauty Sa..,"112, Maruti Sharanam, Anand Vidyanagar Road, Anand Town, Anand - 388001, Opposite Nand Bhumi",+(91)-9825733773
Kunj Hair Style,"Tarapur-Vasad Hwy, Vaherakhadi, Vasad, Vasad Anand, Anand - 388306",+(91)-7874145535
Pink City Hair Style,"B-28, Krishna Complex, Borsad Cross Road, Anand - 388001, Opposite Petrol Pump",+(91)-9998846155
Collegian Hair Style & Gent..,"Royal Plaza, Anand - 388001",+(91)-7801918718
Janki Beauty Parlour,"Vasad, Vasad Anand, Anand - 388306",+(91)-2692-274578
Shree Hari Imitation & Beau..,"Avishkar Appt,, Opp Big Bazar,, Anand Town, Anand - 388001, Vvnagar Road,",+(91)-9898203253
Cre8 Salon,"1St Floor Chitrangana Complex, Anand Vidhyanagar Road, Anand Town, Anand - 388001, Opposite Triveni Complex Above Ram Lela",+(91)-7383841008
All New Style Hair & Care,"G-1, Shree Ram Sadan Complex, Tara Towers, Karamsad - Vidya Nagar, Karamsad, Karamsad Road, Anand - 388325",+(91)-9925137990
Orchid Beauty Salon,"G 2, Shree  Ram Sadan, Anand - 388121, Opposite Shapath Residency",+(91)-8849066033
Gautams Forever Salon And S..,"Shop No F-1, Radhakunj Complex, Iscon Road, Vallabh Vidyanagar, Anand - 388120, Opposite Architect College",+(91)-9426264675
Chinese Hair Studio,"F/4,  Radha Kunj, Nava Bazar Road, Vallabh Vidyanagar, Anand - 388120, Opposite Architecture Colleges",+(91)-9974669442
Taj Hair Art,"Gujarati Chowk, Ganesh Chokdi, Polson Dairy Road, Sardarganj, Anand - 388001",+(91)-9924461520
New Style Beauty Centre,"116 Bhaishree Mall, Anand Crossing Road, Borsad, Borsad - 388540, Near C M Park",+(91)-02696-220063
Shree Sangam Hair Salon,"F-20, Jay Laxmi Tower, Anand Sojitra Road, Anand - 388001, Opposite Lacasa In Hotel",+(91)-9898496983
New Joy Hair Art & Beauty P..,"Amuk Dairy Road, Anand Ho, Anand - 388001",+(91)-2692-267022
Apple Saloon ,"Laxmi Plaza, Darukhanu, Tarapur, Tarapur Anand, Anand - 388180",+(91)-9409214994
Virgin Beauty Parlour,"1/2 Kalpesh Estate, Station Road, Old Road, Anand Ho, Anand - 388001, Near Laxmi Cinema",+(91)-02692-267823
Blue Diamond Family Salons,"Ff6, I Galaxy In Complex, Mahatma Gandhi Road, Anand - 388001, Near Gandhi Statue",+(91)-9601695909
Natural Spa,"S10 2nd Floor Above Shashvat Hospital and Desai Corner, 100 Feet Road, Anand HO, Anand - 388001, Near Indira Gandhi Statue",+(91)-7777930222
Navkala Hair & Care,"G/10  Shri Hari Complex, Amul Dairy Road, Amul Dairy, Anand - 388001",+(91)-9879515482
Tomorrowworld Barber Shop,"Ridhi Sidhi Arced, Patel Chokdi, Vivekanand Wadi, 80 Feet Road, Anand - 388001",+(91)-8866191240
Metro Unisex Salon & Academ..,"107, Shree Ram Akshar Bhavan Complex, Karamsad Road, Vallabh Vidyanagar, Anand - 388120, Near Iscon Temple",+(91)-9426507572
New York The Salon,"Near Mahendra Shah Hospital, Bhalej Road, Anand - 388001, Near N.S. Patel Circle",+(91)-9173836006
A-One Hair Art,"Bus Stand, Shop No.13, Khambhat, Anand - 388620, Next",+(91)-9978001313
New Style Hair Studio,"116, Bhaishree Mall, Ashoknagar, Lakulesh Nagar, Borsad, Anand - 388540",+(91)-9638263688
Grace Beauty Care,"G 6 Shreeji Darshan Complex, Karamsad Crossing, Vallabh Vidyanagar, Anand - 388120",+(91)-9909128018
B-smart Hair Saloon,"F-5, Radha Mohan Complex, Iskon Road, Vallabh Vidyanagar, Anand - 388120, Near Iskcon Temple",+(91)-9974281488
Silver Eyes,"Laxmi Cinema Char Rasta, Anand Ho, Anand - 388001, Mafatlal Showroom, Krupa Medical Basement",+(91)-2692-266961
Genus Unisex Salon,"F1/F2, First Floor, R.K. Hub Complex, Janta Chokdi Road, Vallabh Vidyanagar, Anand - 388120, Near Vallabhvidhyanagar",+(91)-9033399199
Saurashtra The Family Salon,"Vivekandand Society, Station Road, Khambhat, Anand - 388620",+(91)-9909856300
Princess Beauty Saloon,"10, Pincess Beauty Saloon S.b Complex, College Road, Petlad, Anand - 388450",+(91)-9725266645
Osam Spa & Salon,"S-6 2nd Floor Diwali Baa Chamber, Mota Bazar, Vallabh Vidyanagar, Anand - 388120, Near ICICI Bank",+(91)-8469115134
Beauty Box Spa & Saloon,"Bakrol Gate, Bakrol Anand, Anand - 388315",+(91)-9725893999
Saurastra Hair & Care,"Gj Sh 6, G.I.D.c, Khambhat, Anand - 388620",+(91)-9726863001
Avon Beauty Care,"1, Chandralok Society, Bhalej Road, Town, Anand - 388001, Behind N H Patel College",+(91)-9409272186
New York The Salon,"102, Santram Square, Amul Dairy Road, Amul Dairy, Anand - 388001, Above Kotak Mahindra Bank",+(91)-7778077735
Modern Life Style,"No 104, 1st Floor, Krishana Gelleria Complex, Anand Vidhyanagar Road, Anand Town, Anand - 388001, Near H P Petrol Pump",+(91)-9925292051
Akshay Hair & Care,"F 2 Radha Complex, Karamsad Road, Vallabh Vidyanagar, Anand - 388120, Near Iskon Mandir",+(91)-9904163671
Relax Hair Art,"First Floor 10, Dev's Red Square, Opp. Yogi Petrol pump, Anand HO, Anand - 388001, Bhalej Road",+(91)-9601103466
Mahendra Hair Dresser,"Shop No 42, H M Patel Market, Anand Vidhyanagar Road, Khaudhra Lane, Anand Town, Anand - 388001, Opposite Apc",+(91)-9033113689
Infinity Saloon,"107,Shree Ram Sanidhya, Ganesh Road, Anand - 388001, Near Ganesh Dugdhalaya",+(91)-9925248367
Rajasthan Hair Art,"Jalaram Society, Near Mogari Road, Anand - 388001, Opposite Dwarkesh Chamber",+(91)-9974861926
Maruti hair & care,"Near Janta Crossing, Vithal Udyognagar, Anand - 388121, Near Sak Market",+(91)-9925719812
Modern Professional Unisex ..,"8, Manish Shopping Center, Anand Vidyanagar Road, Vallabh Vidyanagar, Anand - 388120, Near Vvn",+(91)-7575034865
Belle Beauty And Salon,"Gurukrupa Sachin Avenue, 80 Feet Road, Anand, Anand - 388121, Behind J K Anand Marriage Hall",+(91)-9898449577
 Hair Salon,"Home, Av Road Anand, Anand, Anand - 388121, In Call",+(91)-7668318221
Rangoli Hair & Care,"P.Chandra Tower, 10, Borsad, Borsad - 388540",+(91)-9904129844
Kshetrapal Hair Style,"Gj Sh 12, Lingda, Anand - 388220",+(91)-7383989016
Vinus Hair & Beauty Saloon,"Zandachowk, Jawahar Road, Khambhat, Anand - 388620, Near Jagruti Press",+(91)-9974262683
Natural Spa & Beauty Care,"13, Ground Floor, Milestone, Anand Vidhyanagar Road, Anand Ho, Anand - 388001, Opposite Triveni Complex",
Rajesh Mens Parlour,"Greed Chowkdi Nr Vishal Bakry, Lambhvel Road, Anand Ho, Anand - 388001",+(91)-9638611198
Kunj Hair Style,"Tarapur-Vasad Hwy, Vaherakhadi, Vasad, Vasad Anand, Anand - 388306",+(91)-7874145535
Pink City Hair Style,"B-28, Krishna Complex, Borsad Cross Road, Anand - 388001, Opposite Petrol Pump",+(91)-9998846155
Collegian Hair Style & Gent..,"Royal Plaza, Anand - 388001",+(91)-7801918718
Janki Beauty Parlour,"Vasad, Vasad Anand, Anand - 388306",+(91)-2692-274578
Shree Hari Imitation & Beau..,"Avishkar Appt,, Opp Big Bazar,, Anand Town, Anand - 388001, Vvnagar Road,",+(91)-9898203253
Cre8 Salon,"1St Floor Chitrangana Complex, Anand Vidhyanagar Road, Anand Town, Anand - 388001, Opposite Triveni Complex Above Ram Lela",+(91)-7383841008
All New Style Hair & Care,"G-1, Shree Ram Sadan Complex, Tara Towers, Karamsad - Vidya Nagar, Karamsad, Karamsad Road, Anand - 388325",+(91)-9925137990
Orchid Beauty Salon,"G 2, Shree  Ram Sadan, Anand - 388121, Opposite Shapath Residency",+(91)-8849066033
Gautams Forever Salon And S..,"Shop No F-1, Radhakunj Complex, Iscon Road, Vallabh Vidyanagar, Anand - 388120, Opposite Architect College",+(91)-9426264675
Chinese Hair Studio,"F/4,  Radha Kunj, Nava Bazar Road, Vallabh Vidyanagar, Anand - 388120, Opposite Architecture Colleges",+(91)-9974669442
Taj Hair Art,"Gujarati Chowk, Ganesh Chokdi, Polson Dairy Road, Sardarganj, Anand - 388001",+(91)-9924461520
New Style Beauty Centre,"116 Bhaishree Mall, Anand Crossing Road, Borsad, Borsad - 388540, Near C M Park",+(91)-02696-220063
Shree Sangam Hair Salon,"F-20, Jay Laxmi Tower, Anand Sojitra Road, Anand - 388001, Opposite Lacasa In Hotel",+(91)-9898496983
New Joy Hair Art & Beauty P..,"Amuk Dairy Road, Anand Ho, Anand - 388001",+(91)-2692-267022
Apple Saloon ,"Laxmi Plaza, Darukhanu, Tarapur, Tarapur Anand, Anand - 388180",+(91)-9409214994
Virgin Beauty Parlour,"1/2 Kalpesh Estate, Station Road, Old Road, Anand Ho, Anand - 388001, Near Laxmi Cinema",+(91)-02692-267823
Blue Diamond Family Salons,"Ff6, I Galaxy In Complex, Mahatma Gandhi Road, Anand - 388001, Near Gandhi Statue",+(91)-9601695909
Natural Spa,"S10 2nd Floor Above Shashvat Hospital and Desai Corner, 100 Feet Road, Anand HO, Anand - 388001, Near Indira Gandhi Statue",+(91)-7777930222
Navkala Hair & Care,"G/10  Shri Hari Complex, Amul Dairy Road, Amul Dairy, Anand - 388001",+(91)-9879515482
Tomorrowworld Barber Shop,"Ridhi Sidhi Arced, Patel Chokdi, Vivekanand Wadi, 80 Feet Road, Anand - 388001",+(91)-8866191240
Metro Unisex Salon & Academ..,"107, Shree Ram Akshar Bhavan Complex, Karamsad Road, Vallabh Vidyanagar, Anand - 388120, Near Iscon Temple",+(91)-9426507572
New York The Salon,"Near Mahendra Shah Hospital, Bhalej Road, Anand - 388001, Near N.S. Patel Circle",+(91)-9173836006
A-One Hair Art,"Bus Stand, Shop No.13, Khambhat, Anand - 388620, Next",+(91)-9978001313
New Style Hair Studio,"116, Bhaishree Mall, Ashoknagar, Lakulesh Nagar, Borsad, Anand - 388540",+(91)-9638263688
Grace Beauty Care,"G 6 Shreeji Darshan Complex, Karamsad Crossing, Vallabh Vidyanagar, Anand - 388120",+(91)-9909128018
B-smart Hair Saloon,"F-5, Radha Mohan Complex, Iskon Road, Vallabh Vidyanagar, Anand - 388120, Near Iskcon Temple",+(91)-9974281488
Silver Eyes,"Laxmi Cinema Char Rasta, Anand Ho, Anand - 388001, Mafatlal Showroom, Krupa Medical Basement",+(91)-2692-266961
Genus Unisex Salon,"F1/F2, First Floor, R.K. Hub Complex, Janta Chokdi Road, Vallabh Vidyanagar, Anand - 388120, Near Vallabhvidhyanagar",+(91)-9033399199
Saurashtra The Family Salon,"Vivekandand Society, Station Road, Khambhat, Anand - 388620",+(91)-9909856300
Princess Beauty Saloon,"10, Pincess Beauty Saloon S.b Complex, College Road, Petlad, Anand - 388450",+(91)-9725266645
Osam Spa & Salon,"S-6 2nd Floor Diwali Baa Chamber, Mota Bazar, Vallabh Vidyanagar, Anand - 388120, Near ICICI Bank",+(91)-8469115134
Beauty Box Spa & Saloon,"Bakrol Gate, Bakrol Anand, Anand - 388315",+(91)-9725893999
Saurastra Hair & Care,"Gj Sh 6, G.I.D.c, Khambhat, Anand - 388620",+(91)-9726863001
Avon Beauty Care,"1, Chandralok Society, Bhalej Road, Town, Anand - 388001, Behind N H Patel College",+(91)-9409272186
New York The Salon,"102, Santram Square, Amul Dairy Road, Amul Dairy, Anand - 388001, Above Kotak Mahindra Bank",+(91)-7778077735
Modern Life Style,"No 104, 1st Floor, Krishana Gelleria Complex, Anand Vidhyanagar Road, Anand Town, Anand - 388001, Near H P Petrol Pump",+(91)-9925292051
Akshay Hair & Care,"F 2 Radha Complex, Karamsad Road, Vallabh Vidyanagar, Anand - 388120, Near Iskon Mandir",+(91)-9904163671
Relax Hair Art,"First Floor 10, Dev's Red Square, Opp. Yogi Petrol pump, Anand HO, Anand - 388001, Bhalej Road",+(91)-9601103466
Mahendra Hair Dresser,"Shop No 42, H M Patel Market, Anand Vidhyanagar Road, Khaudhra Lane, Anand Town, Anand - 388001, Opposite Apc",+(91)-9033113689
Infinity Saloon,"107,Shree Ram Sanidhya, Ganesh Road, Anand - 388001, Near Ganesh Dugdhalaya",+(91)-9925248367
Rajasthan Hair Art,"Jalaram Society, Near Mogari Road, Anand - 388001, Opposite Dwarkesh Chamber",+(91)-9974861926
Maruti hair & care,"Near Janta Crossing, Vithal Udyognagar, Anand - 388121, Near Sak Market",+(91)-9925719812
Modern Professional Unisex ..,"8, Manish Shopping Center, Anand Vidyanagar Road, Vallabh Vidyanagar, Anand - 388120, Near Vvn",+(91)-7575034865
Belle Beauty And Salon,"Gurukrupa Sachin Avenue, 80 Feet Road, Anand, Anand - 388121, Behind J K Anand Marriage Hall",+(91)-9898449577
 Hair Salon,"Home, Av Road Anand, Anand, Anand - 388121, In Call",+(91)-7668318221
Rangoli Hair & Care,"P.Chandra Tower, 10, Borsad, Borsad - 388540",+(91)-9904129844
Kshetrapal Hair Style,"Gj Sh 12, Lingda, Anand - 388220",+(91)-7383989016
Vinus Hair & Beauty Saloon,"Zandachowk, Jawahar Road, Khambhat, Anand - 388620, Near Jagruti Press",+(91)-9974262683
Natural Spa & Beauty Care,"13, Ground Floor, Milestone, Anand Vidhyanagar Road, Anand Ho, Anand - 388001, Opposite Triveni Complex",
Rajesh Mens Parlour,"Greed Chowkdi Nr Vishal Bakry, Lambhvel Road, Anand Ho, Anand - 388001",+(91)-9638611198
Taj Hair Art,"Gujarati Chowk, Ganesh Chokdi, Polson Dairy Road, Sardarganj, Anand - 388001",+(91)-9924461520
New Style Beauty Centre,"116 Bhaishree Mall, Anand Crossing Road, Borsad, Borsad - 388540, Near C M Park",+(91)-02696-220063
Shree Sangam Hair Salon,"F-20, Jay Laxmi Tower, Anand Sojitra Road, Anand - 388001, Opposite Lacasa In Hotel",+(91)-9898496983
New Joy Hair Art & Beauty P..,"Amuk Dairy Road, Anand Ho, Anand - 388001",+(91)-2692-267022
Apple Saloon ,"Laxmi Plaza, Darukhanu, Tarapur, Tarapur Anand, Anand - 388180",+(91)-9409214994
Virgin Beauty Parlour,"1/2 Kalpesh Estate, Station Road, Old Road, Anand Ho, Anand - 388001, Near Laxmi Cinema",+(91)-02692-267823
Blue Diamond Family Salons,"Ff6, I Galaxy In Complex, Mahatma Gandhi Road, Anand - 388001, Near Gandhi Statue",+(91)-9601695909
Natural Spa,"S10 2nd Floor Above Shashvat Hospital and Desai Corner, 100 Feet Road, Anand HO, Anand - 388001, Near Indira Gandhi Statue",+(91)-7777930222
Navkala Hair & Care,"G/10  Shri Hari Complex, Amul Dairy Road, Amul Dairy, Anand - 388001",+(91)-9879515482
Tomorrowworld Barber Shop,"Ridhi Sidhi Arced, Patel Chokdi, Vivekanand Wadi, 80 Feet Road, Anand - 388001",+(91)-8866191240
Metro Unisex Salon & Academ..,"107, Shree Ram Akshar Bhavan Complex, Karamsad Road, Vallabh Vidyanagar, Anand - 388120, Near Iscon Temple",+(91)-9426507572
New York The Salon,"Near Mahendra Shah Hospital, Bhalej Road, Anand - 388001, Near N.S. Patel Circle",+(91)-9173836006
A-One Hair Art,"Bus Stand, Shop No.13, Khambhat, Anand - 388620, Next",+(91)-9978001313
New Style Hair Studio,"116, Bhaishree Mall, Ashoknagar, Lakulesh Nagar, Borsad, Anand - 388540",+(91)-9638263688
Grace Beauty Care,"G 6 Shreeji Darshan Complex, Karamsad Crossing, Vallabh Vidyanagar, Anand - 388120",+(91)-9909128018
B-smart Hair Saloon,"F-5, Radha Mohan Complex, Iskon Road, Vallabh Vidyanagar, Anand - 388120, Near Iskcon Temple",+(91)-9974281488
Silver Eyes,"Laxmi Cinema Char Rasta, Anand Ho, Anand - 388001, Mafatlal Showroom, Krupa Medical Basement",+(91)-2692-266961
Genus Unisex Salon,"F1/F2, First Floor, R.K. Hub Complex, Janta Chokdi Road, Vallabh Vidyanagar, Anand - 388120, Near Vallabhvidhyanagar",+(91)-9033399199
Saurashtra The Family Salon,"Vivekandand Society, Station Road, Khambhat, Anand - 388620",+(91)-9909856300
Princess Beauty Saloon,"10, Pincess Beauty Saloon S.b Complex, College Road, Petlad, Anand - 388450",+(91)-9725266645
Osam Spa & Salon,"S-6 2nd Floor Diwali Baa Chamber, Mota Bazar, Vallabh Vidyanagar, Anand - 388120, Near ICICI Bank",+(91)-8469115134
Beauty Box Spa & Saloon,"Bakrol Gate, Bakrol Anand, Anand - 388315",+(91)-9725893999
Saurastra Hair & Care,"Gj Sh 6, G.I.D.c, Khambhat, Anand - 388620",+(91)-9726863001
Avon Beauty Care,"1, Chandralok Society, Bhalej Road, Town, Anand - 388001, Behind N H Patel College",+(91)-9409272186
New York The Salon,"102, Santram Square, Amul Dairy Road, Amul Dairy, Anand - 388001, Above Kotak Mahindra Bank",+(91)-7778077735
Modern Life Style,"No 104, 1st Floor, Krishana Gelleria Complex, Anand Vidhyanagar Road, Anand Town, Anand - 388001, Near H P Petrol Pump",+(91)-9925292051
Akshay Hair & Care,"F 2 Radha Complex, Karamsad Road, Vallabh Vidyanagar, Anand - 388120, Near Iskon Mandir",+(91)-9904163671
Relax Hair Art,"First Floor 10, Dev's Red Square, Opp. Yogi Petrol pump, Anand HO, Anand - 388001, Bhalej Road",+(91)-9601103466
Mahendra Hair Dresser,"Shop No 42, H M Patel Market, Anand Vidhyanagar Road, Khaudhra Lane, Anand Town, Anand - 388001, Opposite Apc",+(91)-9033113689
Infinity Saloon,"107,Shree Ram Sanidhya, Ganesh Road, Anand - 388001, Near Ganesh Dugdhalaya",+(91)-9925248367
Rajasthan Hair Art,"Jalaram Society, Near Mogari Road, Anand - 388001, Opposite Dwarkesh Chamber",+(91)-9974861926
Maruti hair & care,"Near Janta Crossing, Vithal Udyognagar, Anand - 388121, Near Sak Market",+(91)-9925719812
Modern Professional Unisex ..,"8, Manish Shopping Center, Anand Vidyanagar Road, Vallabh Vidyanagar, Anand - 388120, Near Vvn",+(91)-7575034865
Belle Beauty And Salon,"Gurukrupa Sachin Avenue, 80 Feet Road, Anand, Anand - 388121, Behind J K Anand Marriage Hall",+(91)-9898449577
 Hair Salon,"Home, Av Road Anand, Anand, Anand - 388121, In Call",+(91)-7668318221
Rangoli Hair & Care,"P.Chandra Tower, 10, Borsad, Borsad - 388540",+(91)-9904129844
Kshetrapal Hair Style,"Gj Sh 12, Lingda, Anand - 388220",+(91)-7383989016
Vinus Hair & Beauty Saloon,"Zandachowk, Jawahar Road, Khambhat, Anand - 388620, Near Jagruti Press",+(91)-9974262683
Natural Spa & Beauty Care,"13, Ground Floor, Milestone, Anand Vidhyanagar Road, Anand Ho, Anand - 388001, Opposite Triveni Complex",
Rajesh Mens Parlour,"Greed Chowkdi Nr Vishal Bakry, Lambhvel Road, Anand Ho, Anand - 388001",+(91)-9638611198
Metro Unisex Salon & Academ..,"107, Shree Ram Akshar Bhavan Complex, Karamsad Road, Vallabh Vidyanagar, Anand - 388120, Near Iscon Temple",+(91)-9426507572
New York The Salon,"Near Mahendra Shah Hospital, Bhalej Road, Anand - 388001, Near N.S. Patel Circle",+(91)-9173836006
A-One Hair Art,"Bus Stand, Shop No.13, Khambhat, Anand - 388620, Next",+(91)-9978001313
New Style Hair Studio,"116, Bhaishree Mall, Ashoknagar, Lakulesh Nagar, Borsad, Anand - 388540",+(91)-9638263688
Grace Beauty Care,"G 6 Shreeji Darshan Complex, Karamsad Crossing, Vallabh Vidyanagar, Anand - 388120",+(91)-9909128018
B-smart Hair Saloon,"F-5, Radha Mohan Complex, Iskon Road, Vallabh Vidyanagar, Anand - 388120, Near Iskcon Temple",+(91)-9974281488
Silver Eyes,"Laxmi Cinema Char Rasta, Anand Ho, Anand - 388001, Mafatlal Showroom, Krupa Medical Basement",+(91)-2692-266961
Genus Unisex Salon,"F1/F2, First Floor, R.K. Hub Complex, Janta Chokdi Road, Vallabh Vidyanagar, Anand - 388120, Near Vallabhvidhyanagar",+(91)-9033399199
Saurashtra The Family Salon,"Vivekandand Society, Station Road, Khambhat, Anand - 388620",+(91)-9909856300
Princess Beauty Saloon,"10, Pincess Beauty Saloon S.b Complex, College Road, Petlad, Anand - 388450",+(91)-9725266645
Osam Spa & Salon,"S-6 2nd Floor Diwali Baa Chamber, Mota Bazar, Vallabh Vidyanagar, Anand - 388120, Near ICICI Bank",+(91)-8469115134
Beauty Box Spa & Saloon,"Bakrol Gate, Bakrol Anand, Anand - 388315",+(91)-9725893999
Saurastra Hair & Care,"Gj Sh 6, G.I.D.c, Khambhat, Anand - 388620",+(91)-9726863001
Avon Beauty Care,"1, Chandralok Society, Bhalej Road, Town, Anand - 388001, Behind N H Patel College",+(91)-9409272186
New York The Salon,"102, Santram Square, Amul Dairy Road, Amul Dairy, Anand - 388001, Above Kotak Mahindra Bank",+(91)-7778077735
Modern Life Style,"No 104, 1st Floor, Krishana Gelleria Complex, Anand Vidhyanagar Road, Anand Town, Anand - 388001, Near H P Petrol Pump",+(91)-9925292051
Akshay Hair & Care,"F 2 Radha Complex, Karamsad Road, Vallabh Vidyanagar, Anand - 388120, Near Iskon Mandir",+(91)-9904163671
Relax Hair Art,"First Floor 10, Dev's Red Square, Opp. Yogi Petrol pump, Anand HO, Anand - 388001, Bhalej Road",+(91)-9601103466
Mahendra Hair Dresser,"Shop No 42, H M Patel Market, Anand Vidhyanagar Road, Khaudhra Lane, Anand Town, Anand - 388001, Opposite Apc",+(91)-9033113689
Infinity Saloon,"107,Shree Ram Sanidhya, Ganesh Road, Anand - 388001, Near Ganesh Dugdhalaya",+(91)-9925248367
Rajasthan Hair Art,"Jalaram Society, Near Mogari Road, Anand - 388001, Opposite Dwarkesh Chamber",+(91)-9974861926
Maruti hair & care,"Near Janta Crossing, Vithal Udyognagar, Anand - 388121, Near Sak Market",+(91)-9925719812
Modern Professional Unisex ..,"8, Manish Shopping Center, Anand Vidyanagar Road, Vallabh Vidyanagar, Anand - 388120, Near Vvn",+(91)-7575034865
Belle Beauty And Salon,"Gurukrupa Sachin Avenue, 80 Feet Road, Anand, Anand - 388121, Behind J K Anand Marriage Hall",+(91)-9898449577
 Hair Salon,"Home, Av Road Anand, Anand, Anand - 388121, In Call",+(91)-7668318221
Rangoli Hair & Care,"P.Chandra Tower, 10, Borsad, Borsad - 388540",+(91)-9904129844
Kshetrapal Hair Style,"Gj Sh 12, Lingda, Anand - 388220",+(91)-7383989016
Vinus Hair & Beauty Saloon,"Zandachowk, Jawahar Road, Khambhat, Anand - 388620, Near Jagruti Press",+(91)-9974262683
Natural Spa & Beauty Care,"13, Ground Floor, Milestone, Anand Vidhyanagar Road, Anand Ho, Anand - 388001, Opposite Triveni Complex",
Rajesh Mens Parlour,"Greed Chowkdi Nr Vishal Bakry, Lambhvel Road, Anand Ho, Anand - 388001",+(91)-9638611198
Osam Spa & Salon,"S-6 2nd Floor Diwali Baa Chamber, Mota Bazar, Vallabh Vidyanagar, Anand - 388120, Near ICICI Bank",+(91)-8469115134
Beauty Box Spa & Saloon,"Bakrol Gate, Bakrol Anand, Anand - 388315",+(91)-9725893999
Saurastra Hair & Care,"Gj Sh 6, G.I.D.c, Khambhat, Anand - 388620",+(91)-9726863001
Avon Beauty Care,"1, Chandralok Society, Bhalej Road, Town, Anand - 388001, Behind N H Patel College",+(91)-9409272186
New York The Salon,"102, Santram Square, Amul Dairy Road, Amul Dairy, Anand - 388001, Above Kotak Mahindra Bank",+(91)-7778077735
Modern Life Style,"No 104, 1st Floor, Krishana Gelleria Complex, Anand Vidhyanagar Road, Anand Town, Anand - 388001, Near H P Petrol Pump",+(91)-9925292051
Akshay Hair & Care,"F 2 Radha Complex, Karamsad Road, Vallabh Vidyanagar, Anand - 388120, Near Iskon Mandir",+(91)-9904163671
Relax Hair Art,"First Floor 10, Dev's Red Square, Opp. Yogi Petrol pump, Anand HO, Anand - 388001, Bhalej Road",+(91)-9601103466
Mahendra Hair Dresser,"Shop No 42, H M Patel Market, Anand Vidhyanagar Road, Khaudhra Lane, Anand Town, Anand - 388001, Opposite Apc",+(91)-9033113689
Infinity Saloon,"107,Shree Ram Sanidhya, Ganesh Road, Anand - 388001, Near Ganesh Dugdhalaya",+(91)-9925248367
Rajasthan Hair Art,"Jalaram Society, Near Mogari Road, Anand - 388001, Opposite Dwarkesh Chamber",+(91)-9974861926
Maruti hair & care,"Near Janta Crossing, Vithal Udyognagar, Anand - 388121, Near Sak Market",+(91)-9925719812
Modern Professional Unisex ..,"8, Manish Shopping Center, Anand Vidyanagar Road, Vallabh Vidyanagar, Anand - 388120, Near Vvn",+(91)-7575034865
Belle Beauty And Salon,"Gurukrupa Sachin Avenue, 80 Feet Road, Anand, Anand - 388121, Behind J K Anand Marriage Hall",+(91)-9898449577
 Hair Salon,"Home, Av Road Anand, Anand, Anand - 388121, In Call",+(91)-7668318221
Rangoli Hair & Care,"P.Chandra Tower, 10, Borsad, Borsad - 388540",+(91)-9904129844
Kshetrapal Hair Style,"Gj Sh 12, Lingda, Anand - 388220",+(91)-7383989016
Vinus Hair & Beauty Saloon,"Zandachowk, Jawahar Road, Khambhat, Anand - 388620, Near Jagruti Press",+(91)-9974262683
Natural Spa & Beauty Care,"13, Ground Floor, Milestone, Anand Vidhyanagar Road, Anand Ho, Anand - 388001, Opposite Triveni Complex",
Rajesh Mens Parlour,"Greed Chowkdi Nr Vishal Bakry, Lambhvel Road, Anand Ho, Anand - 388001",+(91)-9638611198
Rajasthan Hair Art,"Jalaram Society, Near Mogari Road, Anand - 388001, Opposite Dwarkesh Chamber",+(91)-9974861926
Maruti hair & care,"Near Janta Crossing, Vithal Udyognagar, Anand - 388121, Near Sak Market",+(91)-9925719812
Modern Professional Unisex ..,"8, Manish Shopping Center, Anand Vidyanagar Road, Vallabh Vidyanagar, Anand - 388120, Near Vvn",+(91)-7575034865
Belle Beauty And Salon,"Gurukrupa Sachin Avenue, 80 Feet Road, Anand, Anand - 388121, Behind J K Anand Marriage Hall",+(91)-9898449577
 Hair Salon,"Home, Av Road Anand, Anand, Anand - 388121, In Call",+(91)-7668318221
Rangoli Hair & Care,"P.Chandra Tower, 10, Borsad, Borsad - 388540",+(91)-9904129844
Kshetrapal Hair Style,"Gj Sh 12, Lingda, Anand - 388220",+(91)-7383989016
Vinus Hair & Beauty Saloon,"Zandachowk, Jawahar Road, Khambhat, Anand - 388620, Near Jagruti Press",+(91)-9974262683
Natural Spa & Beauty Care,"13, Ground Floor, Milestone, Anand Vidhyanagar Road, Anand Ho, Anand - 388001, Opposite Triveni Complex",
Rajesh Mens Parlour,"Greed Chowkdi Nr Vishal Bakry, Lambhvel Road, Anand Ho, Anand - 388001",+(91)-9638611198
Roopali Beauty Parlour,"Anand Ho, Anand - 388001, Behind Juna Ramji Mandir, Vaherai Mata",+(91)-2692-254507
Prince Hair & Care,"Takshashila Avenue, Lambhvel Road, Anand - 388001",+(91)-9825435314
V I P Hair Style,"Mishion Church, Anklav, Anand - 388510",+(91)-7043582330
My style,"F-13 super market, Nana bazar, Vallabh Vidyanagar, Anand - 388120, Nr. Royal hostel",+(91)-7041686708
New Look Salon,"Home, Soniwad, Sojitra Anand, Anand - 387240, Sojitra",+(91)-9157874602
Avenue Hair Salon,"Opposite  D N High School, Station Road, Anand Town, Anand - 388001, Near N D High School",+(91)-9925325309
Parmar Saloon,"Mahatma Gandhi Road, Amul Dairy, Anand - 388001",+(91)-8866282982
Sangam Hair & Beauty Salon,"F/20,Jay Laxmi Tower,, Vagasi Road, Anand Town, Anand - 388001, Opposite Ls Casa In Hotel",+(91)-9725905932
Mann Hair Style,"Shop No 9, Payal Complex, Sardar Gunj Road, Sardarganj, Anand - 388001, Near Vyayamsala",+(91)-9409639353
New Lucky Hair Style,"Jahangirpura Road, Hadgood, Anand - 388110, Opposite Madina Masjid",+(91)-9099449335
Set & Style,"4, Shree Ram Complex, Vallabh Vidyanagar, Anand - 388120, Opposite D-Mart",+(91)-9824591775
New Raj Hair Parlour,"Shop No.34 Jalu Arcade, Near Bank Of Baroda, Nana Bazar, Anand - 388120, Near Vallabh Vidhyanagar",+(91)-7778890049
Limbach Salon,"Bakrol Gate, Bakrol Anand, Anand - 388315, Opposite Vaibhav Cinema",+(91)-9985286345
Real hair dresser,"Polsan road, Anand - 388121, Nr. Railway station",+(91)-9725479629
Real Hair And Care,"Shop No 21, Rajdeep Complex, Bhalej Road, Anand, Anand - 388121, Near Mahendra Shah Hospital",+(91)-8487016581
Latest New Style Hair And C..,"Jalaram Cinema, Anand Sojitra Road, Karamsad Anand, Anand - 388325",+(91)-9924482949
Shaurastra hair art,"62-paswa complex, Vasad Anand, Anand - 388306, opp. Vasad bus stops",+(91)-9426245975
Style In The Hair And Beaut..,"Gf/48, Silver Point, Borsad, Anand - 388540, Zankhli Talav",+(91)-9825628851
Monopoly Hair Saloon.,"Sherpura, Nagarkuva, Petlad, Anand - 388450",+(91)-7874711600
New York Hair Salon,"Ronak Plaza, Station Road, Khambhat, Anand - 388620, Opp Bank Of India",+(91)-9274757392
New Star Beauty Saloon,"B  2, Jilla Panchyat Shooping Centre, Amul Dairy Road, Old Civil Court Road, Amul Dairy, Anand - 388001, Opposite Patanjali Store",+(91)-7041543191
Pink City Unisex Salon,"11,12 Maruti Sadan Complex, 80 Feet Road, Anand - 388001, Near Siddhi Vinayak Mandir",+(91)-7621071400
Unique Salon,"Shop No B/4, A V Road, Anand Town, Anand - 388001, Opposite Pancham Hall",+(91)-8733031545
Vishnupriya Hair Stlye,"H K Chamber, Station Road, Vallabh Vidyanagar Road, Vallabh Vidyanagar, Anand - 388120",+(91)-9375031170
Hair Cut Gents Salon,"Mirza Complex, Anand - 388121, Near Juna Dadar",+(91)-9909134467
Ronak Gets Parlour,"Virani Chamber, Near GEB, Anand - 388121, Opp.Canara Bank",+(91)-9898679767
Aaradhna Hair Style,"Opp Cafe Coffe Day, V.v.nagar Road, Anand Ho, Anand - 388001, Anand",+(91)-9879768044
The Scissor Mode Family Sal..,"F 1, Vihang Complex, Vallabh Vidyanagar, Anand - 388120, Mota Bazar Circle",+(91)-8238403867
Jalaram Hair Art,"Shop No 1, Kaival Complex, Borsad, Anand - 388540, Near Sat Kaival Temple, Vahera Village",+(91)-9909300313
Limbach Hair Art,"Sh 83, Ode, Anand - 388210",+(91)-9737402189
Sparkle Unisex Salon,"105, Imperial Square, Ganesh Crossing, Amul Dairy, Anand - 388001",+(91)-9998823339
Big Boss Hair line,"8, Shyam Plaza, 100 ft Road, Anand HO, Anand - 388001, beside A One Hall",+(91)-9909148172
Maruti The Family Beauty Sa..,"A-3,Jilla Panchayat Bhavan, Below Laxmi Pan Point,Opp Amul Dairy, Amul Dairy, Anand - 388001",+(91)-9574800006
Sai New Hair Style,"Ravipura, Anand - 388130",+(91)-9723309422
