X- Cel Connexions,"L/G 1,2,3,5, Jemsons House, Anand, Anand - 388001, Near Laxmi Cinema Cross Road",07947080170
Mobile Hub,"Narayan Complex, Railway Station Road, Anand Ho, Anand - 388001, Near Kishor Plaza, Dr. Ajay Kothiyala Corner",07947081517
N K Mobiles,"Juna Rasta, Anand - 388001, Opposite Bhathiji Temple Near Kalpana Cinema",07947322890
A One Sales,"G 1,2, City Point, Borsad, Anand - 388540, Near By Bus Stand",07947078044
Advance Mobile Shop,"B2 Akshar Complex, Vallabh Vidyanagar, Anand - 388120, Near University Circle Near Raghuvir Chamber",07947322893
Shree Janta Super,"G3 Radha Vihar Complex, Janta Road, Vallabh Vidyanagar, Anand - 388120, Near DMart",07947322881
P Das Electronics,"N K High School Road, Petlad, Anand - 388450, Near Town Hall",+(91)-2697-225550
Gadgetsnow.com,Mumbai,+(91)-8010881188
Naaptol.com,Mumbai - 400001,+(91)-9223537000
Big Baazaar (City Pulse Mal..,"City Pulse Mall, Anand Town, Anand - 388001, Opposite Chinar Gulnar, Near Hero Honda Showroom, S N Motors",18002662255
Saregama Mobile Shop,"3, Ground Floor, Krishna Estate, Anand Ho, Anand - 388001, Opposite Arya Samaj Shopping Center",+(91)-9979137500
Digital Express Mini,"Shop No G-2, Shyam Plaza, Janta Road, Vallabh Vidyanagar, Anand - 388120, Near Railway Fatak",+(91)-2692-233422
Laabh Mobile,"1st Floor, Harikrushna Complex, Main Road, Tarapur Anand, Anand - 388180, Near Bus Stand",+(91)-9428452640
Laxmi Mobile,"A/16 Jilla Panchayat Shopping Centre, Amul Dairy Road, Amul Dairy, Anand - 388001, Nr. Laxmi Paan",+(91)-8866549801
Generation M,"G-4, Chitrangna Complex, Anand Vidhyanagar Road, Vallabh Vidyanagar, Anand - 388120",+(91)-9898494437
Jasmin Mobiles,"5, Shivorbit, Bhalej Road, Anand - 388001, Near New Bus Stand, Opposite Nehrubaug",+(91)-8238122244
Saregama Mobile Shop,"G 1/2, Royal Invention, Vallabh Vidyanagar, Anand - 388120, Near Vrundavan Ground, Opposite Alfa Restaurant",+(91)-9925710900
Jio Digital Life,"Shop No 2, Ground Floor, Jayant Smruti, Lambhel Road, Grid Cross Road, Anand - 388001, Opposite HDFC Bank, Near Mahila Sangathan, Opposite Sanket 2",+(91)-02692-240157
Sony Center,"1/2, Radha Swami Sangat, Anand Vidhya Nagar Road, Anand Ho, Anand - 388001, Besides Levis Show Room",+(91)-2692-245542
Classic Mobile,"G-1, Jafuda Complex, Juna Rasta, Town, Anand - 388001, Opposite Bhathiji Mandir, Near Charotar Bank",+(91)-9033612181
Gandhi Sales,"Amul Dairy Road, Anand Ho, Anand - 388001, Opposite Railway Godi, Near Gandhi State, Opposite Old Mamtadar Office",+(91)-02692-259933
Sanket Enterprise,"Sanket India, Lambhval Road, Anand Town, Anand - 388001, Opposite Zydus Hospital",+(91)-02692-666666
T Mobile Shop,"Ambalal Park, Borsad, Anand - 388540",+(91)-8866198008
Shree Ram Mobile,"15 Ram Vihar Complex, Karamsad Road, Vallabh Vidyanagar, Anand - 388120, Near Iscon Temple",+(91)-9377120011
Vodafone Mini Store,"4, Ganesh Complex, Anand - 388001, Near Ganesh Crossing",+(91)-9978077711
Onshopdeals.com,"1, 1st Floor, R K Complex, Vallabh Vidyanagar, Anand - 388120, Opposite Home Science College, Motabazar",+(91)-8141234399
Spicom Electronics Pvt Ltd,"G 3 Lakshya Building, Anand Ho, Anand - 388001, Opposite Town Hall",+(91)-2692-240612
Mi Store,"Shop No:- 10,11 Commerce Centre, Gopal Crossing, Anand - 388001, Opposite Balaji Nivas",+(91)-7227043185
Talk Time Mobile Store,"Shop No. 10-11,Commerce Center, Gopal Crossing, Anand - 388001",
Jay Jawan Sales,"Tower Road, Anand - 388620, Sindhi Shopping Centre",+(91)-9898177802
National Mobile Shop,"Station Road, Anand HO, Anand - 388001, Opp. Nariman Complex",+(91)-7777973737
Sony Electronics & Mobile,"G-2,Carol Chambers, Anand - 388001, Near Old Bus Stand",+(91)-2692-268229
X Cel Connexions,"G 18, Sanket Tower, Grid Cross Road, Anand - 388001, Near Vodafone Store",+(91)-9978888828
Mayur Mobile,"22, Hira Girl Complex Asodar Umeta  Road, Anklav Anand, Anand HO, Anand - 388001",+(91)-7777924892
Google Plus Mobile,"B-8, Basement, Rajdeep Complex, Bhalej Road, Anand - 388001, Near Mahendra Shah Hospital",+(91)-8980269626
Honest Watch Co,"Nrtower, Jawahar Road, Khambhat, Anand - 388620",+(91)-8866421412
Mobile World,"Ashapura Complex, Dakor Road, Pansora, Anand - 388220, Pansora Chokdi",+(91)-9725436409
Mobile World Pansora,"Bhagvati Chembers, PANSORA, Anand - 388220, Pansora Chokdi",+(91)-2692-279279
IVenus ,"S-23-24, Maruti Solaris, Anand Sojitra Road, Anand - 388001, Besides Madhubhan Resort, Vithal Udyognagar, Gidc",+(91)-9712000903
The Mobile Store,"G/5 Chinargovlanar, Opp. Big Bazar, Vallabh Vidyanagar, Anand - 388120",+(91)-2692-645695
Excell Connection,"Sg-1/2/3, Nelson Complex, Anand Ho, Anand - 388001, Near Laxmi Tokiz",+(91)-2692-255198
Reliance Mobile Store,"G 3, Jayant Smruti, Grid Crossing, Anand Ho, Anand - 388001, Opp. HDFC BANK",+(91)-7201903624
Mi Authorised Store,"Gf-5, Gopal Chokdi Gopal Avenue Complex Near Hotel Rama Residency, Anand Town, Anand - 388001, Near Hotel Rama Residency",+(91)-9725345707
Samir Mobile Shop,"Shop no S 27 sardar patel shopping center, Sardarganj, Anand - 388001, sojitra",+(91)-9998689370
Creative Mobiles,"Mahatma Gandhi Road, Sardarganj, Anand - 388001",+(91)-9925955488
X-Cel Connexions,"Vivekanand Wadi, Anand - 388001",+(91)-7984291365
Hetansi Sales,"G/5, Radha Smruti Complex, Nana Bazar Bakrol Road, Vallabh Vidyanagar, Anand - 388120, Near University Circle, Near Shahid Chowk",+(91)-7016590255
Chetak Sales,"Basement, Jems Plaza Complex, Station Road, Anand HO, Anand - 388001, Near D N High School",+(91)-7802096685
Jay Hans Mobile,"Asodar, A10 Cj Prime Shopping Vasad Road, Anand - 388307, Opposite Hd Patel High School",+(91)-7600217557
Shreeji Mobile Shop,"B3 Siddhsagar Complex, Railway Station Road, Anand - 388001",+(91)-9737898610
Jasmine Mobile,"Jasmin Infiniti Pvt Lt Shiv Complex Ground Floor, Sardarganj, Anand - 388001, Near New Bus Station Anad",+(91)-8347772148
HTC,Anand - 388001,
Sargam Mobile,"Shop No 5 & 6, Indra Complex, Anand Umeta Road, Anklav Anand, Anand - 388510",+(91)-9909148400
A One Mobile,"Akshar Complex no 4 ff 1, Anand Cross Roads,, Borsad, Anand - 388540, Borsad,",+(91)-9824349748
Hello Mobile,"Vardayani Complex, Tower Road, Khambhat, Anand - 388620, Near Madrasi Hotel",+(91)-9925252347
Mr.Mobile,"Laxmi Crosing Road Near Rajadhitlraj Sweet, Laxmi Crossing Road, Laxmi Cinema-Anand HO, Anand - 388001, Oppo Rajadhiraj Sweet",+(91)-9924412519
Bunny Mobile,"Vaherakhadi, Vasad, Vasad Service Road, Vasad Anand, Anand - 388306",+(91)-9726366314
Sai Care,"Shop No G 6, Kishor Plaza, Station Road, Anand - 388001, Besides Ram Arcade",+(91)-02692-254321
Atmiya Communication,"Ground Floor, Kamla Arcade, M D Marg, Anand Ho, Anand - 388001, Opposite Shrey Hospital",+(91)-8238255255
Excel Communication,"Lg 1,2,3,5 Jemson House, Anand Ho, Anand - 388001, Near Laksmi Cinema Cross Road",+(91)-8140803424
Reliance Mobile Store,"G 5, Milesstone complex, A V Road, Vallabh Vidyanagar, Anand - 388120, Opposite Lazeare & Triveni Arcade, Near Overseas Travel",+(91)-8000456700
P K Mobiles,"Ganesh Chokdi, Sardarganj, Anand - 388001",+(91)-9173722229
Phonewale Anand,"Shop No.12, Radha Icon, Gamdi Vad, Sardarganj, Anand - 388001",+(91)-9512020096
Anand Sales,"17/18, Hariba Bhavan, Main Post Office Road, Anand Ho, Anand - 388001, Below Hotel Relax",+(91)-9974754127
ECS Gallery,"Shop Number 4, Avishkar Complex, V V Nagar Road, Anand Town, Anand - 388001, Opposite Big Bazaar",+(91)-8980005172
Manek Mobile,"Mayfair Road, Sardarganj, Anand - 388001, Near Ajanta Oreva Showroom",+(91)-9773251225
Jay Mobile,"11, Tarapurvasad Hwy, Shiv Shankar Society, Lakulesh Nagar, Borsad, Anand - 388540",+(91)-9173835151
Laxmi Mobiles,"Aastha Appartment, Bakrol Vadtal Road, Vallabh Vidyanagar, Anand - 388120",+(91)-7014577214
X-Cel Communication,"LG- 1,2,3,5 Jemsons Show Room, Anand - 388121, Nr Laxmi Cinem Cross Roda",+(91)-2692-255198
Shiv Shakti Mobile,"Below Pappu Hospital, Ahinsha Chowk, Anand Ho, Anand - 388001, Near Vendor Cross Road",+(91)-9510417161
Viratra Mobile,"Shop No 2, Subhashish Complex, Bakrol Vadtar Road, Vallabh Vidyanagar, Anand - 388120, Opposite Bakrol Square, Opposite Vaibhav Cinema",+(91)-9974962929
Viratra Mobile,"6, Shree Ram Complex, Janta Road, Vallabh Vidyanagar, Anand - 388120, Opposite D Mart, Near Pragati Mandal",+(91)-7043596207
Jay Ambe Mobile,"Raja Ranchod Market, Anand Ho, Anand - 388001, Behind Old Bus Stand",+(91)-9898998759
Pakiza Mobile Center,"Shop No G-6, Station Road, Amul Dairy, Anand - 388001, Near Mahatma Gandhi Statue, Opposite Railway Godi",+(91)-9898984553
Mi Store,"12, Hirageri Berister Complex, Vir - Kuva Chokdi, Anklav Anand, Anand - 388510",+(91)-9909871705
Het Mobile Shop,"Dali, Anand - 388550, Near Dali Chokdi, Dali",+(91)-9824711843
Mobile Zone,"G-4 Shreeji Darshan,, Karamsad Crossing, Vallabh Vidyanagar, Anand - 388120, Near Iscon Temple",+(91)-9898721950
Manvit Mobile,"G-6, Radha Vihan Complex, Janta Road, Vallabh Vidyanagar, Anand - 388120, Opposite Bharat Petroleum",+(91)-9925776188
New X Zone Mobile,"Bhalej Road, Anand HO, Anand - 388001",+(91)-9998298576
Metro Mobile,"25, Nagar Palika Shopping Center, Umreth, Anand - 388220, Near Bus Station, Vada Bazar",+(91)-9898448136
Nisha Enterprises,"Ganesh Shopping Center, Vada Bazar, Umreth, Anand - 388220",+(91)-9825997272
Z Mobile,"Burahnsha Shopping Center, Petlad, Anand - 388450, Near Petlad,",+(91)-9879137107
Samsung Smart Cafe - Maa Co..,"11 , 12 Ram Krishna Shopping Center, Mayfair Road, Anand HO, Anand - 388001, Beside Cosmos Bank",+(91)-8530333336
Oppo Exclusive Showroom,"Shop No 3 & 4, Radha Icon, Anand Ho, Anand - 388001, Opposite Shree Ram Arcade, Near Mayfair Chowk",+(91)-9904240868
Spice Hotspot,"Shop No.3, Chinar Gulnar, Anand Vidhyanagar Road, Anand Town, Anand - 388001, Opposite Big Bazar",+(91)-2692-248372
Mahakali Mobile & Computers,"Kankapura, Anand - 388550",+(91)-9879970030
Voice Mobile,"Amul Dairy Road, Amul Dairy, Anand - 388001",+(91)-02692-255735
Pramukh Mobile,"G 9, Sakar Complex, Juna Dadar Road, Anand Ho, Anand - 388001, Opposite Central Excise",+(91)-9898666128
Hi Choice The Mobile Shop,"Shop No-7, Vallabh Vidyanagar, Anand - 388120, Near Kabir Restaurant, Mota Bazar",+(91)-9974121990
Fatima Store,"Pandoli, Anand - 388160",+(91)-9998443263
Shreeji Mobile Shop,"Gopal Char Rasta, Sardarganj, Anand - 388001, Opp. Indian Bank",+(91)-9978519263
Mobile Mall Center,"Silver Point, Nr. Gandhi Statue, Anand Town, Anand - 388001, Opp. Railway Godi",+(91)-9879488555
Apple Mobile Shop,"Mahed Shalin, Anand Bhalej Road, Anand Ho, Anand - 388001, Near Palak Hospital",+(91)-8460444616
Baba Mobile Complete Soluti..,"Janta Road, Janta Corss Road, Anand - 388121, Near Ratri Bazaar",+(91)-02692-233929
Sahara Mobile And Computer,"C-13, Super Market, Anand Ho, Anand - 388001, Near Choice Saree Centre",+(91)-9033274558
Mi Store,"G 8, Triveni Arcade, A V Road, Anand Town, Anand - 388001, Opposite Generation M",+(91)-8511456969
Nokia Priority,"Shop No 15, Suketu Complex, V V Nagar Road, Anand Ho, Anand - 388001",+(91)-9825044632
The Metro Mobiles,"Shop No 9,10 Aryasamaj Shopping Center, Gopal Crossing, Anand - 388001, Near Ishwar Pedlikar Marg",+(91)-9510683533
Bharti Traders,"Gs1 Hm Press Center Phase 1 Plot No 136/C, Vallabh Vidhyanagar, Anand - 388121",+(91)-9825949772
Shreeji Mobile,"Shop No  03, Earth Building, Anand, Anand - 387240, Opposite  Sbi  Bank, Vithal Udhoyg Nagar,Janta Chokdi",+(91)-9924355744
Saregama Mobile Shop,"3, Ground Floor, Krishna Estate, Anand Ho, Anand - 388001, Opposite Arya Samaj Shopping Center",+(91)-9979137500
Digital Express Mini,"Shop No G-2, Shyam Plaza, Janta Road, Vallabh Vidyanagar, Anand - 388120, Near Railway Fatak",+(91)-2692-233422
Laabh Mobile,"1st Floor, Harikrushna Complex, Main Road, Tarapur Anand, Anand - 388180, Near Bus Stand",+(91)-9428452640
Laxmi Mobile,"A/16 Jilla Panchayat Shopping Centre, Amul Dairy Road, Amul Dairy, Anand - 388001, Nr. Laxmi Paan",+(91)-8866549801
Generation M,"G-4, Chitrangna Complex, Anand Vidhyanagar Road, Vallabh Vidyanagar, Anand - 388120",+(91)-9898494437
Jasmin Mobiles,"5, Shivorbit, Bhalej Road, Anand - 388001, Near New Bus Stand, Opposite Nehrubaug",+(91)-8238122244
Saregama Mobile Shop,"G 1/2, Royal Invention, Vallabh Vidyanagar, Anand - 388120, Near Vrundavan Ground, Opposite Alfa Restaurant",+(91)-9925710900
Jio Digital Life,"Shop No 2, Ground Floor, Jayant Smruti, Lambhel Road, Grid Cross Road, Anand - 388001, Opposite HDFC Bank, Near Mahila Sangathan, Opposite Sanket 2",+(91)-02692-240157
Sony Center,"1/2, Radha Swami Sangat, Anand Vidhya Nagar Road, Anand Ho, Anand - 388001, Besides Levis Show Room",+(91)-2692-245542
Classic Mobile,"G-1, Jafuda Complex, Juna Rasta, Town, Anand - 388001, Opposite Bhathiji Mandir, Near Charotar Bank",+(91)-9033612181
Gandhi Sales,"Amul Dairy Road, Anand Ho, Anand - 388001, Opposite Railway Godi, Near Gandhi State, Opposite Old Mamtadar Office",+(91)-02692-259933
Sanket Enterprise,"Sanket India, Lambhval Road, Anand Town, Anand - 388001, Opposite Zydus Hospital",+(91)-02692-666666
T Mobile Shop,"Ambalal Park, Borsad, Anand - 388540",+(91)-8866198008
Shree Ram Mobile,"15 Ram Vihar Complex, Karamsad Road, Vallabh Vidyanagar, Anand - 388120, Near Iscon Temple",+(91)-9377120011
Vodafone Mini Store,"4, Ganesh Complex, Anand - 388001, Near Ganesh Crossing",+(91)-9978077711
Onshopdeals.com,"1, 1st Floor, R K Complex, Vallabh Vidyanagar, Anand - 388120, Opposite Home Science College, Motabazar",+(91)-8141234399
Spicom Electronics Pvt Ltd,"G 3 Lakshya Building, Anand Ho, Anand - 388001, Opposite Town Hall",+(91)-2692-240612
Mi Store,"Shop No:- 10,11 Commerce Centre, Gopal Crossing, Anand - 388001, Opposite Balaji Nivas",+(91)-7227043185
Talk Time Mobile Store,"Shop No. 10-11,Commerce Center, Gopal Crossing, Anand - 388001",
Jay Jawan Sales,"Tower Road, Anand - 388620, Sindhi Shopping Centre",+(91)-9898177802
National Mobile Shop,"Station Road, Anand HO, Anand - 388001, Opp. Nariman Complex",+(91)-7777973737
Sony Electronics & Mobile,"G-2,Carol Chambers, Anand - 388001, Near Old Bus Stand",+(91)-2692-268229
X Cel Connexions,"G 18, Sanket Tower, Grid Cross Road, Anand - 388001, Near Vodafone Store",+(91)-9978888828
Mayur Mobile,"22, Hira Girl Complex Asodar Umeta  Road, Anklav Anand, Anand HO, Anand - 388001",+(91)-7777924892
Google Plus Mobile,"B-8, Basement, Rajdeep Complex, Bhalej Road, Anand - 388001, Near Mahendra Shah Hospital",+(91)-8980269626
Honest Watch Co,"Nrtower, Jawahar Road, Khambhat, Anand - 388620",+(91)-8866421412
Mobile World,"Ashapura Complex, Dakor Road, Pansora, Anand - 388220, Pansora Chokdi",+(91)-9725436409
Mobile World Pansora,"Bhagvati Chembers, PANSORA, Anand - 388220, Pansora Chokdi",+(91)-2692-279279
IVenus ,"S-23-24, Maruti Solaris, Anand Sojitra Road, Anand - 388001, Besides Madhubhan Resort, Vithal Udyognagar, Gidc",+(91)-9712000903
The Mobile Store,"G/5 Chinargovlanar, Opp. Big Bazar, Vallabh Vidyanagar, Anand - 388120",+(91)-2692-645695
Excell Connection,"Sg-1/2/3, Nelson Complex, Anand Ho, Anand - 388001, Near Laxmi Tokiz",+(91)-2692-255198
Reliance Mobile Store,"G 3, Jayant Smruti, Grid Crossing, Anand Ho, Anand - 388001, Opp. HDFC BANK",+(91)-7201903624
Mi Authorised Store,"Gf-5, Gopal Chokdi Gopal Avenue Complex Near Hotel Rama Residency, Anand Town, Anand - 388001, Near Hotel Rama Residency",+(91)-9725345707
Samir Mobile Shop,"Shop no S 27 sardar patel shopping center, Sardarganj, Anand - 388001, sojitra",+(91)-9998689370
Creative Mobiles,"Mahatma Gandhi Road, Sardarganj, Anand - 388001",+(91)-9925955488
X-Cel Connexions,"Vivekanand Wadi, Anand - 388001",+(91)-7984291365
Hetansi Sales,"G/5, Radha Smruti Complex, Nana Bazar Bakrol Road, Vallabh Vidyanagar, Anand - 388120, Near University Circle, Near Shahid Chowk",+(91)-7016590255
Chetak Sales,"Basement, Jems Plaza Complex, Station Road, Anand HO, Anand - 388001, Near D N High School",+(91)-7802096685
Jay Hans Mobile,"Asodar, A10 Cj Prime Shopping Vasad Road, Anand - 388307, Opposite Hd Patel High School",+(91)-7600217557
Shreeji Mobile Shop,"B3 Siddhsagar Complex, Railway Station Road, Anand - 388001",+(91)-9737898610
Jasmine Mobile,"Jasmin Infiniti Pvt Lt Shiv Complex Ground Floor, Sardarganj, Anand - 388001, Near New Bus Station Anad",+(91)-8347772148
HTC,Anand - 388001,
Sargam Mobile,"Shop No 5 & 6, Indra Complex, Anand Umeta Road, Anklav Anand, Anand - 388510",+(91)-9909148400
A One Mobile,"Akshar Complex no 4 ff 1, Anand Cross Roads,, Borsad, Anand - 388540, Borsad,",+(91)-9824349748
Hello Mobile,"Vardayani Complex, Tower Road, Khambhat, Anand - 388620, Near Madrasi Hotel",+(91)-9925252347
Mr.Mobile,"Laxmi Crosing Road Near Rajadhitlraj Sweet, Laxmi Crossing Road, Laxmi Cinema-Anand HO, Anand - 388001, Oppo Rajadhiraj Sweet",+(91)-9924412519
Bunny Mobile,"Vaherakhadi, Vasad, Vasad Service Road, Vasad Anand, Anand - 388306",+(91)-9726366314
Sai Care,"Shop No G 6, Kishor Plaza, Station Road, Anand - 388001, Besides Ram Arcade",+(91)-02692-254321
Atmiya Communication,"Ground Floor, Kamla Arcade, M D Marg, Anand Ho, Anand - 388001, Opposite Shrey Hospital",+(91)-8238255255
Excel Communication,"Lg 1,2,3,5 Jemson House, Anand Ho, Anand - 388001, Near Laksmi Cinema Cross Road",+(91)-8140803424
Reliance Mobile Store,"G 5, Milesstone complex, A V Road, Vallabh Vidyanagar, Anand - 388120, Opposite Lazeare & Triveni Arcade, Near Overseas Travel",+(91)-8000456700
P K Mobiles,"Ganesh Chokdi, Sardarganj, Anand - 388001",+(91)-9173722229
Phonewale Anand,"Shop No.12, Radha Icon, Gamdi Vad, Sardarganj, Anand - 388001",+(91)-9512020096
Anand Sales,"17/18, Hariba Bhavan, Main Post Office Road, Anand Ho, Anand - 388001, Below Hotel Relax",+(91)-9974754127
ECS Gallery,"Shop Number 4, Avishkar Complex, V V Nagar Road, Anand Town, Anand - 388001, Opposite Big Bazaar",+(91)-8980005172
Manek Mobile,"Mayfair Road, Sardarganj, Anand - 388001, Near Ajanta Oreva Showroom",+(91)-9773251225
Jay Mobile,"11, Tarapurvasad Hwy, Shiv Shankar Society, Lakulesh Nagar, Borsad, Anand - 388540",+(91)-9173835151
Laxmi Mobiles,"Aastha Appartment, Bakrol Vadtal Road, Vallabh Vidyanagar, Anand - 388120",+(91)-7014577214
X-Cel Communication,"LG- 1,2,3,5 Jemsons Show Room, Anand - 388121, Nr Laxmi Cinem Cross Roda",+(91)-2692-255198
Shiv Shakti Mobile,"Below Pappu Hospital, Ahinsha Chowk, Anand Ho, Anand - 388001, Near Vendor Cross Road",+(91)-9510417161
Viratra Mobile,"Shop No 2, Subhashish Complex, Bakrol Vadtar Road, Vallabh Vidyanagar, Anand - 388120, Opposite Bakrol Square, Opposite Vaibhav Cinema",+(91)-9974962929
Viratra Mobile,"6, Shree Ram Complex, Janta Road, Vallabh Vidyanagar, Anand - 388120, Opposite D Mart, Near Pragati Mandal",+(91)-7043596207
Jay Ambe Mobile,"Raja Ranchod Market, Anand Ho, Anand - 388001, Behind Old Bus Stand",+(91)-9898998759
Pakiza Mobile Center,"Shop No G-6, Station Road, Amul Dairy, Anand - 388001, Near Mahatma Gandhi Statue, Opposite Railway Godi",+(91)-9898984553
Mi Store,"12, Hirageri Berister Complex, Vir - Kuva Chokdi, Anklav Anand, Anand - 388510",+(91)-9909871705
Het Mobile Shop,"Dali, Anand - 388550, Near Dali Chokdi, Dali",+(91)-9824711843
Mobile Zone,"G-4 Shreeji Darshan,, Karamsad Crossing, Vallabh Vidyanagar, Anand - 388120, Near Iscon Temple",+(91)-9898721950
Manvit Mobile,"G-6, Radha Vihan Complex, Janta Road, Vallabh Vidyanagar, Anand - 388120, Opposite Bharat Petroleum",+(91)-9925776188
New X Zone Mobile,"Bhalej Road, Anand HO, Anand - 388001",+(91)-9998298576
Metro Mobile,"25, Nagar Palika Shopping Center, Umreth, Anand - 388220, Near Bus Station, Vada Bazar",+(91)-9898448136
Nisha Enterprises,"Ganesh Shopping Center, Vada Bazar, Umreth, Anand - 388220",+(91)-9825997272
Z Mobile,"Burahnsha Shopping Center, Petlad, Anand - 388450, Near Petlad,",+(91)-9879137107
Samsung Smart Cafe - Maa Co..,"11 , 12 Ram Krishna Shopping Center, Mayfair Road, Anand HO, Anand - 388001, Beside Cosmos Bank",+(91)-8530333336
Oppo Exclusive Showroom,"Shop No 3 & 4, Radha Icon, Anand Ho, Anand - 388001, Opposite Shree Ram Arcade, Near Mayfair Chowk",+(91)-9904240868
Spice Hotspot,"Shop No.3, Chinar Gulnar, Anand Vidhyanagar Road, Anand Town, Anand - 388001, Opposite Big Bazar",+(91)-2692-248372
Mahakali Mobile & Computers,"Kankapura, Anand - 388550",+(91)-9879970030
Voice Mobile,"Amul Dairy Road, Amul Dairy, Anand - 388001",+(91)-02692-255735
Pramukh Mobile,"G 9, Sakar Complex, Juna Dadar Road, Anand Ho, Anand - 388001, Opposite Central Excise",+(91)-9898666128
Hi Choice The Mobile Shop,"Shop No-7, Vallabh Vidyanagar, Anand - 388120, Near Kabir Restaurant, Mota Bazar",+(91)-9974121990
Fatima Store,"Pandoli, Anand - 388160",+(91)-9998443263
Shreeji Mobile Shop,"Gopal Char Rasta, Sardarganj, Anand - 388001, Opp. Indian Bank",+(91)-9978519263
Mobile Mall Center,"Silver Point, Nr. Gandhi Statue, Anand Town, Anand - 388001, Opp. Railway Godi",+(91)-9879488555
Apple Mobile Shop,"Mahed Shalin, Anand Bhalej Road, Anand Ho, Anand - 388001, Near Palak Hospital",+(91)-8460444616
Baba Mobile Complete Soluti..,"Janta Road, Janta Corss Road, Anand - 388121, Near Ratri Bazaar",+(91)-02692-233929
Sahara Mobile And Computer,"C-13, Super Market, Anand Ho, Anand - 388001, Near Choice Saree Centre",+(91)-9033274558
Mi Store,"G 8, Triveni Arcade, A V Road, Anand Town, Anand - 388001, Opposite Generation M",+(91)-8511456969
Nokia Priority,"Shop No 15, Suketu Complex, V V Nagar Road, Anand Ho, Anand - 388001",+(91)-9825044632
The Metro Mobiles,"Shop No 9,10 Aryasamaj Shopping Center, Gopal Crossing, Anand - 388001, Near Ishwar Pedlikar Marg",+(91)-9510683533
Bharti Traders,"Gs1 Hm Press Center Phase 1 Plot No 136/C, Vallabh Vidhyanagar, Anand - 388121",+(91)-9825949772
Shreeji Mobile,"Shop No  03, Earth Building, Anand, Anand - 387240, Opposite  Sbi  Bank, Vithal Udhoyg Nagar,Janta Chokdi",+(91)-9924355744
Gandhi Sales,"Amul Dairy Road, Anand Ho, Anand - 388001, Opposite Railway Godi, Near Gandhi State, Opposite Old Mamtadar Office",+(91)-02692-259933
Sanket Enterprise,"Sanket India, Lambhval Road, Anand Town, Anand - 388001, Opposite Zydus Hospital",+(91)-02692-666666
T Mobile Shop,"Ambalal Park, Borsad, Anand - 388540",+(91)-8866198008
Shree Ram Mobile,"15 Ram Vihar Complex, Karamsad Road, Vallabh Vidyanagar, Anand - 388120, Near Iscon Temple",+(91)-9377120011
Vodafone Mini Store,"4, Ganesh Complex, Anand - 388001, Near Ganesh Crossing",+(91)-9978077711
Onshopdeals.com,"1, 1st Floor, R K Complex, Vallabh Vidyanagar, Anand - 388120, Opposite Home Science College, Motabazar",+(91)-8141234399
Spicom Electronics Pvt Ltd,"G 3 Lakshya Building, Anand Ho, Anand - 388001, Opposite Town Hall",+(91)-2692-240612
Mi Store,"Shop No:- 10,11 Commerce Centre, Gopal Crossing, Anand - 388001, Opposite Balaji Nivas",+(91)-7227043185
Talk Time Mobile Store,"Shop No. 10-11,Commerce Center, Gopal Crossing, Anand - 388001",
Jay Jawan Sales,"Tower Road, Anand - 388620, Sindhi Shopping Centre",+(91)-9898177802
National Mobile Shop,"Station Road, Anand HO, Anand - 388001, Opp. Nariman Complex",+(91)-7777973737
Sony Electronics & Mobile,"G-2,Carol Chambers, Anand - 388001, Near Old Bus Stand",+(91)-2692-268229
X Cel Connexions,"G 18, Sanket Tower, Grid Cross Road, Anand - 388001, Near Vodafone Store",+(91)-9978888828
Mayur Mobile,"22, Hira Girl Complex Asodar Umeta  Road, Anklav Anand, Anand HO, Anand - 388001",+(91)-7777924892
Google Plus Mobile,"B-8, Basement, Rajdeep Complex, Bhalej Road, Anand - 388001, Near Mahendra Shah Hospital",+(91)-8980269626
Honest Watch Co,"Nrtower, Jawahar Road, Khambhat, Anand - 388620",+(91)-8866421412
Mobile World,"Ashapura Complex, Dakor Road, Pansora, Anand - 388220, Pansora Chokdi",+(91)-9725436409
Mobile World Pansora,"Bhagvati Chembers, PANSORA, Anand - 388220, Pansora Chokdi",+(91)-2692-279279
IVenus ,"S-23-24, Maruti Solaris, Anand Sojitra Road, Anand - 388001, Besides Madhubhan Resort, Vithal Udyognagar, Gidc",+(91)-9712000903
The Mobile Store,"G/5 Chinargovlanar, Opp. Big Bazar, Vallabh Vidyanagar, Anand - 388120",+(91)-2692-645695
Excell Connection,"Sg-1/2/3, Nelson Complex, Anand Ho, Anand - 388001, Near Laxmi Tokiz",+(91)-2692-255198
Reliance Mobile Store,"G 3, Jayant Smruti, Grid Crossing, Anand Ho, Anand - 388001, Opp. HDFC BANK",+(91)-7201903624
Mi Authorised Store,"Gf-5, Gopal Chokdi Gopal Avenue Complex Near Hotel Rama Residency, Anand Town, Anand - 388001, Near Hotel Rama Residency",+(91)-9725345707
Samir Mobile Shop,"Shop no S 27 sardar patel shopping center, Sardarganj, Anand - 388001, sojitra",+(91)-9998689370
Creative Mobiles,"Mahatma Gandhi Road, Sardarganj, Anand - 388001",+(91)-9925955488
X-Cel Connexions,"Vivekanand Wadi, Anand - 388001",+(91)-7984291365
Hetansi Sales,"G/5, Radha Smruti Complex, Nana Bazar Bakrol Road, Vallabh Vidyanagar, Anand - 388120, Near University Circle, Near Shahid Chowk",+(91)-7016590255
Chetak Sales,"Basement, Jems Plaza Complex, Station Road, Anand HO, Anand - 388001, Near D N High School",+(91)-7802096685
Jay Hans Mobile,"Asodar, A10 Cj Prime Shopping Vasad Road, Anand - 388307, Opposite Hd Patel High School",+(91)-7600217557
Shreeji Mobile Shop,"B3 Siddhsagar Complex, Railway Station Road, Anand - 388001",+(91)-9737898610
Jasmine Mobile,"Jasmin Infiniti Pvt Lt Shiv Complex Ground Floor, Sardarganj, Anand - 388001, Near New Bus Station Anad",+(91)-8347772148
HTC,Anand - 388001,
Sargam Mobile,"Shop No 5 & 6, Indra Complex, Anand Umeta Road, Anklav Anand, Anand - 388510",+(91)-9909148400
A One Mobile,"Akshar Complex no 4 ff 1, Anand Cross Roads,, Borsad, Anand - 388540, Borsad,",+(91)-9824349748
Hello Mobile,"Vardayani Complex, Tower Road, Khambhat, Anand - 388620, Near Madrasi Hotel",+(91)-9925252347
Mr.Mobile,"Laxmi Crosing Road Near Rajadhitlraj Sweet, Laxmi Crossing Road, Laxmi Cinema-Anand HO, Anand - 388001, Oppo Rajadhiraj Sweet",+(91)-9924412519
Bunny Mobile,"Vaherakhadi, Vasad, Vasad Service Road, Vasad Anand, Anand - 388306",+(91)-9726366314
Sai Care,"Shop No G 6, Kishor Plaza, Station Road, Anand - 388001, Besides Ram Arcade",+(91)-02692-254321
Atmiya Communication,"Ground Floor, Kamla Arcade, M D Marg, Anand Ho, Anand - 388001, Opposite Shrey Hospital",+(91)-8238255255
Excel Communication,"Lg 1,2,3,5 Jemson House, Anand Ho, Anand - 388001, Near Laksmi Cinema Cross Road",+(91)-8140803424
Reliance Mobile Store,"G 5, Milesstone complex, A V Road, Vallabh Vidyanagar, Anand - 388120, Opposite Lazeare & Triveni Arcade, Near Overseas Travel",+(91)-8000456700
P K Mobiles,"Ganesh Chokdi, Sardarganj, Anand - 388001",+(91)-9173722229
Phonewale Anand,"Shop No.12, Radha Icon, Gamdi Vad, Sardarganj, Anand - 388001",+(91)-9512020096
Anand Sales,"17/18, Hariba Bhavan, Main Post Office Road, Anand Ho, Anand - 388001, Below Hotel Relax",+(91)-9974754127
ECS Gallery,"Shop Number 4, Avishkar Complex, V V Nagar Road, Anand Town, Anand - 388001, Opposite Big Bazaar",+(91)-8980005172
Manek Mobile,"Mayfair Road, Sardarganj, Anand - 388001, Near Ajanta Oreva Showroom",+(91)-9773251225
Jay Mobile,"11, Tarapurvasad Hwy, Shiv Shankar Society, Lakulesh Nagar, Borsad, Anand - 388540",+(91)-9173835151
Laxmi Mobiles,"Aastha Appartment, Bakrol Vadtal Road, Vallabh Vidyanagar, Anand - 388120",+(91)-7014577214
X-Cel Communication,"LG- 1,2,3,5 Jemsons Show Room, Anand - 388121, Nr Laxmi Cinem Cross Roda",+(91)-2692-255198
Shiv Shakti Mobile,"Below Pappu Hospital, Ahinsha Chowk, Anand Ho, Anand - 388001, Near Vendor Cross Road",+(91)-9510417161
Viratra Mobile,"Shop No 2, Subhashish Complex, Bakrol Vadtar Road, Vallabh Vidyanagar, Anand - 388120, Opposite Bakrol Square, Opposite Vaibhav Cinema",+(91)-9974962929
Viratra Mobile,"6, Shree Ram Complex, Janta Road, Vallabh Vidyanagar, Anand - 388120, Opposite D Mart, Near Pragati Mandal",+(91)-7043596207
Jay Ambe Mobile,"Raja Ranchod Market, Anand Ho, Anand - 388001, Behind Old Bus Stand",+(91)-9898998759
Pakiza Mobile Center,"Shop No G-6, Station Road, Amul Dairy, Anand - 388001, Near Mahatma Gandhi Statue, Opposite Railway Godi",+(91)-9898984553
Mi Store,"12, Hirageri Berister Complex, Vir - Kuva Chokdi, Anklav Anand, Anand - 388510",+(91)-9909871705
Het Mobile Shop,"Dali, Anand - 388550, Near Dali Chokdi, Dali",+(91)-9824711843
Mobile Zone,"G-4 Shreeji Darshan,, Karamsad Crossing, Vallabh Vidyanagar, Anand - 388120, Near Iscon Temple",+(91)-9898721950
Manvit Mobile,"G-6, Radha Vihan Complex, Janta Road, Vallabh Vidyanagar, Anand - 388120, Opposite Bharat Petroleum",+(91)-9925776188
New X Zone Mobile,"Bhalej Road, Anand HO, Anand - 388001",+(91)-9998298576
Metro Mobile,"25, Nagar Palika Shopping Center, Umreth, Anand - 388220, Near Bus Station, Vada Bazar",+(91)-9898448136
Nisha Enterprises,"Ganesh Shopping Center, Vada Bazar, Umreth, Anand - 388220",+(91)-9825997272
Z Mobile,"Burahnsha Shopping Center, Petlad, Anand - 388450, Near Petlad,",+(91)-9879137107
Samsung Smart Cafe - Maa Co..,"11 , 12 Ram Krishna Shopping Center, Mayfair Road, Anand HO, Anand - 388001, Beside Cosmos Bank",+(91)-8530333336
Oppo Exclusive Showroom,"Shop No 3 & 4, Radha Icon, Anand Ho, Anand - 388001, Opposite Shree Ram Arcade, Near Mayfair Chowk",+(91)-9904240868
Spice Hotspot,"Shop No.3, Chinar Gulnar, Anand Vidhyanagar Road, Anand Town, Anand - 388001, Opposite Big Bazar",+(91)-2692-248372
Mahakali Mobile & Computers,"Kankapura, Anand - 388550",+(91)-9879970030
Voice Mobile,"Amul Dairy Road, Amul Dairy, Anand - 388001",+(91)-02692-255735
Pramukh Mobile,"G 9, Sakar Complex, Juna Dadar Road, Anand Ho, Anand - 388001, Opposite Central Excise",+(91)-9898666128
Hi Choice The Mobile Shop,"Shop No-7, Vallabh Vidyanagar, Anand - 388120, Near Kabir Restaurant, Mota Bazar",+(91)-9974121990
Fatima Store,"Pandoli, Anand - 388160",+(91)-9998443263
Shreeji Mobile Shop,"Gopal Char Rasta, Sardarganj, Anand - 388001, Opp. Indian Bank",+(91)-9978519263
Mobile Mall Center,"Silver Point, Nr. Gandhi Statue, Anand Town, Anand - 388001, Opp. Railway Godi",+(91)-9879488555
Apple Mobile Shop,"Mahed Shalin, Anand Bhalej Road, Anand Ho, Anand - 388001, Near Palak Hospital",+(91)-8460444616
Baba Mobile Complete Soluti..,"Janta Road, Janta Corss Road, Anand - 388121, Near Ratri Bazaar",+(91)-02692-233929
Sahara Mobile And Computer,"C-13, Super Market, Anand Ho, Anand - 388001, Near Choice Saree Centre",+(91)-9033274558
Mi Store,"G 8, Triveni Arcade, A V Road, Anand Town, Anand - 388001, Opposite Generation M",+(91)-8511456969
Nokia Priority,"Shop No 15, Suketu Complex, V V Nagar Road, Anand Ho, Anand - 388001",+(91)-9825044632
The Metro Mobiles,"Shop No 9,10 Aryasamaj Shopping Center, Gopal Crossing, Anand - 388001, Near Ishwar Pedlikar Marg",+(91)-9510683533
Bharti Traders,"Gs1 Hm Press Center Phase 1 Plot No 136/C, Vallabh Vidhyanagar, Anand - 388121",+(91)-9825949772
Shreeji Mobile,"Shop No  03, Earth Building, Anand, Anand - 387240, Opposite  Sbi  Bank, Vithal Udhoyg Nagar,Janta Chokdi",+(91)-9924355744
National Mobile Shop,"Station Road, Anand HO, Anand - 388001, Opp. Nariman Complex",+(91)-7777973737
Sony Electronics & Mobile,"G-2,Carol Chambers, Anand - 388001, Near Old Bus Stand",+(91)-2692-268229
X Cel Connexions,"G 18, Sanket Tower, Grid Cross Road, Anand - 388001, Near Vodafone Store",+(91)-9978888828
Mayur Mobile,"22, Hira Girl Complex Asodar Umeta  Road, Anklav Anand, Anand HO, Anand - 388001",+(91)-7777924892
Google Plus Mobile,"B-8, Basement, Rajdeep Complex, Bhalej Road, Anand - 388001, Near Mahendra Shah Hospital",+(91)-8980269626
Honest Watch Co,"Nrtower, Jawahar Road, Khambhat, Anand - 388620",+(91)-8866421412
Mobile World,"Ashapura Complex, Dakor Road, Pansora, Anand - 388220, Pansora Chokdi",+(91)-9725436409
Mobile World Pansora,"Bhagvati Chembers, PANSORA, Anand - 388220, Pansora Chokdi",+(91)-2692-279279
IVenus ,"S-23-24, Maruti Solaris, Anand Sojitra Road, Anand - 388001, Besides Madhubhan Resort, Vithal Udyognagar, Gidc",+(91)-9712000903
The Mobile Store,"G/5 Chinargovlanar, Opp. Big Bazar, Vallabh Vidyanagar, Anand - 388120",+(91)-2692-645695
Excell Connection,"Sg-1/2/3, Nelson Complex, Anand Ho, Anand - 388001, Near Laxmi Tokiz",+(91)-2692-255198
Reliance Mobile Store,"G 3, Jayant Smruti, Grid Crossing, Anand Ho, Anand - 388001, Opp. HDFC BANK",+(91)-7201903624
Mi Authorised Store,"Gf-5, Gopal Chokdi Gopal Avenue Complex Near Hotel Rama Residency, Anand Town, Anand - 388001, Near Hotel Rama Residency",+(91)-9725345707
Samir Mobile Shop,"Shop no S 27 sardar patel shopping center, Sardarganj, Anand - 388001, sojitra",+(91)-9998689370
Creative Mobiles,"Mahatma Gandhi Road, Sardarganj, Anand - 388001",+(91)-9925955488
X-Cel Connexions,"Vivekanand Wadi, Anand - 388001",+(91)-7984291365
Hetansi Sales,"G/5, Radha Smruti Complex, Nana Bazar Bakrol Road, Vallabh Vidyanagar, Anand - 388120, Near University Circle, Near Shahid Chowk",+(91)-7016590255
Chetak Sales,"Basement, Jems Plaza Complex, Station Road, Anand HO, Anand - 388001, Near D N High School",+(91)-7802096685
Jay Hans Mobile,"Asodar, A10 Cj Prime Shopping Vasad Road, Anand - 388307, Opposite Hd Patel High School",+(91)-7600217557
Shreeji Mobile Shop,"B3 Siddhsagar Complex, Railway Station Road, Anand - 388001",+(91)-9737898610
Jasmine Mobile,"Jasmin Infiniti Pvt Lt Shiv Complex Ground Floor, Sardarganj, Anand - 388001, Near New Bus Station Anad",+(91)-8347772148
HTC,Anand - 388001,
Sargam Mobile,"Shop No 5 & 6, Indra Complex, Anand Umeta Road, Anklav Anand, Anand - 388510",+(91)-9909148400
A One Mobile,"Akshar Complex no 4 ff 1, Anand Cross Roads,, Borsad, Anand - 388540, Borsad,",+(91)-9824349748
Hello Mobile,"Vardayani Complex, Tower Road, Khambhat, Anand - 388620, Near Madrasi Hotel",+(91)-9925252347
Mr.Mobile,"Laxmi Crosing Road Near Rajadhitlraj Sweet, Laxmi Crossing Road, Laxmi Cinema-Anand HO, Anand - 388001, Oppo Rajadhiraj Sweet",+(91)-9924412519
Bunny Mobile,"Vaherakhadi, Vasad, Vasad Service Road, Vasad Anand, Anand - 388306",+(91)-9726366314
Sai Care,"Shop No G 6, Kishor Plaza, Station Road, Anand - 388001, Besides Ram Arcade",+(91)-02692-254321
Atmiya Communication,"Ground Floor, Kamla Arcade, M D Marg, Anand Ho, Anand - 388001, Opposite Shrey Hospital",+(91)-8238255255
Excel Communication,"Lg 1,2,3,5 Jemson House, Anand Ho, Anand - 388001, Near Laksmi Cinema Cross Road",+(91)-8140803424
Reliance Mobile Store,"G 5, Milesstone complex, A V Road, Vallabh Vidyanagar, Anand - 388120, Opposite Lazeare & Triveni Arcade, Near Overseas Travel",+(91)-8000456700
P K Mobiles,"Ganesh Chokdi, Sardarganj, Anand - 388001",+(91)-9173722229
Phonewale Anand,"Shop No.12, Radha Icon, Gamdi Vad, Sardarganj, Anand - 388001",+(91)-9512020096
Anand Sales,"17/18, Hariba Bhavan, Main Post Office Road, Anand Ho, Anand - 388001, Below Hotel Relax",+(91)-9974754127
ECS Gallery,"Shop Number 4, Avishkar Complex, V V Nagar Road, Anand Town, Anand - 388001, Opposite Big Bazaar",+(91)-8980005172
Manek Mobile,"Mayfair Road, Sardarganj, Anand - 388001, Near Ajanta Oreva Showroom",+(91)-9773251225
Jay Mobile,"11, Tarapurvasad Hwy, Shiv Shankar Society, Lakulesh Nagar, Borsad, Anand - 388540",+(91)-9173835151
Laxmi Mobiles,"Aastha Appartment, Bakrol Vadtal Road, Vallabh Vidyanagar, Anand - 388120",+(91)-7014577214
X-Cel Communication,"LG- 1,2,3,5 Jemsons Show Room, Anand - 388121, Nr Laxmi Cinem Cross Roda",+(91)-2692-255198
Shiv Shakti Mobile,"Below Pappu Hospital, Ahinsha Chowk, Anand Ho, Anand - 388001, Near Vendor Cross Road",+(91)-9510417161
Viratra Mobile,"Shop No 2, Subhashish Complex, Bakrol Vadtar Road, Vallabh Vidyanagar, Anand - 388120, Opposite Bakrol Square, Opposite Vaibhav Cinema",+(91)-9974962929
Viratra Mobile,"6, Shree Ram Complex, Janta Road, Vallabh Vidyanagar, Anand - 388120, Opposite D Mart, Near Pragati Mandal",+(91)-7043596207
Jay Ambe Mobile,"Raja Ranchod Market, Anand Ho, Anand - 388001, Behind Old Bus Stand",+(91)-9898998759
Pakiza Mobile Center,"Shop No G-6, Station Road, Amul Dairy, Anand - 388001, Near Mahatma Gandhi Statue, Opposite Railway Godi",+(91)-9898984553
Mi Store,"12, Hirageri Berister Complex, Vir - Kuva Chokdi, Anklav Anand, Anand - 388510",+(91)-9909871705
Het Mobile Shop,"Dali, Anand - 388550, Near Dali Chokdi, Dali",+(91)-9824711843
Mobile Zone,"G-4 Shreeji Darshan,, Karamsad Crossing, Vallabh Vidyanagar, Anand - 388120, Near Iscon Temple",+(91)-9898721950
Manvit Mobile,"G-6, Radha Vihan Complex, Janta Road, Vallabh Vidyanagar, Anand - 388120, Opposite Bharat Petroleum",+(91)-9925776188
New X Zone Mobile,"Bhalej Road, Anand HO, Anand - 388001",+(91)-9998298576
Metro Mobile,"25, Nagar Palika Shopping Center, Umreth, Anand - 388220, Near Bus Station, Vada Bazar",+(91)-9898448136
Nisha Enterprises,"Ganesh Shopping Center, Vada Bazar, Umreth, Anand - 388220",+(91)-9825997272
Z Mobile,"Burahnsha Shopping Center, Petlad, Anand - 388450, Near Petlad,",+(91)-9879137107
Samsung Smart Cafe - Maa Co..,"11 , 12 Ram Krishna Shopping Center, Mayfair Road, Anand HO, Anand - 388001, Beside Cosmos Bank",+(91)-8530333336
Oppo Exclusive Showroom,"Shop No 3 & 4, Radha Icon, Anand Ho, Anand - 388001, Opposite Shree Ram Arcade, Near Mayfair Chowk",+(91)-9904240868
Spice Hotspot,"Shop No.3, Chinar Gulnar, Anand Vidhyanagar Road, Anand Town, Anand - 388001, Opposite Big Bazar",+(91)-2692-248372
Mahakali Mobile & Computers,"Kankapura, Anand - 388550",+(91)-9879970030
Voice Mobile,"Amul Dairy Road, Amul Dairy, Anand - 388001",+(91)-02692-255735
Pramukh Mobile,"G 9, Sakar Complex, Juna Dadar Road, Anand Ho, Anand - 388001, Opposite Central Excise",+(91)-9898666128
Hi Choice The Mobile Shop,"Shop No-7, Vallabh Vidyanagar, Anand - 388120, Near Kabir Restaurant, Mota Bazar",+(91)-9974121990
Fatima Store,"Pandoli, Anand - 388160",+(91)-9998443263
Shreeji Mobile Shop,"Gopal Char Rasta, Sardarganj, Anand - 388001, Opp. Indian Bank",+(91)-9978519263
Mobile Mall Center,"Silver Point, Nr. Gandhi Statue, Anand Town, Anand - 388001, Opp. Railway Godi",+(91)-9879488555
Apple Mobile Shop,"Mahed Shalin, Anand Bhalej Road, Anand Ho, Anand - 388001, Near Palak Hospital",+(91)-8460444616
Baba Mobile Complete Soluti..,"Janta Road, Janta Corss Road, Anand - 388121, Near Ratri Bazaar",+(91)-02692-233929
Sahara Mobile And Computer,"C-13, Super Market, Anand Ho, Anand - 388001, Near Choice Saree Centre",+(91)-9033274558
Mi Store,"G 8, Triveni Arcade, A V Road, Anand Town, Anand - 388001, Opposite Generation M",+(91)-8511456969
Nokia Priority,"Shop No 15, Suketu Complex, V V Nagar Road, Anand Ho, Anand - 388001",+(91)-9825044632
The Metro Mobiles,"Shop No 9,10 Aryasamaj Shopping Center, Gopal Crossing, Anand - 388001, Near Ishwar Pedlikar Marg",+(91)-9510683533
Bharti Traders,"Gs1 Hm Press Center Phase 1 Plot No 136/C, Vallabh Vidhyanagar, Anand - 388121",+(91)-9825949772
Shreeji Mobile,"Shop No  03, Earth Building, Anand, Anand - 387240, Opposite  Sbi  Bank, Vithal Udhoyg Nagar,Janta Chokdi",+(91)-9924355744
Excell Connection,"Sg-1/2/3, Nelson Complex, Anand Ho, Anand - 388001, Near Laxmi Tokiz",+(91)-2692-255198
Reliance Mobile Store,"G 3, Jayant Smruti, Grid Crossing, Anand Ho, Anand - 388001, Opp. HDFC BANK",+(91)-7201903624
Mi Authorised Store,"Gf-5, Gopal Chokdi Gopal Avenue Complex Near Hotel Rama Residency, Anand Town, Anand - 388001, Near Hotel Rama Residency",+(91)-9725345707
Samir Mobile Shop,"Shop no S 27 sardar patel shopping center, Sardarganj, Anand - 388001, sojitra",+(91)-9998689370
Creative Mobiles,"Mahatma Gandhi Road, Sardarganj, Anand - 388001",+(91)-9925955488
X-Cel Connexions,"Vivekanand Wadi, Anand - 388001",+(91)-7984291365
Hetansi Sales,"G/5, Radha Smruti Complex, Nana Bazar Bakrol Road, Vallabh Vidyanagar, Anand - 388120, Near University Circle, Near Shahid Chowk",+(91)-7016590255
Chetak Sales,"Basement, Jems Plaza Complex, Station Road, Anand HO, Anand - 388001, Near D N High School",+(91)-7802096685
Jay Hans Mobile,"Asodar, A10 Cj Prime Shopping Vasad Road, Anand - 388307, Opposite Hd Patel High School",+(91)-7600217557
Shreeji Mobile Shop,"B3 Siddhsagar Complex, Railway Station Road, Anand - 388001",+(91)-9737898610
Jasmine Mobile,"Jasmin Infiniti Pvt Lt Shiv Complex Ground Floor, Sardarganj, Anand - 388001, Near New Bus Station Anad",+(91)-8347772148
HTC,Anand - 388001,
Sargam Mobile,"Shop No 5 & 6, Indra Complex, Anand Umeta Road, Anklav Anand, Anand - 388510",+(91)-9909148400
A One Mobile,"Akshar Complex no 4 ff 1, Anand Cross Roads,, Borsad, Anand - 388540, Borsad,",+(91)-9824349748
Hello Mobile,"Vardayani Complex, Tower Road, Khambhat, Anand - 388620, Near Madrasi Hotel",+(91)-9925252347
Mr.Mobile,"Laxmi Crosing Road Near Rajadhitlraj Sweet, Laxmi Crossing Road, Laxmi Cinema-Anand HO, Anand - 388001, Oppo Rajadhiraj Sweet",+(91)-9924412519
Bunny Mobile,"Vaherakhadi, Vasad, Vasad Service Road, Vasad Anand, Anand - 388306",+(91)-9726366314
Sai Care,"Shop No G 6, Kishor Plaza, Station Road, Anand - 388001, Besides Ram Arcade",+(91)-02692-254321
Atmiya Communication,"Ground Floor, Kamla Arcade, M D Marg, Anand Ho, Anand - 388001, Opposite Shrey Hospital",+(91)-8238255255
Excel Communication,"Lg 1,2,3,5 Jemson House, Anand Ho, Anand - 388001, Near Laksmi Cinema Cross Road",+(91)-8140803424
Reliance Mobile Store,"G 5, Milesstone complex, A V Road, Vallabh Vidyanagar, Anand - 388120, Opposite Lazeare & Triveni Arcade, Near Overseas Travel",+(91)-8000456700
P K Mobiles,"Ganesh Chokdi, Sardarganj, Anand - 388001",+(91)-9173722229
Phonewale Anand,"Shop No.12, Radha Icon, Gamdi Vad, Sardarganj, Anand - 388001",+(91)-9512020096
Anand Sales,"17/18, Hariba Bhavan, Main Post Office Road, Anand Ho, Anand - 388001, Below Hotel Relax",+(91)-9974754127
ECS Gallery,"Shop Number 4, Avishkar Complex, V V Nagar Road, Anand Town, Anand - 388001, Opposite Big Bazaar",+(91)-8980005172
Manek Mobile,"Mayfair Road, Sardarganj, Anand - 388001, Near Ajanta Oreva Showroom",+(91)-9773251225
Jay Mobile,"11, Tarapurvasad Hwy, Shiv Shankar Society, Lakulesh Nagar, Borsad, Anand - 388540",+(91)-9173835151
Laxmi Mobiles,"Aastha Appartment, Bakrol Vadtal Road, Vallabh Vidyanagar, Anand - 388120",+(91)-7014577214
X-Cel Communication,"LG- 1,2,3,5 Jemsons Show Room, Anand - 388121, Nr Laxmi Cinem Cross Roda",+(91)-2692-255198
Shiv Shakti Mobile,"Below Pappu Hospital, Ahinsha Chowk, Anand Ho, Anand - 388001, Near Vendor Cross Road",+(91)-9510417161
Viratra Mobile,"Shop No 2, Subhashish Complex, Bakrol Vadtar Road, Vallabh Vidyanagar, Anand - 388120, Opposite Bakrol Square, Opposite Vaibhav Cinema",+(91)-9974962929
Viratra Mobile,"6, Shree Ram Complex, Janta Road, Vallabh Vidyanagar, Anand - 388120, Opposite D Mart, Near Pragati Mandal",+(91)-7043596207
Jay Ambe Mobile,"Raja Ranchod Market, Anand Ho, Anand - 388001, Behind Old Bus Stand",+(91)-9898998759
Pakiza Mobile Center,"Shop No G-6, Station Road, Amul Dairy, Anand - 388001, Near Mahatma Gandhi Statue, Opposite Railway Godi",+(91)-9898984553
Mi Store,"12, Hirageri Berister Complex, Vir - Kuva Chokdi, Anklav Anand, Anand - 388510",+(91)-9909871705
Het Mobile Shop,"Dali, Anand - 388550, Near Dali Chokdi, Dali",+(91)-9824711843
Mobile Zone,"G-4 Shreeji Darshan,, Karamsad Crossing, Vallabh Vidyanagar, Anand - 388120, Near Iscon Temple",+(91)-9898721950
Manvit Mobile,"G-6, Radha Vihan Complex, Janta Road, Vallabh Vidyanagar, Anand - 388120, Opposite Bharat Petroleum",+(91)-9925776188
New X Zone Mobile,"Bhalej Road, Anand HO, Anand - 388001",+(91)-9998298576
Metro Mobile,"25, Nagar Palika Shopping Center, Umreth, Anand - 388220, Near Bus Station, Vada Bazar",+(91)-9898448136
Nisha Enterprises,"Ganesh Shopping Center, Vada Bazar, Umreth, Anand - 388220",+(91)-9825997272
Z Mobile,"Burahnsha Shopping Center, Petlad, Anand - 388450, Near Petlad,",+(91)-9879137107
Samsung Smart Cafe - Maa Co..,"11 , 12 Ram Krishna Shopping Center, Mayfair Road, Anand HO, Anand - 388001, Beside Cosmos Bank",+(91)-8530333336
Oppo Exclusive Showroom,"Shop No 3 & 4, Radha Icon, Anand Ho, Anand - 388001, Opposite Shree Ram Arcade, Near Mayfair Chowk",+(91)-9904240868
Spice Hotspot,"Shop No.3, Chinar Gulnar, Anand Vidhyanagar Road, Anand Town, Anand - 388001, Opposite Big Bazar",+(91)-2692-248372
Mahakali Mobile & Computers,"Kankapura, Anand - 388550",+(91)-9879970030
Voice Mobile,"Amul Dairy Road, Amul Dairy, Anand - 388001",+(91)-02692-255735
Pramukh Mobile,"G 9, Sakar Complex, Juna Dadar Road, Anand Ho, Anand - 388001, Opposite Central Excise",+(91)-9898666128
Hi Choice The Mobile Shop,"Shop No-7, Vallabh Vidyanagar, Anand - 388120, Near Kabir Restaurant, Mota Bazar",+(91)-9974121990
Fatima Store,"Pandoli, Anand - 388160",+(91)-9998443263
Shreeji Mobile Shop,"Gopal Char Rasta, Sardarganj, Anand - 388001, Opp. Indian Bank",+(91)-9978519263
Mobile Mall Center,"Silver Point, Nr. Gandhi Statue, Anand Town, Anand - 388001, Opp. Railway Godi",+(91)-9879488555
Apple Mobile Shop,"Mahed Shalin, Anand Bhalej Road, Anand Ho, Anand - 388001, Near Palak Hospital",+(91)-8460444616
Baba Mobile Complete Soluti..,"Janta Road, Janta Corss Road, Anand - 388121, Near Ratri Bazaar",+(91)-02692-233929
Sahara Mobile And Computer,"C-13, Super Market, Anand Ho, Anand - 388001, Near Choice Saree Centre",+(91)-9033274558
Mi Store,"G 8, Triveni Arcade, A V Road, Anand Town, Anand - 388001, Opposite Generation M",+(91)-8511456969
Nokia Priority,"Shop No 15, Suketu Complex, V V Nagar Road, Anand Ho, Anand - 388001",+(91)-9825044632
The Metro Mobiles,"Shop No 9,10 Aryasamaj Shopping Center, Gopal Crossing, Anand - 388001, Near Ishwar Pedlikar Marg",+(91)-9510683533
Bharti Traders,"Gs1 Hm Press Center Phase 1 Plot No 136/C, Vallabh Vidhyanagar, Anand - 388121",+(91)-9825949772
Shreeji Mobile,"Shop No  03, Earth Building, Anand, Anand - 387240, Opposite  Sbi  Bank, Vithal Udhoyg Nagar,Janta Chokdi",+(91)-9924355744
Jasmine Mobile,"Jasmin Infiniti Pvt Lt Shiv Complex Ground Floor, Sardarganj, Anand - 388001, Near New Bus Station Anad",+(91)-8347772148
HTC,Anand - 388001,
Sargam Mobile,"Shop No 5 & 6, Indra Complex, Anand Umeta Road, Anklav Anand, Anand - 388510",+(91)-9909148400
A One Mobile,"Akshar Complex no 4 ff 1, Anand Cross Roads,, Borsad, Anand - 388540, Borsad,",+(91)-9824349748
Hello Mobile,"Vardayani Complex, Tower Road, Khambhat, Anand - 388620, Near Madrasi Hotel",+(91)-9925252347
Mr.Mobile,"Laxmi Crosing Road Near Rajadhitlraj Sweet, Laxmi Crossing Road, Laxmi Cinema-Anand HO, Anand - 388001, Oppo Rajadhiraj Sweet",+(91)-9924412519
Bunny Mobile,"Vaherakhadi, Vasad, Vasad Service Road, Vasad Anand, Anand - 388306",+(91)-9726366314
Sai Care,"Shop No G 6, Kishor Plaza, Station Road, Anand - 388001, Besides Ram Arcade",+(91)-02692-254321
Atmiya Communication,"Ground Floor, Kamla Arcade, M D Marg, Anand Ho, Anand - 388001, Opposite Shrey Hospital",+(91)-8238255255
Excel Communication,"Lg 1,2,3,5 Jemson House, Anand Ho, Anand - 388001, Near Laksmi Cinema Cross Road",+(91)-8140803424
Reliance Mobile Store,"G 5, Milesstone complex, A V Road, Vallabh Vidyanagar, Anand - 388120, Opposite Lazeare & Triveni Arcade, Near Overseas Travel",+(91)-8000456700
P K Mobiles,"Ganesh Chokdi, Sardarganj, Anand - 388001",+(91)-9173722229
Phonewale Anand,"Shop No.12, Radha Icon, Gamdi Vad, Sardarganj, Anand - 388001",+(91)-9512020096
Anand Sales,"17/18, Hariba Bhavan, Main Post Office Road, Anand Ho, Anand - 388001, Below Hotel Relax",+(91)-9974754127
ECS Gallery,"Shop Number 4, Avishkar Complex, V V Nagar Road, Anand Town, Anand - 388001, Opposite Big Bazaar",+(91)-8980005172
Manek Mobile,"Mayfair Road, Sardarganj, Anand - 388001, Near Ajanta Oreva Showroom",+(91)-9773251225
Jay Mobile,"11, Tarapurvasad Hwy, Shiv Shankar Society, Lakulesh Nagar, Borsad, Anand - 388540",+(91)-9173835151
Laxmi Mobiles,"Aastha Appartment, Bakrol Vadtal Road, Vallabh Vidyanagar, Anand - 388120",+(91)-7014577214
X-Cel Communication,"LG- 1,2,3,5 Jemsons Show Room, Anand - 388121, Nr Laxmi Cinem Cross Roda",+(91)-2692-255198
Shiv Shakti Mobile,"Below Pappu Hospital, Ahinsha Chowk, Anand Ho, Anand - 388001, Near Vendor Cross Road",+(91)-9510417161
Viratra Mobile,"Shop No 2, Subhashish Complex, Bakrol Vadtar Road, Vallabh Vidyanagar, Anand - 388120, Opposite Bakrol Square, Opposite Vaibhav Cinema",+(91)-9974962929
Viratra Mobile,"6, Shree Ram Complex, Janta Road, Vallabh Vidyanagar, Anand - 388120, Opposite D Mart, Near Pragati Mandal",+(91)-7043596207
Jay Ambe Mobile,"Raja Ranchod Market, Anand Ho, Anand - 388001, Behind Old Bus Stand",+(91)-9898998759
Pakiza Mobile Center,"Shop No G-6, Station Road, Amul Dairy, Anand - 388001, Near Mahatma Gandhi Statue, Opposite Railway Godi",+(91)-9898984553
Mi Store,"12, Hirageri Berister Complex, Vir - Kuva Chokdi, Anklav Anand, Anand - 388510",+(91)-9909871705
Het Mobile Shop,"Dali, Anand - 388550, Near Dali Chokdi, Dali",+(91)-9824711843
Mobile Zone,"G-4 Shreeji Darshan,, Karamsad Crossing, Vallabh Vidyanagar, Anand - 388120, Near Iscon Temple",+(91)-9898721950
Manvit Mobile,"G-6, Radha Vihan Complex, Janta Road, Vallabh Vidyanagar, Anand - 388120, Opposite Bharat Petroleum",+(91)-9925776188
New X Zone Mobile,"Bhalej Road, Anand HO, Anand - 388001",+(91)-9998298576
Metro Mobile,"25, Nagar Palika Shopping Center, Umreth, Anand - 388220, Near Bus Station, Vada Bazar",+(91)-9898448136
Nisha Enterprises,"Ganesh Shopping Center, Vada Bazar, Umreth, Anand - 388220",+(91)-9825997272
Z Mobile,"Burahnsha Shopping Center, Petlad, Anand - 388450, Near Petlad,",+(91)-9879137107
Samsung Smart Cafe - Maa Co..,"11 , 12 Ram Krishna Shopping Center, Mayfair Road, Anand HO, Anand - 388001, Beside Cosmos Bank",+(91)-8530333336
Oppo Exclusive Showroom,"Shop No 3 & 4, Radha Icon, Anand Ho, Anand - 388001, Opposite Shree Ram Arcade, Near Mayfair Chowk",+(91)-9904240868
Spice Hotspot,"Shop No.3, Chinar Gulnar, Anand Vidhyanagar Road, Anand Town, Anand - 388001, Opposite Big Bazar",+(91)-2692-248372
Mahakali Mobile & Computers,"Kankapura, Anand - 388550",+(91)-9879970030
Voice Mobile,"Amul Dairy Road, Amul Dairy, Anand - 388001",+(91)-02692-255735
Pramukh Mobile,"G 9, Sakar Complex, Juna Dadar Road, Anand Ho, Anand - 388001, Opposite Central Excise",+(91)-9898666128
Hi Choice The Mobile Shop,"Shop No-7, Vallabh Vidyanagar, Anand - 388120, Near Kabir Restaurant, Mota Bazar",+(91)-9974121990
Fatima Store,"Pandoli, Anand - 388160",+(91)-9998443263
Shreeji Mobile Shop,"Gopal Char Rasta, Sardarganj, Anand - 388001, Opp. Indian Bank",+(91)-9978519263
Mobile Mall Center,"Silver Point, Nr. Gandhi Statue, Anand Town, Anand - 388001, Opp. Railway Godi",+(91)-9879488555
Apple Mobile Shop,"Mahed Shalin, Anand Bhalej Road, Anand Ho, Anand - 388001, Near Palak Hospital",+(91)-8460444616
Baba Mobile Complete Soluti..,"Janta Road, Janta Corss Road, Anand - 388121, Near Ratri Bazaar",+(91)-02692-233929
Sahara Mobile And Computer,"C-13, Super Market, Anand Ho, Anand - 388001, Near Choice Saree Centre",+(91)-9033274558
Mi Store,"G 8, Triveni Arcade, A V Road, Anand Town, Anand - 388001, Opposite Generation M",+(91)-8511456969
Nokia Priority,"Shop No 15, Suketu Complex, V V Nagar Road, Anand Ho, Anand - 388001",+(91)-9825044632
The Metro Mobiles,"Shop No 9,10 Aryasamaj Shopping Center, Gopal Crossing, Anand - 388001, Near Ishwar Pedlikar Marg",+(91)-9510683533
Bharti Traders,"Gs1 Hm Press Center Phase 1 Plot No 136/C, Vallabh Vidhyanagar, Anand - 388121",+(91)-9825949772
Shreeji Mobile,"Shop No  03, Earth Building, Anand, Anand - 387240, Opposite  Sbi  Bank, Vithal Udhoyg Nagar,Janta Chokdi",+(91)-9924355744
Reliance Mobile Store,"G 5, Milesstone complex, A V Road, Vallabh Vidyanagar, Anand - 388120, Opposite Lazeare & Triveni Arcade, Near Overseas Travel",+(91)-8000456700
P K Mobiles,"Ganesh Chokdi, Sardarganj, Anand - 388001",+(91)-9173722229
Phonewale Anand,"Shop No.12, Radha Icon, Gamdi Vad, Sardarganj, Anand - 388001",+(91)-9512020096
Anand Sales,"17/18, Hariba Bhavan, Main Post Office Road, Anand Ho, Anand - 388001, Below Hotel Relax",+(91)-9974754127
ECS Gallery,"Shop Number 4, Avishkar Complex, V V Nagar Road, Anand Town, Anand - 388001, Opposite Big Bazaar",+(91)-8980005172
Manek Mobile,"Mayfair Road, Sardarganj, Anand - 388001, Near Ajanta Oreva Showroom",+(91)-9773251225
Jay Mobile,"11, Tarapurvasad Hwy, Shiv Shankar Society, Lakulesh Nagar, Borsad, Anand - 388540",+(91)-9173835151
Laxmi Mobiles,"Aastha Appartment, Bakrol Vadtal Road, Vallabh Vidyanagar, Anand - 388120",+(91)-7014577214
X-Cel Communication,"LG- 1,2,3,5 Jemsons Show Room, Anand - 388121, Nr Laxmi Cinem Cross Roda",+(91)-2692-255198
Shiv Shakti Mobile,"Below Pappu Hospital, Ahinsha Chowk, Anand Ho, Anand - 388001, Near Vendor Cross Road",+(91)-9510417161
Viratra Mobile,"Shop No 2, Subhashish Complex, Bakrol Vadtar Road, Vallabh Vidyanagar, Anand - 388120, Opposite Bakrol Square, Opposite Vaibhav Cinema",+(91)-9974962929
Viratra Mobile,"6, Shree Ram Complex, Janta Road, Vallabh Vidyanagar, Anand - 388120, Opposite D Mart, Near Pragati Mandal",+(91)-7043596207
Jay Ambe Mobile,"Raja Ranchod Market, Anand Ho, Anand - 388001, Behind Old Bus Stand",+(91)-9898998759
Pakiza Mobile Center,"Shop No G-6, Station Road, Amul Dairy, Anand - 388001, Near Mahatma Gandhi Statue, Opposite Railway Godi",+(91)-9898984553
Mi Store,"12, Hirageri Berister Complex, Vir - Kuva Chokdi, Anklav Anand, Anand - 388510",+(91)-9909871705
Het Mobile Shop,"Dali, Anand - 388550, Near Dali Chokdi, Dali",+(91)-9824711843
Mobile Zone,"G-4 Shreeji Darshan,, Karamsad Crossing, Vallabh Vidyanagar, Anand - 388120, Near Iscon Temple",+(91)-9898721950
Manvit Mobile,"G-6, Radha Vihan Complex, Janta Road, Vallabh Vidyanagar, Anand - 388120, Opposite Bharat Petroleum",+(91)-9925776188
New X Zone Mobile,"Bhalej Road, Anand HO, Anand - 388001",+(91)-9998298576
Metro Mobile,"25, Nagar Palika Shopping Center, Umreth, Anand - 388220, Near Bus Station, Vada Bazar",+(91)-9898448136
Nisha Enterprises,"Ganesh Shopping Center, Vada Bazar, Umreth, Anand - 388220",+(91)-9825997272
Z Mobile,"Burahnsha Shopping Center, Petlad, Anand - 388450, Near Petlad,",+(91)-9879137107
Samsung Smart Cafe - Maa Co..,"11 , 12 Ram Krishna Shopping Center, Mayfair Road, Anand HO, Anand - 388001, Beside Cosmos Bank",+(91)-8530333336
Oppo Exclusive Showroom,"Shop No 3 & 4, Radha Icon, Anand Ho, Anand - 388001, Opposite Shree Ram Arcade, Near Mayfair Chowk",+(91)-9904240868
Spice Hotspot,"Shop No.3, Chinar Gulnar, Anand Vidhyanagar Road, Anand Town, Anand - 388001, Opposite Big Bazar",+(91)-2692-248372
Mahakali Mobile & Computers,"Kankapura, Anand - 388550",+(91)-9879970030
Voice Mobile,"Amul Dairy Road, Amul Dairy, Anand - 388001",+(91)-02692-255735
Pramukh Mobile,"G 9, Sakar Complex, Juna Dadar Road, Anand Ho, Anand - 388001, Opposite Central Excise",+(91)-9898666128
Hi Choice The Mobile Shop,"Shop No-7, Vallabh Vidyanagar, Anand - 388120, Near Kabir Restaurant, Mota Bazar",+(91)-9974121990
Fatima Store,"Pandoli, Anand - 388160",+(91)-9998443263
Shreeji Mobile Shop,"Gopal Char Rasta, Sardarganj, Anand - 388001, Opp. Indian Bank",+(91)-9978519263
Mobile Mall Center,"Silver Point, Nr. Gandhi Statue, Anand Town, Anand - 388001, Opp. Railway Godi",+(91)-9879488555
Apple Mobile Shop,"Mahed Shalin, Anand Bhalej Road, Anand Ho, Anand - 388001, Near Palak Hospital",+(91)-8460444616
Baba Mobile Complete Soluti..,"Janta Road, Janta Corss Road, Anand - 388121, Near Ratri Bazaar",+(91)-02692-233929
Sahara Mobile And Computer,"C-13, Super Market, Anand Ho, Anand - 388001, Near Choice Saree Centre",+(91)-9033274558
Mi Store,"G 8, Triveni Arcade, A V Road, Anand Town, Anand - 388001, Opposite Generation M",+(91)-8511456969
Nokia Priority,"Shop No 15, Suketu Complex, V V Nagar Road, Anand Ho, Anand - 388001",+(91)-9825044632
The Metro Mobiles,"Shop No 9,10 Aryasamaj Shopping Center, Gopal Crossing, Anand - 388001, Near Ishwar Pedlikar Marg",+(91)-9510683533
Bharti Traders,"Gs1 Hm Press Center Phase 1 Plot No 136/C, Vallabh Vidhyanagar, Anand - 388121",+(91)-9825949772
Shreeji Mobile,"Shop No  03, Earth Building, Anand, Anand - 387240, Opposite  Sbi  Bank, Vithal Udhoyg Nagar,Janta Chokdi",+(91)-9924355744
Viratra Mobile,"Shop No 2, Subhashish Complex, Bakrol Vadtar Road, Vallabh Vidyanagar, Anand - 388120, Opposite Bakrol Square, Opposite Vaibhav Cinema",+(91)-9974962929
Viratra Mobile,"6, Shree Ram Complex, Janta Road, Vallabh Vidyanagar, Anand - 388120, Opposite D Mart, Near Pragati Mandal",+(91)-7043596207
Jay Ambe Mobile,"Raja Ranchod Market, Anand Ho, Anand - 388001, Behind Old Bus Stand",+(91)-9898998759
Pakiza Mobile Center,"Shop No G-6, Station Road, Amul Dairy, Anand - 388001, Near Mahatma Gandhi Statue, Opposite Railway Godi",+(91)-9898984553
Mi Store,"12, Hirageri Berister Complex, Vir - Kuva Chokdi, Anklav Anand, Anand - 388510",+(91)-9909871705
Het Mobile Shop,"Dali, Anand - 388550, Near Dali Chokdi, Dali",+(91)-9824711843
Mobile Zone,"G-4 Shreeji Darshan,, Karamsad Crossing, Vallabh Vidyanagar, Anand - 388120, Near Iscon Temple",+(91)-9898721950
Manvit Mobile,"G-6, Radha Vihan Complex, Janta Road, Vallabh Vidyanagar, Anand - 388120, Opposite Bharat Petroleum",+(91)-9925776188
New X Zone Mobile,"Bhalej Road, Anand HO, Anand - 388001",+(91)-9998298576
Metro Mobile,"25, Nagar Palika Shopping Center, Umreth, Anand - 388220, Near Bus Station, Vada Bazar",+(91)-9898448136
Nisha Enterprises,"Ganesh Shopping Center, Vada Bazar, Umreth, Anand - 388220",+(91)-9825997272
Z Mobile,"Burahnsha Shopping Center, Petlad, Anand - 388450, Near Petlad,",+(91)-9879137107
Samsung Smart Cafe - Maa Co..,"11 , 12 Ram Krishna Shopping Center, Mayfair Road, Anand HO, Anand - 388001, Beside Cosmos Bank",+(91)-8530333336
Oppo Exclusive Showroom,"Shop No 3 & 4, Radha Icon, Anand Ho, Anand - 388001, Opposite Shree Ram Arcade, Near Mayfair Chowk",+(91)-9904240868
Spice Hotspot,"Shop No.3, Chinar Gulnar, Anand Vidhyanagar Road, Anand Town, Anand - 388001, Opposite Big Bazar",+(91)-2692-248372
Mahakali Mobile & Computers,"Kankapura, Anand - 388550",+(91)-9879970030
Voice Mobile,"Amul Dairy Road, Amul Dairy, Anand - 388001",+(91)-02692-255735
Pramukh Mobile,"G 9, Sakar Complex, Juna Dadar Road, Anand Ho, Anand - 388001, Opposite Central Excise",+(91)-9898666128
Hi Choice The Mobile Shop,"Shop No-7, Vallabh Vidyanagar, Anand - 388120, Near Kabir Restaurant, Mota Bazar",+(91)-9974121990
Fatima Store,"Pandoli, Anand - 388160",+(91)-9998443263
Shreeji Mobile Shop,"Gopal Char Rasta, Sardarganj, Anand - 388001, Opp. Indian Bank",+(91)-9978519263
Mobile Mall Center,"Silver Point, Nr. Gandhi Statue, Anand Town, Anand - 388001, Opp. Railway Godi",+(91)-9879488555
Apple Mobile Shop,"Mahed Shalin, Anand Bhalej Road, Anand Ho, Anand - 388001, Near Palak Hospital",+(91)-8460444616
Baba Mobile Complete Soluti..,"Janta Road, Janta Corss Road, Anand - 388121, Near Ratri Bazaar",+(91)-02692-233929
Sahara Mobile And Computer,"C-13, Super Market, Anand Ho, Anand - 388001, Near Choice Saree Centre",+(91)-9033274558
Mi Store,"G 8, Triveni Arcade, A V Road, Anand Town, Anand - 388001, Opposite Generation M",+(91)-8511456969
Nokia Priority,"Shop No 15, Suketu Complex, V V Nagar Road, Anand Ho, Anand - 388001",+(91)-9825044632
The Metro Mobiles,"Shop No 9,10 Aryasamaj Shopping Center, Gopal Crossing, Anand - 388001, Near Ishwar Pedlikar Marg",+(91)-9510683533
Bharti Traders,"Gs1 Hm Press Center Phase 1 Plot No 136/C, Vallabh Vidhyanagar, Anand - 388121",+(91)-9825949772
Shreeji Mobile,"Shop No  03, Earth Building, Anand, Anand - 387240, Opposite  Sbi  Bank, Vithal Udhoyg Nagar,Janta Chokdi",+(91)-9924355744
Nisha Enterprises,"Ganesh Shopping Center, Vada Bazar, Umreth, Anand - 388220",+(91)-9825997272
Z Mobile,"Burahnsha Shopping Center, Petlad, Anand - 388450, Near Petlad,",+(91)-9879137107
Samsung Smart Cafe - Maa Co..,"11 , 12 Ram Krishna Shopping Center, Mayfair Road, Anand HO, Anand - 388001, Beside Cosmos Bank",+(91)-8530333336
Oppo Exclusive Showroom,"Shop No 3 & 4, Radha Icon, Anand Ho, Anand - 388001, Opposite Shree Ram Arcade, Near Mayfair Chowk",+(91)-9904240868
Spice Hotspot,"Shop No.3, Chinar Gulnar, Anand Vidhyanagar Road, Anand Town, Anand - 388001, Opposite Big Bazar",+(91)-2692-248372
Mahakali Mobile & Computers,"Kankapura, Anand - 388550",+(91)-9879970030
Voice Mobile,"Amul Dairy Road, Amul Dairy, Anand - 388001",+(91)-02692-255735
Pramukh Mobile,"G 9, Sakar Complex, Juna Dadar Road, Anand Ho, Anand - 388001, Opposite Central Excise",+(91)-9898666128
Hi Choice The Mobile Shop,"Shop No-7, Vallabh Vidyanagar, Anand - 388120, Near Kabir Restaurant, Mota Bazar",+(91)-9974121990
Fatima Store,"Pandoli, Anand - 388160",+(91)-9998443263
Shreeji Mobile Shop,"Gopal Char Rasta, Sardarganj, Anand - 388001, Opp. Indian Bank",+(91)-9978519263
Mobile Mall Center,"Silver Point, Nr. Gandhi Statue, Anand Town, Anand - 388001, Opp. Railway Godi",+(91)-9879488555
Apple Mobile Shop,"Mahed Shalin, Anand Bhalej Road, Anand Ho, Anand - 388001, Near Palak Hospital",+(91)-8460444616
Baba Mobile Complete Soluti..,"Janta Road, Janta Corss Road, Anand - 388121, Near Ratri Bazaar",+(91)-02692-233929
Sahara Mobile And Computer,"C-13, Super Market, Anand Ho, Anand - 388001, Near Choice Saree Centre",+(91)-9033274558
Mi Store,"G 8, Triveni Arcade, A V Road, Anand Town, Anand - 388001, Opposite Generation M",+(91)-8511456969
Nokia Priority,"Shop No 15, Suketu Complex, V V Nagar Road, Anand Ho, Anand - 388001",+(91)-9825044632
The Metro Mobiles,"Shop No 9,10 Aryasamaj Shopping Center, Gopal Crossing, Anand - 388001, Near Ishwar Pedlikar Marg",+(91)-9510683533
Bharti Traders,"Gs1 Hm Press Center Phase 1 Plot No 136/C, Vallabh Vidhyanagar, Anand - 388121",+(91)-9825949772
Shreeji Mobile,"Shop No  03, Earth Building, Anand, Anand - 387240, Opposite  Sbi  Bank, Vithal Udhoyg Nagar,Janta Chokdi",+(91)-9924355744
Shreeji Mobile Shop,"Gopal Char Rasta, Sardarganj, Anand - 388001, Opp. Indian Bank",+(91)-9978519263
Mobile Mall Center,"Silver Point, Nr. Gandhi Statue, Anand Town, Anand - 388001, Opp. Railway Godi",+(91)-9879488555
Apple Mobile Shop,"Mahed Shalin, Anand Bhalej Road, Anand Ho, Anand - 388001, Near Palak Hospital",+(91)-8460444616
Baba Mobile Complete Soluti..,"Janta Road, Janta Corss Road, Anand - 388121, Near Ratri Bazaar",+(91)-02692-233929
Sahara Mobile And Computer,"C-13, Super Market, Anand Ho, Anand - 388001, Near Choice Saree Centre",+(91)-9033274558
Mi Store,"G 8, Triveni Arcade, A V Road, Anand Town, Anand - 388001, Opposite Generation M",+(91)-8511456969
Nokia Priority,"Shop No 15, Suketu Complex, V V Nagar Road, Anand Ho, Anand - 388001",+(91)-9825044632
The Metro Mobiles,"Shop No 9,10 Aryasamaj Shopping Center, Gopal Crossing, Anand - 388001, Near Ishwar Pedlikar Marg",+(91)-9510683533
Bharti Traders,"Gs1 Hm Press Center Phase 1 Plot No 136/C, Vallabh Vidhyanagar, Anand - 388121",+(91)-9825949772
Shreeji Mobile,"Shop No  03, Earth Building, Anand, Anand - 387240, Opposite  Sbi  Bank, Vithal Udhoyg Nagar,Janta Chokdi",+(91)-9924355744
Shriji Communication,"Kathana Delhi Chakla, Anand Lp Solanki, North, Dhuvaran Road, Kathana, Anand - 388550",+(91)-9824577551
Satguru Mobile,"Near Bhagatsinh Chowk, Cp Patel & Ph Shah Commerce College, Anand - 388001",+(91)-9825804149
Smile Mobile Store,"Shop No.GF-7,Mildstone Complex, Anand Town, Anand - 388001, Opp.Triveni Complex",+(91)-7405510295
Venus Mobile,"son house, Mayfair road, Anand HO, Anand - 388001, Opposite Ajanta watch House",+(91)-9998531700
Om Mobile,"Lakiya Pore, Umreth, Anand - 388220",+(91)-9824324884
Shree Ashapuri Mobile,"12, Mahatma Gandhi Complex, Maifar Road, Anand Town, Anand - 388001, Near Central Bank",+(91)-8460604492
Arsh Mobile,"Shop No.19, Rajdip Complex, Bhalej Road, Anand Ho, Anand - 388001, Near M K Shah Hospital",+(91)-9825707086
Mobi Service Center (Mobile..,"Near GG Conner, Bhind Bvm Engineer College, Vallabh Vidyanagar, Anand - 388120, Vrudavan Provisan Store",+(91)-8128528025
Omega Enterprise,"2nd Floor, Press Road, Khambhat, Anand - 388620, Above Punjab National Bank, Opposite Eye Hospital, Opposite Press Road, Lal Darwaja",+(91)-2698-225333
New Airtouch Mobile,"Shop No.203, R S Complex, Panchayat Road, Vallabh Vidyanagar, Anand - 388120, Near Nana Bazar",+(91)-9067131092
Prayosha Mobile,"6, Akshar Complex, Anand Cross Road, Borsad, Borsad - 388540",+(91)-9898449739
Vijay Mobile,"Dena Benk, Vadadla, Anand - 388430",+(91)-9662389962
Aayat Mobile Shop,"G.I.D.c, Khambhat, Khambhat, Anand - 388620",+(91)-7874353830
Navya The Mobile Shoppee,"5/6 Akshar Complex, Bakrol Road, Vallabh Vidyanagar, Anand - 388120, Near Raguvir Chamber",+(91)-7383554321
A-One Mobile Shop,"Opp. Railway Godi, Near Vakil Chamber, Anand Ho, Anand - 388001, Station Road",+(91)-9173985347
Yadada Communication,"D/205, Shree Ram Arcade, Station Road, Anand Ho, Anand - 388001, Near Gopal Chowkdi",+(91)-2692-252336
Rudra Mobile,"Somnath Society, Borsad, Anand - 388540",+(91)-9974245446
Aaliyah Mobile,"Dinsha Chamber, Borsad, Anand - 388540",+(91)-9327469100
Rudra Mobile,"Shop No 2, Ramnath Mahadev Shopping Center, Borsad, Anand - 388540, Opposite Jaklai Talav",+(91)-9974245446
Fonetech Mobiles,"1st Floor, Karma Complex, Petlad, Rangaipura, Sunav Road, Petlad, Anand - 388450, Behind Ss Hospital",+(91)-7984944938
Mayank Technology,"322, Chamundamandir At Bhurakui Ta Petlad, Anand - 388430",+(91)-8141438971
Mobile And More,"Shop No.G-3, Ramkrishna Shopping Center, Mayfair Road, Anand, Anand - 388121, Opp. Union Bank",+(91)-9904785301
Ab Mobile Care,"Dhagat Faliya, Anand - 388001, Opposite Super Market",+(91)-9898684877
Noor Mobile Services,"Chunilal Thakkar Market, Tarapur Anand, Anand - 388180",+(91)-9974072195
Mahavir Mobile,"Khambhat, Anand - 388620, Beside Ghanchi Wadi, Near Lalji Pole",+(91)-9879178990
Vaani Mobile,"Shop No 5, Shiv Orbit, Bhalej Road, Anand - 388001, Near New Bus Stand",+(91)-7043227770
Arsh Enterprise,"Motabazar Road, Motabazar Main Road, Motabazaar, Anand - 388120, Opposite Congo House",+(91)-9824371805
Shreeji Mobile,"Murlidhar Market, Vidhyanagar Gidc, Vithal Udyognagar, Anand - 388121, Opposite Ratri Bazar, Near Janta Cross Road",+(91)-9904237737
S A Mobile Shop,"B-02ismail Nagaroppbhalej Ro,Anand, Anand - 388325",+(91)-9904164655
Gayatri Mobile,"Sarsa, Sarsa Anand, Anand - 388365",+(91)-9737230078
Shreenath Mobile,"Borsad, Anand - 388540, Behind St Bus Stand, Near Police Chowki Borsad",+(91)-7600204204
Sanket Mobile Shop,"Virsad, Anand - 388580",+(91)-9724147013
K G N Mobile,"Opp. Police Choki,, Near Railway Station,, Petlad, Anand - 388450, Petlad,",+(91)-9737922617
Appl & Berry,"Vallabh Vidyanagar, Anand - 388120, Nr. Home science College",+(91)-9825707086
Unique Mobile,"Shop No.8, Rajdeep Complex, Bhalej Road, Bhalej, Anand - 388205, Opp.Mahendra Shah Hospital",+(91)-9924757372
Mobile Zone,"Agri High Tech, Road No B-29, Shed No C1b, 1601/7, Phase-4, Vithal Udyognagar, Anand - 388121, Gidc Estate",+(91)-2692-268880
Right Choice the mobile &To..,"Shop No.G/2, Suramya Complex Shopping Center, Nr. Mazda Bakery, Anand - 388121, Near Vallabh Vidhyanagar Road",+(91)-9898362104
Paigam Mobile,"Lal Darwaja, College Road, Khambhat, Anand - 388620, Near General Hospital",+(91)-9925697452
Ketan Rami Mobile Shop,"Swaminarayan Shopping Centre, Bhalej Road, Anand Ho, Anand - 388001, Near Pioneer School",+(91)-9879499853
Shreenathji Telecom and Big..,"Bhalej Road, Sardarganj, Anand - 388001",+(91)-9836284976
The Metro Mobiles,"10, Arya Samaj Shopping Centre, Anand Ho, Anand - 388001, Gopal Crossing",+(91)-9537370777
Shree Sai Krishna Mobile Sh..,"Sachin No.4, Gamdi Vad, Gidc, Ice Factory Road, Gamdi, Anand - 388001",+(91)-9723707822
Hi-Choice,"Shop No 7, Iskon Road, Vallabh Vidyanagar, Anand - 388120, Opposite Congo House, Near Honest Hotel",+(91)-9898442064
Savaliya Mobilewala,"Bhoi Vagu, Chaklasi, Chaklashi, Anand - 387315",+(91)-9409352049
Arihant Mobile,"G-3 & 4, Dinsha Chambers, Borsad, Anand - 388540, Opposite Bus Stand",+(91)-9879894284
M M Mobile,"Fatehpur, Borsad, Anand - 388540",+(91)-9898943524
Mukti Communication,"Haash Building, Hirabag Marg, Bhadran Anand, Anand - 388530, Sarkarvada",+(91)-7600034206
Classic Mobile,"G-18,Municipal Shopping Center,, Opp. Post Office,, Anand Ho, Anand - 388001, G. P. O. Road,",+(91)-9016031356
Numobile,"Collegge Road,Ap Super Market, Anand - 388001",+(91)-9898186022
Hind Mobile Shop,"Shop No B 1, New Vakil Chambers, Amul Dairy Road, Station Road, Anand, Anand - 388121, Opposite Mamlatdar Kacheri",+(91)-9979171772
Winner Sales,"Saptarshi Complex, Borsad, Anand - 388540, Near Zankli Talav",+(91)-02696-220080
Ccnt India,"6-7, Raja Complex, Station Road, Near Corporation Bank, Khambhat, Anand - 388620, Alankar GUest House",+(91)-2692-222100
Yogi Mobile & Telecom,"Dharmaj Chawkdi, Tarapur Anand, Anand - 388180",+(91)-2692-245710
Planet Mobile & Boutique,"Anand Ho, Anand - 388001, Opposite Post Office, Near Old Bus Stand",+(91)-9898610902
Shree Krishna Moble Service,"A-3,Krishna Complex,, Borsad Chokdi,, Anand Ho, Anand - 388001, Borsad Chokdi,",+(91)-02692-262939
Dhara Communication,"K.c.palace,, Opp.drainage Pump,, Anand Ho, Anand - 388001, Near Bethak Mandir,",+(91)-9924425025
Cell Care,"Shakti, Beside A P C, Anand - 388001, Anand-Vidhya Nagar Road",+(91)-2692-246106
S K Mobile Shop,"Petlad, Anand - 388450, Opposite Burhanshah Dargah, Near Vegetable Market",+(91)-9725341978
Manvi Mobile Vatra,"Tawar, Vatra, Anand - 388640",+(91)-8200932143
Orange Mobile Store,"Shop No.F-3, P-Four Point Complex, Near Palak Hospital, Anand Ho, Anand - 388001, Opposite Jaina Hospital",+(91)-9898577644
Atul Mobile Care,"B/41,Tulsi Complex, Pansora Circle, Umreth, Anand - 388220",+(91)-2692-279477
HARI OM SALASAR MOBILE & AC..,"Shop No 2, Kismat Point Complex, Krishna Road, Anand - 388001, Near Naya Padkar Line",+(91)-9742119726
Baba Sainath Mobiles,"Shop No.G15, Muncipal Shopping Center, Station Road, Anand Ho, Anand - 388001, Opp. GPO",+(91)-9510549027
Munish Mobile Choice,"Shop No 11, Rajdeep Complex, Bhalej Road, Anand Ho, Anand - 388001, Near Mahendra Shah Hospital",+(91)-9898690951
Shree Hari Mobiles & Comput..,"A V Road, Anand Town, Anand - 388001, Near Dena Bank ATM, Opposite Vrundavan Ground",+(91)-9879444988
Ambika Mobile Shop,"1-Arya Samaj Shopping Center, Anand - 388121",+(91)-9925775200
R.A.R Mob Brand.....Ritz,"Bakrol, Nana Bazaar, Vallabh Vidhyanagar, Bakrol Anand, Anand - 388315, Near Nagar Palika Vohra Anand",+(91)-9601936505
Kandrap Sales,"Shop No. G-4 Tanmay Complex, Near DMart, Vallabh Vidyanagar, Anand - 388120, Opp. Canara Bank",+(91)-2692-234587
Phone Wale,"Shop No 12, Radha Icon Complex, Anand Town, Anand - 388001",+(91)-9512020096
Shree Krishna Mobile,"G 1, Dinsha Chambers, Borsad, Anand - 388540, Near Bus Stand",+(91)-9426523709
Jasmin Mobile Shop,"Prajapati Vas, Ras, Ras, Anand - 388570",+(91)-7490871710
Vraj Mobile,"Opp. Charotar Bank, Nr. Laxmi Cinema Cross Road, Anand - 388001",+(91)-9824911959
Smart Mobile Shop,"GPO Road, Near Limbuwala Complex, Anand - 388001, Opposite Hotel Relax",+(91)-7383807831
Navrang Telecom Store,"Shop No 2, 3, Old Road, Laxmi Chowkdy Cross Road, Anand - 388001, Near Laxmi Cinema, Below Atul Mehta Hospital",+(91)-02692-255233
Amir Mobile,"Railway Station Road, Anand HO, Anand - 388001, Old Bus Stand, Opposite Gayatri Khaman",+(91)-8734044890
Mobile 4g Shop,"Dada Complex, Main Road, Anand Ho, Anand - 388001, Near Mahadev Temple",+(91)-8401042461
M M Mobile,"Ground Floor, Mirza Complex, Railway Station Road, Anand Town, Anand - 388001, Near Juna Dadar",+(91)-9978160001
Sufi Mobile,"100 Feet Road, Anand Ho, Anand - 388001, Opposite Captown Complex",+(91)-7436090003
Nine 2 Nine Mobile Shop,"Indu Baa Complex, Nijrag Girl Hostel, Dhobighat Crossing, Anand Town, Anand - 388001, Opposite Iscon Temple, Mota Bazar Vidhyanagar",+(91)-9824500976
Vinayak Mobile,"Near Diya Cinema, 100ft Road, Anand - 388001, Opposite Mahadeve Temple",+(91)-8128810962
Karishma Corporation,"Anand Ho, Anand - 388001, Near Geeta Cinema",+(91)-9687777143
Saniya Mobile,"Ismail Nagar, Bhalej Road, Anand - 388001, Near Over Bridge, Opposite Mehta Susi Pan",+(91)-9638587974
Samsung Smart Cafe,"12/13, Suketu Complex, V V  Nagar Road, Anand - 388001, Near Triveni Complex",
Rudra Mobile,"SURYA DARSHAN COMPLEX, KAKA PAAN CORNER, Vallabh Vidyanagar, Anand - 388120, NEAR ISCON MANDIR",+(91)-8000002272
S A Mobile & Perfumes,"Chikhodra, Anand - 388320",+(91)-8347053964
Mahadev Mobile Accessory,"Raja Ranchod Market, Anand - 388121, Opposite Manoj Boot House, Near Old Bus Stand",+(91)-9824918551
R M Phones,"Opposite Jalaram Temple, Beside Ashok Park, Borsad, Anand - 388540, Near Anand Road",+(91)-7272881881
Pramukh Mobile,"G,21 City Point Zakli Talav, Borsad Road, Borsad, Anand - 388540",+(91)-9909594520
Magic Mobile,"16, Dinsha Chambers, Opposite Bus Stand, Borsad, Anand - 388540",+(91)-9725954267
Ams Technology,"Vallabh Nivash, Station Road, Petlad, Anand - 388450, Near Lal Bakery",+(91)-9825319992
R K Mobile Shop,"Near Bus Stop, Petlad, Anand - 388450, Opp.Railway Fatak",+(91)-9033898981
Sairam Mobile Rechage,"Umreth, Anand - 388220, Opposite Shikotar Mata Mandir,Near Gaytri Mata Mandir",+(91)-9824526088
Aqsha Mobile Shop,"Taborsad.,Diaanad, Delhi Chakla, O.N.G.C.Road, Kanbha, Anand - 388550",+(91)-7698631017
Pravin Mobile Shop,"Jalundh, X, Village Main Road, Anand - 388630, Piploi",+(91)-9898754853
Surya Trade Link Home Appli..,"Near Petald Road  GIDC Kansari, Kansari Anand, Anand - 388630, Beside Kishmat Kathiyawadi Restaurant",+(91)-7046840155
Smile mobile store,"Shop no.7 G/F milestone building, Vallabh Vidyanagar, Anand - 388120, Opp.triveni road",+(91)-9837212922
Shri Dwarkesh Service,"Plot No 6 B S Chambers, Sardarganj, Anand - 388001, Near Obc Bank",+(91)-9979898730
A Calling Mobile Plus,"B-25/26,  Dada Complex, Near Mahadev Temple,, Anand - 388001, Near Mahadev Temple,  Opposite  Old Bus Stand,",+(91)-9898250680
Friends Mobile,"Railway Station Road, Anand HO, Anand - 388001, Opposite Railway Station",+(91)-9879289323
Mobile Selection,"Shiv Complex, B-13, Mota Bazar, V V Nagar, Vallabh Vidyanagar, Anand - 388120",+(91)-9898100663
A A Mobile,"Shop No 2, City Point, Anand, Anand - 388121, Opposite General Post Office, Near Old Bus Stand",+(91)-9825098175
Unique Enterprise,"Anand - 388121, Opposite Old Bus Stand ,Near Gayatri Khaman",+(91)-9913491111
Trisha Mobile Store,"Navli Borsad Chowkadi, Navli Anand, Anand - 388355",+(91)-9725239903
Shivam Mobile,"Anand Sojitra Road, Ravipura, Anand - 388130",+(91)-9824243993
Sarvoday Enterprise,"1 & 2, Maruti Sharam, Vidya Nagar Road, Anand Ho, Anand - 388001, Opposite Nandbhumi Party Plot",+(91)-2692-247865
Aadidev Mobile,"Shop No 02, Shirmad Narayan Naman Complex, Nana Bazar Road, Nana Bazar, Anand - 388120, Near Champal Market",+(91)-8511140679
Sangita Mobile,"G 5 Gangotri Kamalam, 100 Feet Road, Anand - 388001, Opposite Bhavnath Mahadev",+(91)-7016423390
I - Tech Mobile & Accessori..,"Shop No 6, Tanzim Apartment Kansari, Khambhat, Anand - 388620, Khambhat",+(91)-8849975147
Vinayak Computer Center,"maruti complex, opp.bus stand, Khambhat, Anand - 388620, Pith Bazar Char Rasta",+(91)-9825305541
