Jay Jalaram Kirana & Provis..,"Bank Society, Nadiad, Vaishali Cinema Road, Kheda - 387002, Near Nilkanth Mahadev",+(91)-9898260400
Sahjanand Trading Company,"Vanthvadi, Kheda - 387130",+(91)-9898400651
Jay Ambe Sand Supplier,"Dholka-Kheda Hwy, Vavdi, Kheda - 387550",+(91)-9624466166
Aadhaar Super Market,"Umreth Road, Lakiya Pore, Dakor, Kheda - 388225",+(91)-9725723623
Shree Ganesh Kirana,"Lavji Patelstreet, Torna, Kheda - 387365",+(91)-9427853057
Munna Kirana Store,"Nizampura, Kheda - 387340",+(91)-8200540822
Aamin Flourmill,"Sevanstar Society, Balasinor, Rajpur Road, Balasinor, Kheda - 388239",+(91)-9904701010
7n Shop,"Changa, Changa Kheda, Kheda - 388421",+(91)-9998352334
Rajasthan Provision Store,"National Highway 59, Dholi Kui, Kapadvanj, Kapadwanj, Kheda - 387620, Near Mangalam Kirana Store",+(91)-7600743790
Parvti Timber Mart,"Kathlal, Kathlal Kheda, Kheda - 387630",+(91)-9913275975
Bharat Stationery,"Kathlal, Kathlal, Kathlal Kheda, Kheda - 387630, Amarnath Complex",+(91)-9898223902
Khusbu General Store,"Arbudanagar Society, Towards Ahmedabad, Shakti Nagar Shakti Nagar Nadiad, Patel Society, Kheda - 387002",+(91)-9824764393
Jalaram Kirana Store,"Kapadivav, Kheda - 387620",+(91)-9898778980
Shree Ram General Store,"Pansora, Pansora, Kheda - 387115",+(91)-9408472373
Bharti Store,"Gj Sh 12, Pansora, Pansora, Kheda - 387115",+(91)-9974633733
Prakash Parlour,"1,Laxmi Puja Complex,, Kapadwanj, Kheda - 387620, Kapadwanj,",+(91)-9898620579
Bhagyadatri Kirana Store,"Haldharvas, Modaj Road, Modaj, Kheda - 387110",+(91)-9723626282
Shree Umiya Masala Bhandar,"Haldharvas, Haldarwas Kheda, Kheda - 387110",+(91)-7600762119
R.M.Parikh General Store,"Mahudha, Mahudha Kheda, Kheda - 387335",+(91)-7567242586
Kamnath Trading Co.pansora,"Pansora, Pansora, Kheda - 387115",+(91)-9099085295
Samaspur Pandit Kirana Stor..,"Samaspur, Kheda - 387411",+(91)-7977372122
Sagar Kirana Store,"Gj Sh 60, Kheda - 387411",+(91)-9426523250
Resham Traders,"Piplag, Nadiad, Piplag Road, Kheda - 387002",+(91)-9712140385
Bharat Provision Stores,"Jawahar Bazar,, Mehmedabad Kheda, Kheda - 387130, Mahemdavad",+(91)-02694-244831
Mukesh Pan Center,"Pato, Kheda - 387635",+(91)-8347759375
Star Provision Store,"Nadiyadi Daewaja, Mahemdabad, Mehmedabad Kheda, Kheda - 387130",+(91)-9904162589
Krishna Farmar,"Kathwada, Kheda - 387540",+(91)-8980090762
Bakul Kirana Store,"Vadol, Kheda - 387640",+(91)-9537270884
Vishal Traders,"Balasinor Road, Sevaliya, Kheda - 388245",+(91)-9737862630
Kirti Agency,"Radhu, Radhu Kheda, Kheda - 387560",+(91)-9898552378
Shrijee Kirana Storeeee,"Jaloya, Kheda - 387610",+(91)-9574519382
Zam Zam Kirana Store,"Kalsar, Kheda - 388230",+(91)-2694-285488
Bikhabhai Shanabhai,"Jain Temple Road, Matar, Kheda - 387530",+(91)-9879133527
Darbar Trading Narayan Sing..,"Limbasi, Kheda - 387510",+(91)-9904133436
Shree Harikrushna Karina St..,"Limdi Cholk, Mehelav, Mehlav Kheda, Kheda - 388440",+(91)-9429071371
Radhe Sales,"Jher, Kheda - 387650",+(91)-9427854520
Pavan General Store,"Tirupati Nagar Society, Kapadvanj, Kapadwanj, Kheda - 387620",+(91)-9429661656
Godavari Super Market,"Kapadwanj, Kheda - 387620, Near Vad, Mina Bazaar",+(91)-2694-255411
Umiya Vegetables,"Kathlal, Pithai, Kheda - 387630",+(91)-9879290754
Jj Radiyum Art,"Dholi Kui, Kapadvanj, Kapadwanj, Kheda - 387620",+(91)-7226956866
Bhavani Pan & Welding,"Anara, Kheda - 387340",+(91)-9574903921
Dada Dadi Super Market,"Pragatinagar, Nadiad, Kheda - 387002",+(91)-8000053055
Prakash Provision Store,"Dholi Kui, Kapadvanj, Kapadwanj, Kheda - 387620, Near Seth J.B.Maheta Hospital Oppchetan Lojj Nh 59",+(91)-9724663130
New Suresh T Ganeral Store,"Kapadwanj, Kapadwanj, Kheda - 387620",+(91)-2694-253197
Dilip Provizan Store,"Ram Chok, Thasara, Thasra Kheda, Kheda - 388250",+(91)-9924587478
Bright Computer Virpur,"Virpur, Birpur Kheda, Kheda - 388260",+(91)-9904131789
nilesh trading opp s t depo..,"Meena Bazar, Dholi Kui, Kapadvanj, Kapadwanj, Kheda - 387620",+(91)-2694-252944
Bhagat Kirana Store,"Mahudha, Mahudha Kheda, Kheda - 387335",+(91)-9426423042
Keshvlal Chhaganlal Kirana ..,"Kapadwanj, Kapadwanj, Kheda - 387620",+(91)-9998010688
Aaiyub Lala Kirana Stores,"Balasinor Sevaliya Road, Balasinor, Kheda - 388235, Kalupur, Balasinor",+(91)-9925353409
Kishor Grain Shop,"1 Tulsikunj Society, Vaishali Rd Mission Rd, Kheda Ho, Kheda - 387411",+(91)-2694-261568
Tulsi Kirana Store,"Kheda Road, Mehmedabad Kheda, Kheda - 387130, Near Jakat Naka",+(91)-9574729058
Bharat Stationery,"Kathlal, Kathlal, Kathlal Kheda, Kheda - 387630, Amarnath Complex",+(91)-9898223902
Khusbu General Store,"Arbudanagar Society, Towards Ahmedabad, Shakti Nagar Shakti Nagar Nadiad, Patel Society, Kheda - 387002",+(91)-9824764393
Jalaram Kirana Store,"Kapadivav, Kheda - 387620",+(91)-9898778980
Shree Ram General Store,"Pansora, Pansora, Kheda - 387115",+(91)-9408472373
Bharti Store,"Gj Sh 12, Pansora, Pansora, Kheda - 387115",+(91)-9974633733
Prakash Parlour,"1,Laxmi Puja Complex,, Kapadwanj, Kheda - 387620, Kapadwanj,",+(91)-9898620579
Bhagyadatri Kirana Store,"Haldharvas, Modaj Road, Modaj, Kheda - 387110",+(91)-9723626282
Shree Umiya Masala Bhandar,"Haldharvas, Haldarwas Kheda, Kheda - 387110",+(91)-7600762119
R.M.Parikh General Store,"Mahudha, Mahudha Kheda, Kheda - 387335",+(91)-7567242586
Kamnath Trading Co.pansora,"Pansora, Pansora, Kheda - 387115",+(91)-9099085295
Samaspur Pandit Kirana Stor..,"Samaspur, Kheda - 387411",+(91)-7977372122
Sagar Kirana Store,"Gj Sh 60, Kheda - 387411",+(91)-9426523250
Resham Traders,"Piplag, Nadiad, Piplag Road, Kheda - 387002",+(91)-9712140385
Bharat Provision Stores,"Jawahar Bazar,, Mehmedabad Kheda, Kheda - 387130, Mahemdavad",+(91)-02694-244831
Mukesh Pan Center,"Pato, Kheda - 387635",+(91)-8347759375
Star Provision Store,"Nadiyadi Daewaja, Mahemdabad, Mehmedabad Kheda, Kheda - 387130",+(91)-9904162589
Krishna Farmar,"Kathwada, Kheda - 387540",+(91)-8980090762
Bakul Kirana Store,"Vadol, Kheda - 387640",+(91)-9537270884
Vishal Traders,"Balasinor Road, Sevaliya, Kheda - 388245",+(91)-9737862630
Kirti Agency,"Radhu, Radhu Kheda, Kheda - 387560",+(91)-9898552378
Shrijee Kirana Storeeee,"Jaloya, Kheda - 387610",+(91)-9574519382
Zam Zam Kirana Store,"Kalsar, Kheda - 388230",+(91)-2694-285488
Bikhabhai Shanabhai,"Jain Temple Road, Matar, Kheda - 387530",+(91)-9879133527
Darbar Trading Narayan Sing..,"Limbasi, Kheda - 387510",+(91)-9904133436
Shree Harikrushna Karina St..,"Limdi Cholk, Mehelav, Mehlav Kheda, Kheda - 388440",+(91)-9429071371
Radhe Sales,"Jher, Kheda - 387650",+(91)-9427854520
Pavan General Store,"Tirupati Nagar Society, Kapadvanj, Kapadwanj, Kheda - 387620",+(91)-9429661656
Godavari Super Market,"Kapadwanj, Kheda - 387620, Near Vad, Mina Bazaar",+(91)-2694-255411
Umiya Vegetables,"Kathlal, Pithai, Kheda - 387630",+(91)-9879290754
Jj Radiyum Art,"Dholi Kui, Kapadvanj, Kapadwanj, Kheda - 387620",+(91)-7226956866
Bhavani Pan & Welding,"Anara, Kheda - 387340",+(91)-9574903921
Dada Dadi Super Market,"Pragatinagar, Nadiad, Kheda - 387002",+(91)-8000053055
Prakash Provision Store,"Dholi Kui, Kapadvanj, Kapadwanj, Kheda - 387620, Near Seth J.B.Maheta Hospital Oppchetan Lojj Nh 59",+(91)-9724663130
New Suresh T Ganeral Store,"Kapadwanj, Kapadwanj, Kheda - 387620",+(91)-2694-253197
Dilip Provizan Store,"Ram Chok, Thasara, Thasra Kheda, Kheda - 388250",+(91)-9924587478
Bright Computer Virpur,"Virpur, Birpur Kheda, Kheda - 388260",+(91)-9904131789
nilesh trading opp s t depo..,"Meena Bazar, Dholi Kui, Kapadvanj, Kapadwanj, Kheda - 387620",+(91)-2694-252944
Bhagat Kirana Store,"Mahudha, Mahudha Kheda, Kheda - 387335",+(91)-9426423042
Keshvlal Chhaganlal Kirana ..,"Kapadwanj, Kapadwanj, Kheda - 387620",+(91)-9998010688
Aaiyub Lala Kirana Stores,"Balasinor Sevaliya Road, Balasinor, Kheda - 388235, Kalupur, Balasinor",+(91)-9925353409
Kishor Grain Shop,"1 Tulsikunj Society, Vaishali Rd Mission Rd, Kheda Ho, Kheda - 387411",+(91)-2694-261568
Tulsi Kirana Store,"Kheda Road, Mehmedabad Kheda, Kheda - 387130, Near Jakat Naka",+(91)-9574729058
Samaspur Pandit Kirana Stor..,"Samaspur, Kheda - 387411",+(91)-7977372122
Sagar Kirana Store,"Gj Sh 60, Kheda - 387411",+(91)-9426523250
Resham Traders,"Piplag, Nadiad, Piplag Road, Kheda - 387002",+(91)-9712140385
Bharat Provision Stores,"Jawahar Bazar,, Mehmedabad Kheda, Kheda - 387130, Mahemdavad",+(91)-02694-244831
Mukesh Pan Center,"Pato, Kheda - 387635",+(91)-8347759375
Star Provision Store,"Nadiyadi Daewaja, Mahemdabad, Mehmedabad Kheda, Kheda - 387130",+(91)-9904162589
Krishna Farmar,"Kathwada, Kheda - 387540",+(91)-8980090762
Bakul Kirana Store,"Vadol, Kheda - 387640",+(91)-9537270884
Vishal Traders,"Balasinor Road, Sevaliya, Kheda - 388245",+(91)-9737862630
Kirti Agency,"Radhu, Radhu Kheda, Kheda - 387560",+(91)-9898552378
Shrijee Kirana Storeeee,"Jaloya, Kheda - 387610",+(91)-9574519382
Zam Zam Kirana Store,"Kalsar, Kheda - 388230",+(91)-2694-285488
Bikhabhai Shanabhai,"Jain Temple Road, Matar, Kheda - 387530",+(91)-9879133527
Darbar Trading Narayan Sing..,"Limbasi, Kheda - 387510",+(91)-9904133436
Shree Harikrushna Karina St..,"Limdi Cholk, Mehelav, Mehlav Kheda, Kheda - 388440",+(91)-9429071371
Radhe Sales,"Jher, Kheda - 387650",+(91)-9427854520
Pavan General Store,"Tirupati Nagar Society, Kapadvanj, Kapadwanj, Kheda - 387620",+(91)-9429661656
Godavari Super Market,"Kapadwanj, Kheda - 387620, Near Vad, Mina Bazaar",+(91)-2694-255411
Umiya Vegetables,"Kathlal, Pithai, Kheda - 387630",+(91)-9879290754
Jj Radiyum Art,"Dholi Kui, Kapadvanj, Kapadwanj, Kheda - 387620",+(91)-7226956866
Bhavani Pan & Welding,"Anara, Kheda - 387340",+(91)-9574903921
Dada Dadi Super Market,"Pragatinagar, Nadiad, Kheda - 387002",+(91)-8000053055
Prakash Provision Store,"Dholi Kui, Kapadvanj, Kapadwanj, Kheda - 387620, Near Seth J.B.Maheta Hospital Oppchetan Lojj Nh 59",+(91)-9724663130
New Suresh T Ganeral Store,"Kapadwanj, Kapadwanj, Kheda - 387620",+(91)-2694-253197
Dilip Provizan Store,"Ram Chok, Thasara, Thasra Kheda, Kheda - 388250",+(91)-9924587478
Bright Computer Virpur,"Virpur, Birpur Kheda, Kheda - 388260",+(91)-9904131789
nilesh trading opp s t depo..,"Meena Bazar, Dholi Kui, Kapadvanj, Kapadwanj, Kheda - 387620",+(91)-2694-252944
Bhagat Kirana Store,"Mahudha, Mahudha Kheda, Kheda - 387335",+(91)-9426423042
Keshvlal Chhaganlal Kirana ..,"Kapadwanj, Kapadwanj, Kheda - 387620",+(91)-9998010688
Aaiyub Lala Kirana Stores,"Balasinor Sevaliya Road, Balasinor, Kheda - 388235, Kalupur, Balasinor",+(91)-9925353409
Kishor Grain Shop,"1 Tulsikunj Society, Vaishali Rd Mission Rd, Kheda Ho, Kheda - 387411",+(91)-2694-261568
Tulsi Kirana Store,"Kheda Road, Mehmedabad Kheda, Kheda - 387130, Near Jakat Naka",+(91)-9574729058
Shrijee Kirana Storeeee,"Jaloya, Kheda - 387610",+(91)-9574519382
Zam Zam Kirana Store,"Kalsar, Kheda - 388230",+(91)-2694-285488
Bikhabhai Shanabhai,"Jain Temple Road, Matar, Kheda - 387530",+(91)-9879133527
Darbar Trading Narayan Sing..,"Limbasi, Kheda - 387510",+(91)-9904133436
Shree Harikrushna Karina St..,"Limdi Cholk, Mehelav, Mehlav Kheda, Kheda - 388440",+(91)-9429071371
Radhe Sales,"Jher, Kheda - 387650",+(91)-9427854520
Pavan General Store,"Tirupati Nagar Society, Kapadvanj, Kapadwanj, Kheda - 387620",+(91)-9429661656
Godavari Super Market,"Kapadwanj, Kheda - 387620, Near Vad, Mina Bazaar",+(91)-2694-255411
Umiya Vegetables,"Kathlal, Pithai, Kheda - 387630",+(91)-9879290754
Jj Radiyum Art,"Dholi Kui, Kapadvanj, Kapadwanj, Kheda - 387620",+(91)-7226956866
Bhavani Pan & Welding,"Anara, Kheda - 387340",+(91)-9574903921
Dada Dadi Super Market,"Pragatinagar, Nadiad, Kheda - 387002",+(91)-8000053055
Prakash Provision Store,"Dholi Kui, Kapadvanj, Kapadwanj, Kheda - 387620, Near Seth J.B.Maheta Hospital Oppchetan Lojj Nh 59",+(91)-9724663130
New Suresh T Ganeral Store,"Kapadwanj, Kapadwanj, Kheda - 387620",+(91)-2694-253197
Dilip Provizan Store,"Ram Chok, Thasara, Thasra Kheda, Kheda - 388250",+(91)-9924587478
Bright Computer Virpur,"Virpur, Birpur Kheda, Kheda - 388260",+(91)-9904131789
nilesh trading opp s t depo..,"Meena Bazar, Dholi Kui, Kapadvanj, Kapadwanj, Kheda - 387620",+(91)-2694-252944
Bhagat Kirana Store,"Mahudha, Mahudha Kheda, Kheda - 387335",+(91)-9426423042
Keshvlal Chhaganlal Kirana ..,"Kapadwanj, Kapadwanj, Kheda - 387620",+(91)-9998010688
Aaiyub Lala Kirana Stores,"Balasinor Sevaliya Road, Balasinor, Kheda - 388235, Kalupur, Balasinor",+(91)-9925353409
Kishor Grain Shop,"1 Tulsikunj Society, Vaishali Rd Mission Rd, Kheda Ho, Kheda - 387411",+(91)-2694-261568
Tulsi Kirana Store,"Kheda Road, Mehmedabad Kheda, Kheda - 387130, Near Jakat Naka",+(91)-9574729058
Bhavani Pan & Welding,"Anara, Kheda - 387340",+(91)-9574903921
Dada Dadi Super Market,"Pragatinagar, Nadiad, Kheda - 387002",+(91)-8000053055
Prakash Provision Store,"Dholi Kui, Kapadvanj, Kapadwanj, Kheda - 387620, Near Seth J.B.Maheta Hospital Oppchetan Lojj Nh 59",+(91)-9724663130
New Suresh T Ganeral Store,"Kapadwanj, Kapadwanj, Kheda - 387620",+(91)-2694-253197
Dilip Provizan Store,"Ram Chok, Thasara, Thasra Kheda, Kheda - 388250",+(91)-9924587478
Bright Computer Virpur,"Virpur, Birpur Kheda, Kheda - 388260",+(91)-9904131789
nilesh trading opp s t depo..,"Meena Bazar, Dholi Kui, Kapadvanj, Kapadwanj, Kheda - 387620",+(91)-2694-252944
Bhagat Kirana Store,"Mahudha, Mahudha Kheda, Kheda - 387335",+(91)-9426423042
Keshvlal Chhaganlal Kirana ..,"Kapadwanj, Kapadwanj, Kheda - 387620",+(91)-9998010688
Aaiyub Lala Kirana Stores,"Balasinor Sevaliya Road, Balasinor, Kheda - 388235, Kalupur, Balasinor",+(91)-9925353409
Kishor Grain Shop,"1 Tulsikunj Society, Vaishali Rd Mission Rd, Kheda Ho, Kheda - 387411",+(91)-2694-261568
Tulsi Kirana Store,"Kheda Road, Mehmedabad Kheda, Kheda - 387130, Near Jakat Naka",+(91)-9574729058
Kishor Grain Shop,"1 Tulsikunj Society, Vaishali Rd Mission Rd, Kheda Ho, Kheda - 387411",+(91)-2694-261568
Tulsi Kirana Store,"Kheda Road, Mehmedabad Kheda, Kheda - 387130, Near Jakat Naka",+(91)-9574729058
