Shubham Sales Agency,"G1/4, Sagar Complex, Kathlal Kheda, Kheda - 387630, Opposite Kathlal Police Station",+(91)-7405509665
Manan Mobile,"Shop No 7/8, Shiv Complex, Kathlal Kheda, Kheda - 387630, Near Shreeji Petrol Pump",+(91)-7878464666
Gadgetsnow.com,Mumbai,+(91)-8010881188
Naaptol.com,Mumbai - 400001,+(91)-9223537000
Nice Mobile Shop,"Station Road, Dakor, Kheda - 388225, Opposite Police Station",+(91)-9898633261
Doctor Mobile,"Basement, Kdcc Bank, Station Road, Dakor, Kheda - 388225, Opposite Balmandir",+(91)-9426554356
Cell 4 U,"G-41, National Plaza,, Old Bus Stand,, Kapadwanj, Kheda - 387620, Kapadwanj,",+(91)-9898715233
Tushya Communication,"G15jb Plaza, Kathlal, Nadiadanand Road, Dana, Kheda - 387630, Near Aadhar Super Marcket",+(91)-7069483034
Tushya Communication,"Shop No G15 JB Plaza, Nadiad Road, Kathlal Kheda, Kheda - 387630",+(91)-9925323344
Ved Mobile,"Vadnagar, Kheda - 387110",+(91)-9106310538
Ved Mobile,"Haldharvas, Haldarwas Kheda, Kheda - 387110",+(91)-9106310538
Akshar Mobile & Xerox,"Tathasara,Main Bazae, Vanoda, Kheda - 388235",+(91)-9537714777
Kirti Mobile Gallery,"Shop, 9, Siddhi Vinayak Complex, Mahemdabad, Kheda - 387130, Opposite Mahakali Mata Temple",+(91)-9723782306
Kumkum Mobile,"Dhunadara, Dhunadra, Kheda - 388230",+(91)-9998929145
Sai Mobile Shop,"Mahelav, Mehlav Kheda, Kheda - 388440",+(91)-8866490752
P K Sales,"Thasra, Kheda - 388250",+(91)-9429656105
K. G. N Mobile,"Vavdi, Kheda - 387550",+(91)-9033366640
Indrajit Rathod Mobile,"Radhvanaj, Radhvanaj, Kheda - 387570",+(91)-9824370521
Metro Mobile,"Laxmi Super Market, Thasra Kheda, Kheda - 388250",+(91)-9998159677
Soha Mobile Store,"Gj Sh 191, Virpur, Birpur Kheda, Kheda - 388260",+(91)-7069882790
Jay Ambe Mobile,"Kaniyel, Kheda - 387610",+(91)-9662302016
Choice Mobile Shop,"Dakor Char Rasta, Kapadwanj, Kheda - 387620",+(91)-9824072742
New Dhwani Telecom,"Mahemdabad, Mehmedabad Kheda, Kheda - 387130",+(91)-9904082827
Ansh Mobile,"Shree Nath Complex, Mahemdabad, Kathalal Road, Kheda - 387130",+(91)-9638481557
R R Mobile & Articles,"Gj Sh 210, Kathlal, Pithai, Kheda - 387630",+(91)-7490883611
Giriraj Mobile,"Kuber Nagar Society, Kapadvanj, Kapadwanj, Kheda - 387620",+(91)-9879583848
Prince Mobile Accessories,"Shop 107,Shyamvila Complex, Dabhan Road, Dabhan Kheda, Kheda - 387320, Near Geb Offfice",+(91)-7405206840
Swami Mobiles Thasra,"Thasra, Kheda - 388250",+(91)-9913919670
G C Communication,"Kheda-Khambhat Hwy, Limbasi, Kheda - 387520",+(91)-9979728283
Aj. Mobile Repairing,"Moholel, Kheda - 387330",+(91)-9725638915
Vaishali Mobile,"Haldharvas, Modaj Road, Kheda - 387610",+(91)-8980625277
Disco Mobile Service,"Opp.national Plaza,, Kapadwanj, Kheda - 387620, Kapadwanj,",+(91)-9898149377
Shrijisales Mobile & Electr..,"Gj Sh 16, Limbasi, Kheda - 387520",+(91)-9909919499
Shree Ram Trading Co,"Khatraj Chokdi, Mehmedabad Kheda, Kheda - 387130",+(91)-9879174722
Khushbu Mobile Sales & Serv..,"C-3,Amarnath Complex,, Balasinor Road,, Kathlal Kheda, Kheda - 387630, Near Kathlal,",+(91)-9898833449
Prince Mobile & Accessories,"Amarnath Complex, Near Vodafone Store, Kheda - 387630",+(91)-9909267868
V B Mobile,"C-11, Chawala Complex, Main Bajar,, Sevaliya, Kheda - 388245, Near Post Office Road",+(91)-8460185616
Lovely Mobile Point,"Lovely Pan Corner,, Opp. Bust Stand,, Kheda HO, Kheda - 387411, Kheda",+(91)-9898345568
A to Z TRAVEL(JK LOGISTICS)..,"A/B, Sardar Market Minarva Complex Kheda, Ahmedabad, Kheda - 387411",+(91)-9898363694
Rhythm Mobile,"102, First Floor, Ashirwad Complex, Kathlal, Station Road, Kheda - 387630, Behind Bus Station",+(91)-8140777476
Voice Mobile Shop,"Ahmedabad, Kheda - 387411, Near Raja Shopping Centre Bharpura Kheda",+(91)-7777964888
Sandli Mobile,"B205, 1st Floor Deep Darshan Complex, Mahemdabad, Kheda - 387130",+(91)-9099786808
Cell For U Mobile,"Nh 59, National Plaza Complex, Kapadvanj, Kheda - 387620",+(91)-9898616122
Gopi Mobiles,"C-27,Mulki Bhuvan, Opp. Bust Stand, Kheda HO, Kheda - 387411, Kheda",+(91)-9898490672
Honest Mobile Shop,"Jakat Naka, Mahemdavad, Kheda Road, Kheda - 387130",+(91)-9924722288
Sherkhan Mobile Services,"Vahora Society, Station Road, Kanjari, Kheda - 387325",+(91)-9714141034
Mansuri Mobile,"Kaniyel, Kaniel, Kheda - 387610",+(91)-7878168108
Devanshi Mobile Shop & Rech..,"Janod, Kheda - 388265",+(91)-8780742557
New Metro Mobile,"Shop No, Station Road, Dakor, Kheda - 388225, Near Police Station",+(91)-8401459214
Aashapura Mobile,"Utkanthesvar Mahadev, Kapadvanj, Kheda - 387610",+(91)-9898930938
Tirupati Mobile,"Natraj Road, Kapadwanj, Kheda - 387620, Opposite Bank Of India",+(91)-9924249696
Sheetal Mobile Point,"Asamali, Kheda - 387520",+(91)-9724708379
LUCKY mobile care,"Muhhamdi building, Kapadwanj, Kheda - 387620, Court road",+(91)-9157666141
Mahadev Mobile Shop,"Moholel, Kheda - 387330",+(91)-7285894154
Navrang Mobile Shop,"Oppbaharpura Masjid,Nrdelite Bakery,Kheda, Ahmedabad, Kheda - 387411",+(91)-8347865832
Mi Store Kathlal,"G2,3 Sagar Complex, Kapadwanj Road, Kathlal Kheda, Kheda - 387630",+(91)-9898840776
India Mobile,"Kheda - 387411, Opposite Minvar Bulding,Opposite Civil Court Sardar Market",+(91)-9428661465
Raj mobile shop,"Mehmedabad Kheda, Kheda - 387130",+(91)-8347473612
Raj mobile shop,"KHATRAJ, Kheda - 387130",+(91)-8347473612
Banshidhr Mobile,"Nadiad, Kheda - 387002",+(91)-9879863039
Galaxy Mobile,"A/2 Shiv Point, Opposite Amarnath Complex, Kheda - 387630, Near Kathlal",+(91)-8320860065
Shree Mobile,"Amarnath Complex, Nadiad Road, Kathlal Kheda, Kheda - 387630, Near Kathlal,",+(91)-9913422692
Harsha Telecom,"Mandir Road, Dakor, Kheda - 388225",+(91)-9879499979
Narayan Mobile,"Near Vishwkarma Building, Opposite Gopalpura, Dakor, Kheda - 388225",+(91)-9724952722
Arsh Mobile Point,"2302, Gol Vaad, Dholi Kui, Kapadvanj, Kapadwanj, Kheda - 387620",+(91)-9898477863
Excel Mobiles,"Shop No. 5, Gandhi Estate, Gandhi Estate, Thasra, Kheda - 388250",+(91)-9714555750
F S Mobile,Kheda - 388245,+(91)-8347632900
OM Mobile Sales & Service,"2,Umiya Chowk,, In Market,, Kathlal Kheda, Kheda - 387630, Kathlal,",+(91)-9913428887
Mobile Gallery,"Laxmi Puja Complex,, Near Town Hall,, Kapadwanj, Kheda - 387620, Kapadwanj,",+(91)-9998064964
Morning Mobile,"G 62, National Plaza, Kapadwanj, Kheda - 387620, Below Gopi Studio",+(91)-8347117250
Kirti Agency,"Swaminarayan Temple Road, Radhu Kheda, Kheda - 387560",+(91)-02694-281540
Khodiyar Mobile Shop,"Mahalaxmi Society, Station Road, Dakor, Kheda - 388225",+(91)-9714029235
Ved Mobile,"Haldharvas, Haldarwas Kheda, Kheda - 387110",+(91)-9106310538
Akshar Mobile & Xerox,"Tathasara,Main Bazae, Vanoda, Kheda - 388235",+(91)-9537714777
Kirti Mobile Gallery,"Shop, 9, Siddhi Vinayak Complex, Mahemdabad, Kheda - 387130, Opposite Mahakali Mata Temple",+(91)-9723782306
Kumkum Mobile,"Dhunadara, Dhunadra, Kheda - 388230",+(91)-9998929145
Sai Mobile Shop,"Mahelav, Mehlav Kheda, Kheda - 388440",+(91)-8866490752
P K Sales,"Thasra, Kheda - 388250",+(91)-9429656105
K. G. N Mobile,"Vavdi, Kheda - 387550",+(91)-9033366640
Indrajit Rathod Mobile,"Radhvanaj, Radhvanaj, Kheda - 387570",+(91)-9824370521
Metro Mobile,"Laxmi Super Market, Thasra Kheda, Kheda - 388250",+(91)-9998159677
Soha Mobile Store,"Gj Sh 191, Virpur, Birpur Kheda, Kheda - 388260",+(91)-7069882790
Jay Ambe Mobile,"Kaniyel, Kheda - 387610",+(91)-9662302016
Choice Mobile Shop,"Dakor Char Rasta, Kapadwanj, Kheda - 387620",+(91)-9824072742
New Dhwani Telecom,"Mahemdabad, Mehmedabad Kheda, Kheda - 387130",+(91)-9904082827
Ansh Mobile,"Shree Nath Complex, Mahemdabad, Kathalal Road, Kheda - 387130",+(91)-9638481557
R R Mobile & Articles,"Gj Sh 210, Kathlal, Pithai, Kheda - 387630",+(91)-7490883611
Giriraj Mobile,"Kuber Nagar Society, Kapadvanj, Kapadwanj, Kheda - 387620",+(91)-9879583848
Prince Mobile Accessories,"Shop 107,Shyamvila Complex, Dabhan Road, Dabhan Kheda, Kheda - 387320, Near Geb Offfice",+(91)-7405206840
Swami Mobiles Thasra,"Thasra, Kheda - 388250",+(91)-9913919670
G C Communication,"Kheda-Khambhat Hwy, Limbasi, Kheda - 387520",+(91)-9979728283
Aj. Mobile Repairing,"Moholel, Kheda - 387330",+(91)-9725638915
Vaishali Mobile,"Haldharvas, Modaj Road, Kheda - 387610",+(91)-8980625277
Disco Mobile Service,"Opp.national Plaza,, Kapadwanj, Kheda - 387620, Kapadwanj,",+(91)-9898149377
Shrijisales Mobile & Electr..,"Gj Sh 16, Limbasi, Kheda - 387520",+(91)-9909919499
Shree Ram Trading Co,"Khatraj Chokdi, Mehmedabad Kheda, Kheda - 387130",+(91)-9879174722
Khushbu Mobile Sales & Serv..,"C-3,Amarnath Complex,, Balasinor Road,, Kathlal Kheda, Kheda - 387630, Near Kathlal,",+(91)-9898833449
Prince Mobile & Accessories,"Amarnath Complex, Near Vodafone Store, Kheda - 387630",+(91)-9909267868
V B Mobile,"C-11, Chawala Complex, Main Bajar,, Sevaliya, Kheda - 388245, Near Post Office Road",+(91)-8460185616
Lovely Mobile Point,"Lovely Pan Corner,, Opp. Bust Stand,, Kheda HO, Kheda - 387411, Kheda",+(91)-9898345568
A to Z TRAVEL(JK LOGISTICS)..,"A/B, Sardar Market Minarva Complex Kheda, Ahmedabad, Kheda - 387411",+(91)-9898363694
Rhythm Mobile,"102, First Floor, Ashirwad Complex, Kathlal, Station Road, Kheda - 387630, Behind Bus Station",+(91)-8140777476
Voice Mobile Shop,"Ahmedabad, Kheda - 387411, Near Raja Shopping Centre Bharpura Kheda",+(91)-7777964888
Sandli Mobile,"B205, 1st Floor Deep Darshan Complex, Mahemdabad, Kheda - 387130",+(91)-9099786808
Cell For U Mobile,"Nh 59, National Plaza Complex, Kapadvanj, Kheda - 387620",+(91)-9898616122
Gopi Mobiles,"C-27,Mulki Bhuvan, Opp. Bust Stand, Kheda HO, Kheda - 387411, Kheda",+(91)-9898490672
Honest Mobile Shop,"Jakat Naka, Mahemdavad, Kheda Road, Kheda - 387130",+(91)-9924722288
Sherkhan Mobile Services,"Vahora Society, Station Road, Kanjari, Kheda - 387325",+(91)-9714141034
Mansuri Mobile,"Kaniyel, Kaniel, Kheda - 387610",+(91)-7878168108
Devanshi Mobile Shop & Rech..,"Janod, Kheda - 388265",+(91)-8780742557
New Metro Mobile,"Shop No, Station Road, Dakor, Kheda - 388225, Near Police Station",+(91)-8401459214
Aashapura Mobile,"Utkanthesvar Mahadev, Kapadvanj, Kheda - 387610",+(91)-9898930938
Tirupati Mobile,"Natraj Road, Kapadwanj, Kheda - 387620, Opposite Bank Of India",+(91)-9924249696
Sheetal Mobile Point,"Asamali, Kheda - 387520",+(91)-9724708379
LUCKY mobile care,"Muhhamdi building, Kapadwanj, Kheda - 387620, Court road",+(91)-9157666141
Mahadev Mobile Shop,"Moholel, Kheda - 387330",+(91)-7285894154
Navrang Mobile Shop,"Oppbaharpura Masjid,Nrdelite Bakery,Kheda, Ahmedabad, Kheda - 387411",+(91)-8347865832
Mi Store Kathlal,"G2,3 Sagar Complex, Kapadwanj Road, Kathlal Kheda, Kheda - 387630",+(91)-9898840776
India Mobile,"Kheda - 387411, Opposite Minvar Bulding,Opposite Civil Court Sardar Market",+(91)-9428661465
Raj mobile shop,"Mehmedabad Kheda, Kheda - 387130",+(91)-8347473612
Raj mobile shop,"KHATRAJ, Kheda - 387130",+(91)-8347473612
Banshidhr Mobile,"Nadiad, Kheda - 387002",+(91)-9879863039
Galaxy Mobile,"A/2 Shiv Point, Opposite Amarnath Complex, Kheda - 387630, Near Kathlal",+(91)-8320860065
Shree Mobile,"Amarnath Complex, Nadiad Road, Kathlal Kheda, Kheda - 387630, Near Kathlal,",+(91)-9913422692
Harsha Telecom,"Mandir Road, Dakor, Kheda - 388225",+(91)-9879499979
Narayan Mobile,"Near Vishwkarma Building, Opposite Gopalpura, Dakor, Kheda - 388225",+(91)-9724952722
Arsh Mobile Point,"2302, Gol Vaad, Dholi Kui, Kapadvanj, Kapadwanj, Kheda - 387620",+(91)-9898477863
Excel Mobiles,"Shop No. 5, Gandhi Estate, Gandhi Estate, Thasra, Kheda - 388250",+(91)-9714555750
F S Mobile,Kheda - 388245,+(91)-8347632900
OM Mobile Sales & Service,"2,Umiya Chowk,, In Market,, Kathlal Kheda, Kheda - 387630, Kathlal,",+(91)-9913428887
Mobile Gallery,"Laxmi Puja Complex,, Near Town Hall,, Kapadwanj, Kheda - 387620, Kapadwanj,",+(91)-9998064964
Morning Mobile,"G 62, National Plaza, Kapadwanj, Kheda - 387620, Below Gopi Studio",+(91)-8347117250
Kirti Agency,"Swaminarayan Temple Road, Radhu Kheda, Kheda - 387560",+(91)-02694-281540
Khodiyar Mobile Shop,"Mahalaxmi Society, Station Road, Dakor, Kheda - 388225",+(91)-9714029235
Jay Ambe Mobile,"Kaniyel, Kheda - 387610",+(91)-9662302016
Choice Mobile Shop,"Dakor Char Rasta, Kapadwanj, Kheda - 387620",+(91)-9824072742
New Dhwani Telecom,"Mahemdabad, Mehmedabad Kheda, Kheda - 387130",+(91)-9904082827
Ansh Mobile,"Shree Nath Complex, Mahemdabad, Kathalal Road, Kheda - 387130",+(91)-9638481557
R R Mobile & Articles,"Gj Sh 210, Kathlal, Pithai, Kheda - 387630",+(91)-7490883611
Giriraj Mobile,"Kuber Nagar Society, Kapadvanj, Kapadwanj, Kheda - 387620",+(91)-9879583848
Prince Mobile Accessories,"Shop 107,Shyamvila Complex, Dabhan Road, Dabhan Kheda, Kheda - 387320, Near Geb Offfice",+(91)-7405206840
Swami Mobiles Thasra,"Thasra, Kheda - 388250",+(91)-9913919670
G C Communication,"Kheda-Khambhat Hwy, Limbasi, Kheda - 387520",+(91)-9979728283
Aj. Mobile Repairing,"Moholel, Kheda - 387330",+(91)-9725638915
Vaishali Mobile,"Haldharvas, Modaj Road, Kheda - 387610",+(91)-8980625277
Disco Mobile Service,"Opp.national Plaza,, Kapadwanj, Kheda - 387620, Kapadwanj,",+(91)-9898149377
Shrijisales Mobile & Electr..,"Gj Sh 16, Limbasi, Kheda - 387520",+(91)-9909919499
Shree Ram Trading Co,"Khatraj Chokdi, Mehmedabad Kheda, Kheda - 387130",+(91)-9879174722
Khushbu Mobile Sales & Serv..,"C-3,Amarnath Complex,, Balasinor Road,, Kathlal Kheda, Kheda - 387630, Near Kathlal,",+(91)-9898833449
Prince Mobile & Accessories,"Amarnath Complex, Near Vodafone Store, Kheda - 387630",+(91)-9909267868
V B Mobile,"C-11, Chawala Complex, Main Bajar,, Sevaliya, Kheda - 388245, Near Post Office Road",+(91)-8460185616
Lovely Mobile Point,"Lovely Pan Corner,, Opp. Bust Stand,, Kheda HO, Kheda - 387411, Kheda",+(91)-9898345568
A to Z TRAVEL(JK LOGISTICS)..,"A/B, Sardar Market Minarva Complex Kheda, Ahmedabad, Kheda - 387411",+(91)-9898363694
Rhythm Mobile,"102, First Floor, Ashirwad Complex, Kathlal, Station Road, Kheda - 387630, Behind Bus Station",+(91)-8140777476
Voice Mobile Shop,"Ahmedabad, Kheda - 387411, Near Raja Shopping Centre Bharpura Kheda",+(91)-7777964888
Sandli Mobile,"B205, 1st Floor Deep Darshan Complex, Mahemdabad, Kheda - 387130",+(91)-9099786808
Cell For U Mobile,"Nh 59, National Plaza Complex, Kapadvanj, Kheda - 387620",+(91)-9898616122
Gopi Mobiles,"C-27,Mulki Bhuvan, Opp. Bust Stand, Kheda HO, Kheda - 387411, Kheda",+(91)-9898490672
Honest Mobile Shop,"Jakat Naka, Mahemdavad, Kheda Road, Kheda - 387130",+(91)-9924722288
Sherkhan Mobile Services,"Vahora Society, Station Road, Kanjari, Kheda - 387325",+(91)-9714141034
Mansuri Mobile,"Kaniyel, Kaniel, Kheda - 387610",+(91)-7878168108
Devanshi Mobile Shop & Rech..,"Janod, Kheda - 388265",+(91)-8780742557
New Metro Mobile,"Shop No, Station Road, Dakor, Kheda - 388225, Near Police Station",+(91)-8401459214
Aashapura Mobile,"Utkanthesvar Mahadev, Kapadvanj, Kheda - 387610",+(91)-9898930938
Tirupati Mobile,"Natraj Road, Kapadwanj, Kheda - 387620, Opposite Bank Of India",+(91)-9924249696
Sheetal Mobile Point,"Asamali, Kheda - 387520",+(91)-9724708379
LUCKY mobile care,"Muhhamdi building, Kapadwanj, Kheda - 387620, Court road",+(91)-9157666141
Mahadev Mobile Shop,"Moholel, Kheda - 387330",+(91)-7285894154
Navrang Mobile Shop,"Oppbaharpura Masjid,Nrdelite Bakery,Kheda, Ahmedabad, Kheda - 387411",+(91)-8347865832
Mi Store Kathlal,"G2,3 Sagar Complex, Kapadwanj Road, Kathlal Kheda, Kheda - 387630",+(91)-9898840776
India Mobile,"Kheda - 387411, Opposite Minvar Bulding,Opposite Civil Court Sardar Market",+(91)-9428661465
Raj mobile shop,"Mehmedabad Kheda, Kheda - 387130",+(91)-8347473612
Raj mobile shop,"KHATRAJ, Kheda - 387130",+(91)-8347473612
Banshidhr Mobile,"Nadiad, Kheda - 387002",+(91)-9879863039
Galaxy Mobile,"A/2 Shiv Point, Opposite Amarnath Complex, Kheda - 387630, Near Kathlal",+(91)-8320860065
Shree Mobile,"Amarnath Complex, Nadiad Road, Kathlal Kheda, Kheda - 387630, Near Kathlal,",+(91)-9913422692
Harsha Telecom,"Mandir Road, Dakor, Kheda - 388225",+(91)-9879499979
Narayan Mobile,"Near Vishwkarma Building, Opposite Gopalpura, Dakor, Kheda - 388225",+(91)-9724952722
Arsh Mobile Point,"2302, Gol Vaad, Dholi Kui, Kapadvanj, Kapadwanj, Kheda - 387620",+(91)-9898477863
Excel Mobiles,"Shop No. 5, Gandhi Estate, Gandhi Estate, Thasra, Kheda - 388250",+(91)-9714555750
F S Mobile,Kheda - 388245,+(91)-8347632900
OM Mobile Sales & Service,"2,Umiya Chowk,, In Market,, Kathlal Kheda, Kheda - 387630, Kathlal,",+(91)-9913428887
Mobile Gallery,"Laxmi Puja Complex,, Near Town Hall,, Kapadwanj, Kheda - 387620, Kapadwanj,",+(91)-9998064964
Morning Mobile,"G 62, National Plaza, Kapadwanj, Kheda - 387620, Below Gopi Studio",+(91)-8347117250
Kirti Agency,"Swaminarayan Temple Road, Radhu Kheda, Kheda - 387560",+(91)-02694-281540
Khodiyar Mobile Shop,"Mahalaxmi Society, Station Road, Dakor, Kheda - 388225",+(91)-9714029235
Vaishali Mobile,"Haldharvas, Modaj Road, Kheda - 387610",+(91)-8980625277
Disco Mobile Service,"Opp.national Plaza,, Kapadwanj, Kheda - 387620, Kapadwanj,",+(91)-9898149377
Shrijisales Mobile & Electr..,"Gj Sh 16, Limbasi, Kheda - 387520",+(91)-9909919499
Shree Ram Trading Co,"Khatraj Chokdi, Mehmedabad Kheda, Kheda - 387130",+(91)-9879174722
Khushbu Mobile Sales & Serv..,"C-3,Amarnath Complex,, Balasinor Road,, Kathlal Kheda, Kheda - 387630, Near Kathlal,",+(91)-9898833449
Prince Mobile & Accessories,"Amarnath Complex, Near Vodafone Store, Kheda - 387630",+(91)-9909267868
V B Mobile,"C-11, Chawala Complex, Main Bajar,, Sevaliya, Kheda - 388245, Near Post Office Road",+(91)-8460185616
Lovely Mobile Point,"Lovely Pan Corner,, Opp. Bust Stand,, Kheda HO, Kheda - 387411, Kheda",+(91)-9898345568
A to Z TRAVEL(JK LOGISTICS)..,"A/B, Sardar Market Minarva Complex Kheda, Ahmedabad, Kheda - 387411",+(91)-9898363694
Rhythm Mobile,"102, First Floor, Ashirwad Complex, Kathlal, Station Road, Kheda - 387630, Behind Bus Station",+(91)-8140777476
Voice Mobile Shop,"Ahmedabad, Kheda - 387411, Near Raja Shopping Centre Bharpura Kheda",+(91)-7777964888
Sandli Mobile,"B205, 1st Floor Deep Darshan Complex, Mahemdabad, Kheda - 387130",+(91)-9099786808
Cell For U Mobile,"Nh 59, National Plaza Complex, Kapadvanj, Kheda - 387620",+(91)-9898616122
Gopi Mobiles,"C-27,Mulki Bhuvan, Opp. Bust Stand, Kheda HO, Kheda - 387411, Kheda",+(91)-9898490672
Honest Mobile Shop,"Jakat Naka, Mahemdavad, Kheda Road, Kheda - 387130",+(91)-9924722288
Sherkhan Mobile Services,"Vahora Society, Station Road, Kanjari, Kheda - 387325",+(91)-9714141034
Mansuri Mobile,"Kaniyel, Kaniel, Kheda - 387610",+(91)-7878168108
Devanshi Mobile Shop & Rech..,"Janod, Kheda - 388265",+(91)-8780742557
New Metro Mobile,"Shop No, Station Road, Dakor, Kheda - 388225, Near Police Station",+(91)-8401459214
Aashapura Mobile,"Utkanthesvar Mahadev, Kapadvanj, Kheda - 387610",+(91)-9898930938
Tirupati Mobile,"Natraj Road, Kapadwanj, Kheda - 387620, Opposite Bank Of India",+(91)-9924249696
Sheetal Mobile Point,"Asamali, Kheda - 387520",+(91)-9724708379
LUCKY mobile care,"Muhhamdi building, Kapadwanj, Kheda - 387620, Court road",+(91)-9157666141
Mahadev Mobile Shop,"Moholel, Kheda - 387330",+(91)-7285894154
Navrang Mobile Shop,"Oppbaharpura Masjid,Nrdelite Bakery,Kheda, Ahmedabad, Kheda - 387411",+(91)-8347865832
Mi Store Kathlal,"G2,3 Sagar Complex, Kapadwanj Road, Kathlal Kheda, Kheda - 387630",+(91)-9898840776
India Mobile,"Kheda - 387411, Opposite Minvar Bulding,Opposite Civil Court Sardar Market",+(91)-9428661465
Raj mobile shop,"Mehmedabad Kheda, Kheda - 387130",+(91)-8347473612
Raj mobile shop,"KHATRAJ, Kheda - 387130",+(91)-8347473612
Banshidhr Mobile,"Nadiad, Kheda - 387002",+(91)-9879863039
Galaxy Mobile,"A/2 Shiv Point, Opposite Amarnath Complex, Kheda - 387630, Near Kathlal",+(91)-8320860065
Shree Mobile,"Amarnath Complex, Nadiad Road, Kathlal Kheda, Kheda - 387630, Near Kathlal,",+(91)-9913422692
Harsha Telecom,"Mandir Road, Dakor, Kheda - 388225",+(91)-9879499979
Narayan Mobile,"Near Vishwkarma Building, Opposite Gopalpura, Dakor, Kheda - 388225",+(91)-9724952722
Arsh Mobile Point,"2302, Gol Vaad, Dholi Kui, Kapadvanj, Kapadwanj, Kheda - 387620",+(91)-9898477863
Excel Mobiles,"Shop No. 5, Gandhi Estate, Gandhi Estate, Thasra, Kheda - 388250",+(91)-9714555750
F S Mobile,Kheda - 388245,+(91)-8347632900
OM Mobile Sales & Service,"2,Umiya Chowk,, In Market,, Kathlal Kheda, Kheda - 387630, Kathlal,",+(91)-9913428887
Mobile Gallery,"Laxmi Puja Complex,, Near Town Hall,, Kapadwanj, Kheda - 387620, Kapadwanj,",+(91)-9998064964
Morning Mobile,"G 62, National Plaza, Kapadwanj, Kheda - 387620, Below Gopi Studio",+(91)-8347117250
Kirti Agency,"Swaminarayan Temple Road, Radhu Kheda, Kheda - 387560",+(91)-02694-281540
Khodiyar Mobile Shop,"Mahalaxmi Society, Station Road, Dakor, Kheda - 388225",+(91)-9714029235
Voice Mobile Shop,"Ahmedabad, Kheda - 387411, Near Raja Shopping Centre Bharpura Kheda",+(91)-7777964888
Sandli Mobile,"B205, 1st Floor Deep Darshan Complex, Mahemdabad, Kheda - 387130",+(91)-9099786808
Cell For U Mobile,"Nh 59, National Plaza Complex, Kapadvanj, Kheda - 387620",+(91)-9898616122
Gopi Mobiles,"C-27,Mulki Bhuvan, Opp. Bust Stand, Kheda HO, Kheda - 387411, Kheda",+(91)-9898490672
Honest Mobile Shop,"Jakat Naka, Mahemdavad, Kheda Road, Kheda - 387130",+(91)-9924722288
Sherkhan Mobile Services,"Vahora Society, Station Road, Kanjari, Kheda - 387325",+(91)-9714141034
Mansuri Mobile,"Kaniyel, Kaniel, Kheda - 387610",+(91)-7878168108
Devanshi Mobile Shop & Rech..,"Janod, Kheda - 388265",+(91)-8780742557
New Metro Mobile,"Shop No, Station Road, Dakor, Kheda - 388225, Near Police Station",+(91)-8401459214
Aashapura Mobile,"Utkanthesvar Mahadev, Kapadvanj, Kheda - 387610",+(91)-9898930938
Tirupati Mobile,"Natraj Road, Kapadwanj, Kheda - 387620, Opposite Bank Of India",+(91)-9924249696
Sheetal Mobile Point,"Asamali, Kheda - 387520",+(91)-9724708379
LUCKY mobile care,"Muhhamdi building, Kapadwanj, Kheda - 387620, Court road",+(91)-9157666141
Mahadev Mobile Shop,"Moholel, Kheda - 387330",+(91)-7285894154
Navrang Mobile Shop,"Oppbaharpura Masjid,Nrdelite Bakery,Kheda, Ahmedabad, Kheda - 387411",+(91)-8347865832
Mi Store Kathlal,"G2,3 Sagar Complex, Kapadwanj Road, Kathlal Kheda, Kheda - 387630",+(91)-9898840776
India Mobile,"Kheda - 387411, Opposite Minvar Bulding,Opposite Civil Court Sardar Market",+(91)-9428661465
Raj mobile shop,"Mehmedabad Kheda, Kheda - 387130",+(91)-8347473612
Raj mobile shop,"KHATRAJ, Kheda - 387130",+(91)-8347473612
Banshidhr Mobile,"Nadiad, Kheda - 387002",+(91)-9879863039
Galaxy Mobile,"A/2 Shiv Point, Opposite Amarnath Complex, Kheda - 387630, Near Kathlal",+(91)-8320860065
Shree Mobile,"Amarnath Complex, Nadiad Road, Kathlal Kheda, Kheda - 387630, Near Kathlal,",+(91)-9913422692
Harsha Telecom,"Mandir Road, Dakor, Kheda - 388225",+(91)-9879499979
Narayan Mobile,"Near Vishwkarma Building, Opposite Gopalpura, Dakor, Kheda - 388225",+(91)-9724952722
Arsh Mobile Point,"2302, Gol Vaad, Dholi Kui, Kapadvanj, Kapadwanj, Kheda - 387620",+(91)-9898477863
Excel Mobiles,"Shop No. 5, Gandhi Estate, Gandhi Estate, Thasra, Kheda - 388250",+(91)-9714555750
F S Mobile,Kheda - 388245,+(91)-8347632900
OM Mobile Sales & Service,"2,Umiya Chowk,, In Market,, Kathlal Kheda, Kheda - 387630, Kathlal,",+(91)-9913428887
Mobile Gallery,"Laxmi Puja Complex,, Near Town Hall,, Kapadwanj, Kheda - 387620, Kapadwanj,",+(91)-9998064964
Morning Mobile,"G 62, National Plaza, Kapadwanj, Kheda - 387620, Below Gopi Studio",+(91)-8347117250
Kirti Agency,"Swaminarayan Temple Road, Radhu Kheda, Kheda - 387560",+(91)-02694-281540
Khodiyar Mobile Shop,"Mahalaxmi Society, Station Road, Dakor, Kheda - 388225",+(91)-9714029235
Tirupati Mobile,"Natraj Road, Kapadwanj, Kheda - 387620, Opposite Bank Of India",+(91)-9924249696
Sheetal Mobile Point,"Asamali, Kheda - 387520",+(91)-9724708379
LUCKY mobile care,"Muhhamdi building, Kapadwanj, Kheda - 387620, Court road",+(91)-9157666141
Mahadev Mobile Shop,"Moholel, Kheda - 387330",+(91)-7285894154
Navrang Mobile Shop,"Oppbaharpura Masjid,Nrdelite Bakery,Kheda, Ahmedabad, Kheda - 387411",+(91)-8347865832
Mi Store Kathlal,"G2,3 Sagar Complex, Kapadwanj Road, Kathlal Kheda, Kheda - 387630",+(91)-9898840776
India Mobile,"Kheda - 387411, Opposite Minvar Bulding,Opposite Civil Court Sardar Market",+(91)-9428661465
Raj mobile shop,"Mehmedabad Kheda, Kheda - 387130",+(91)-8347473612
Raj mobile shop,"KHATRAJ, Kheda - 387130",+(91)-8347473612
Banshidhr Mobile,"Nadiad, Kheda - 387002",+(91)-9879863039
Galaxy Mobile,"A/2 Shiv Point, Opposite Amarnath Complex, Kheda - 387630, Near Kathlal",+(91)-8320860065
Shree Mobile,"Amarnath Complex, Nadiad Road, Kathlal Kheda, Kheda - 387630, Near Kathlal,",+(91)-9913422692
Harsha Telecom,"Mandir Road, Dakor, Kheda - 388225",+(91)-9879499979
Narayan Mobile,"Near Vishwkarma Building, Opposite Gopalpura, Dakor, Kheda - 388225",+(91)-9724952722
Arsh Mobile Point,"2302, Gol Vaad, Dholi Kui, Kapadvanj, Kapadwanj, Kheda - 387620",+(91)-9898477863
Excel Mobiles,"Shop No. 5, Gandhi Estate, Gandhi Estate, Thasra, Kheda - 388250",+(91)-9714555750
F S Mobile,Kheda - 388245,+(91)-8347632900
OM Mobile Sales & Service,"2,Umiya Chowk,, In Market,, Kathlal Kheda, Kheda - 387630, Kathlal,",+(91)-9913428887
Mobile Gallery,"Laxmi Puja Complex,, Near Town Hall,, Kapadwanj, Kheda - 387620, Kapadwanj,",+(91)-9998064964
Morning Mobile,"G 62, National Plaza, Kapadwanj, Kheda - 387620, Below Gopi Studio",+(91)-8347117250
Kirti Agency,"Swaminarayan Temple Road, Radhu Kheda, Kheda - 387560",+(91)-02694-281540
Khodiyar Mobile Shop,"Mahalaxmi Society, Station Road, Dakor, Kheda - 388225",+(91)-9714029235
Galaxy Mobile,"A/2 Shiv Point, Opposite Amarnath Complex, Kheda - 387630, Near Kathlal",+(91)-8320860065
Shree Mobile,"Amarnath Complex, Nadiad Road, Kathlal Kheda, Kheda - 387630, Near Kathlal,",+(91)-9913422692
Harsha Telecom,"Mandir Road, Dakor, Kheda - 388225",+(91)-9879499979
Narayan Mobile,"Near Vishwkarma Building, Opposite Gopalpura, Dakor, Kheda - 388225",+(91)-9724952722
Arsh Mobile Point,"2302, Gol Vaad, Dholi Kui, Kapadvanj, Kapadwanj, Kheda - 387620",+(91)-9898477863
Excel Mobiles,"Shop No. 5, Gandhi Estate, Gandhi Estate, Thasra, Kheda - 388250",+(91)-9714555750
F S Mobile,Kheda - 388245,+(91)-8347632900
OM Mobile Sales & Service,"2,Umiya Chowk,, In Market,, Kathlal Kheda, Kheda - 387630, Kathlal,",+(91)-9913428887
Mobile Gallery,"Laxmi Puja Complex,, Near Town Hall,, Kapadwanj, Kheda - 387620, Kapadwanj,",+(91)-9998064964
Morning Mobile,"G 62, National Plaza, Kapadwanj, Kheda - 387620, Below Gopi Studio",+(91)-8347117250
Kirti Agency,"Swaminarayan Temple Road, Radhu Kheda, Kheda - 387560",+(91)-02694-281540
Khodiyar Mobile Shop,"Mahalaxmi Society, Station Road, Dakor, Kheda - 388225",+(91)-9714029235
Kirti Agency,"Swaminarayan Temple Road, Radhu Kheda, Kheda - 387560",+(91)-02694-281540
Khodiyar Mobile Shop,"Mahalaxmi Society, Station Road, Dakor, Kheda - 388225",+(91)-9714029235
