Radhe Krishna Telecom,"Dhankavad, Panjala Pol Road, Godhra, Godhra - 389001, Opp. Jay Julelal Fruit Bhandar",07947445454
Vaishali Mobile,"B/5 & 6, Palika Shopping Centre, Lunawada, Panchmahal - 389230, Opposite Luneshwar Temple",07947322741
I AND PC,"4, Landmark, Dahod Road, Godhra, Panchmahal - 389001, Near Thakkar Khaman House",+(91)-9638060000
Gadgetsnow.com,Mumbai,+(91)-8010881188
Naaptol.com,Mumbai - 400001,+(91)-9223537000
Jasmin Mobile Shop,"Godhra, Panchmahal - 389001, Opposite New Bus Stand, Near Vardhman Sweet Mart",+(91)-9687925222
Mi Exclusive Store,"G2 Kalpvruksh Enclave,, Near Big Mart, Opp IDBI BANK, Halol, Panchmahal - 389350, Near Godhra Road",+(91)-6352794962
Patel Sales,"Shop No 1, Shree Shailam Complex, Opposite Gandhi Petrol Pump, Halol, Panchmahal - 389350, Near Bus Stand",+(91)-2676-225978
i And PC Sales & Services,"Shop No 9 / B N Chambers, Ankleshwar Mahadev Road, Godhra, Panchmahal - 389001, Opposite LAL Baug Bus Stand",+(91)-8128128582
Padmashree Mobile,"Govrav Patha, Kalal Darvaja, Godhra, Panchmahal - 389001, Near Panjarapol",+(91)-9924698644
Bharat Mobile,"Asthana Bazar Lunavada, Panchmahal - 389230",+(91)-9898468626
Maa Khodiyar Mobile,"National Plaza, Adarsh Society, Vitthalpura, Halolpavagadh Road, Halol, Panchmahal - 389350",
Honest Mobile,"Lilesra Road, Godhra, Panchmahal - 389001, Near Gondra",+(91)-8320061006
Mobile Duniya,"Mobile Duniya, Lunawada Road, Santrampur, Panchmahal - 389260, Opp Bus Station",+(91)-9427756271
Shiv Shakti Mobiles,"Santrampur, Panchmahal - 389260",+(91)-9904512773
Nokia Priority,"Shop No 8, Gauravpath, Panjrapol Road, Godhra, Godhra - 389001, Near Bjp Office",+(91)-9825666066
Hytech Vision,"7, Vrundavan Nagar 1,, Bamroli Road, Godhra, Godhra - 389001, Mahaveer Nagar",+(91)-9428673942
Balaji Sales Corporation,"Pavaghadh Road, Halol, Panchmahal - 389350, Near Urban Bank Naka",+(91)-02676-222815
Shreeji Mobile,"Santrampur, Panchmahal - 389260",+(91)-9879318162
Narnarayan Dev Mobile Shop,"Kharol, Panchmahal - 389220",+(91)-9714300059
Bharat Mobile Shop,"Shehera, Panchmahal - 389210, Near Shehera Bus Station",+(91)-9601102502
Airtel Gallery,"Trimurti, Bus Stand Road, Godhra, Panchmahal - 389001, Opposite Jain Society",+(91)-9810012345
kabra sales,"Godhra, Panchmahal - 389001, Behind Police Chowki No 2, Opposite Mahavir Medical",+(91)-2672-240061
Jay Jalaram Mobile Shop,"3-4, Ground Floor, Platinum Plaza, Garden Road, Godhra, Godhra - 389001, Opposite Kishor Electronics",+(91)-9824059012
Anmol Mobile Lunawada,"Gayatri Society, Lunawada, Panchmahal - 389230",+(91)-9737684131
Mahakal Mobile & Electronic,"1st Floor, Prakash Complex, Sant Road, Panchmahal - 389120, Near State Bank Of India Atm, Main Bazaar",+(91)-2672-282366
Jay Matadi Communication,"Shop No. 1 Gangotri Complex, Garden Road, Godhra, Panchmahal - 389001, Near Platinum Plaza",+(91)-02672-247272
Jay Jalaram Mobile World,"Shahera Bhagol, Railway Crossing Road, Godhra, Panchmahal - 389001, Opposite Petrol Pump",+(91)-9099520205
Sai Telecom,"gidc road, Halol GIDC, Panchmahal - 389350, opp. Jap cinema",+(91)-9898275131
D J Mobile,"120,S T Stenda Godhra Bhagol, Santrampur, Panchmahal - 389260",+(91)-9427078902
Maa Aashapura Mobile Shop M..,"Gj Sh 152, Morva Hadaf, Panchmahal - 389115",+(91)-8980146905
Mobile World,"science college road, Godhra, Panchmahal - 389001, nr. Hanumanji temple",+(91)-9898334346
Vivo Exclusive Store,"Shop No 10, Opp Satyanarayn Temple, Godhara Road, Lunawada, Panchmahal - 389230, Near Ajay Sales",+(91)-9586480666
Balaji Mobile Shop,"Morva, Panchmahal - 389220",+(91)-9909803111
Shree Khodiyar Mobile,"Sonivad, Shehera, Panchmahal - 389210",+(91)-9825530630
Bhargavi Mobile,"Diwada, Panchmahal - 389250",+(91)-9099960491
Prince Communication ,"12/3, Gayatry Society, Anjuman Road, Bhagol, Shera, Godhra, Panchmahal - 389001",+(91)-8347526175
New mobile shop,"derol road, Kalol Panchmahal, Panchmahal - 389330, near. Majid",+(91)-9998145998
Sai Leela Mobile,"Morva Hadaf, Panchmahal - 389115",+(91)-8141584365
Pavan Mobile,"Dhankwad Panjrapole Road, Godhra, Panchmahal - 389001, Near Satguru complex",+(91)-9712777707
Pavan Mobile,"Gujarat, Charitrary Society, Kalal Darwaja, Godhra, Panchmahal - 389001",+(91)-8000470707
Pramukh Marketing,"Ghoghamba, Main Bazaar Road, Ghogamba, Panchmahal - 389365",+(91)-9925698598
Habib Telecom,"Shop No. 1, Polan Bazar, Godhra, Godhra - 389001, Near Indian Madical",+(91)-9714048759
Z Li Diya Mobile Shop Khanp..,"At Khanpur, Panchmahal - 389115",+(91)-9925462666
Jay Mataji Mobile Shop,"Ghoghamba, Panchmahal - 389365",+(91)-9898229055
Jigar Mobile,"Gj Sh 2a, Diwada, Diwada Colony, Panchmahal - 389250",+(91)-9712326362
Krishna Nx Exclusive Store,"Gangotri Complex, Godhra, Panchmahal - 389001, Near Jay Mataji Mobile Shop",+(91)-9537213174
Gauri Communication,"At Po Ta Dist Panchamahal Stat, Morva Hadaf, Panchmahal - 389115",+(91)-9913171301
Pavanputra Mobile,"Vaidhnath Bhagol Sahera, Panchmahal - 389120, Near Sindhi Chokdi",+(91)-9979653775
Shree kheteshwar mobile sho..,"gandhi chowk road, Halol, Panchmahal - 389350, behind SBI Bank",+(91)-8000030444
Shree Kheteshwar Mobile Sho..,"Alod, Ghadhi Chock Road, Panchmahal - 389350",+(91)-8000030444
Roshan Communication,"Gondra Chokdi, Baroda Highway, Godhra, Panchmahal - 389001, Godhra",+(91)-9898069051
Sai Mobile Shop,"Kaliavav, Vav, Panchmahal - 389390",+(91)-7573809002
Shree Raj Mobile Shop,"Govardhan Nagar , Part 1, Behind Fci Godown, Godhra, Panchmahal - 389001, Nr Satyaval Temple",+(91)-9722938585
Vijay Mobile Shop,"Shera Bhagol Road, Garden Road, Godhra, Panchmahal - 389001, Near Petrol Pump",+(91)-9033461143
Vishvakarma Mobile Zerox & ..,"Malvan Road, Movasa, Panchmahal - 389235",+(91)-8140848156
A R Xerox,"Near M.S.High School, Tank Road, Halol, Panchmahal - 389350, Opposite Station Road",+(91)-9825327677
Ambika Mobile,"House No.1033, Satyanarayan Shopping Complex, Khanpur Tehsil, Panchmahal District, Pandarwada, Pandaravada, Panchmahal - 389232",+(91)-9979646768
Satnam Tele Shopee,"Shop No. 1, Near New Busstand Road, Godhra, Panchmahal - 389001, Near B. N Chamber",+(91)-9879565062
Shree Krishna Mobile Shop,"Shakti Nagar, Jafrabad Village, Dahod Road., Godhra, Panchmahal - 389001, Opposite Mahila Iti College,Near Soni Samaj Hall",+(91)-8866070739
Jay Narayan Mobile,"Narayan Nagar, Godhra Road, Halol GIDC, Panchmahal - 389350, Nr.Rinki",+(91)-8000014521
Dudheshwar Mobile,"28, National Plaza, Baroda Road, Halol, Panchmahal - 389350, Opp. Bus Stand",+(91)-9825710009
Shree Sahjanand Mobile,"Shree Ram Complex, Bus Stop Road, Godhra, Panchmahal - 389001, Opposite Pasu Davakhana",+(91)-9898636770
Jay Jalaram Mobile Shop,"Power House, Godhra, Panchmahal - 389001, Near Ganesh Bakery",+(91)-9427777770
Ganesh Mobile Shop,"Power House Road, Godhra, Panchmahal - 389001, Near Railway Crossing",+(91)-8780803232
Ganesh Mobile Shop,"Railway Crossing, Godhra, Panchmahal - 389001, Near Shahera Bhagol",+(91)-8780803232
Yashkhant Technovision,"Chhayan-1 Chhayan,Post-Godhar, Ta-Santrampur,Dist, Godhar, Panchmahal - 389230",+(91)-9723057789
Aadil Telecom,"Polan Bazar, Maulana Azad Road, Godhra, Panchmahal - 389001, Near Polan Bajar",+(91)-9824071698
Lucky Mobile Shop,"Govindram Ravlani Road, Godhra, Panchmahal - 389001, opp. Dr. Mankeni hospital",+(91)-9723441266
Om Communication,"Bamroli Road, Muktanand Society, Godhra, Panchmahal - 389001, Near Mahavirnagar Road",+(91)-9537603111
Divya Mobile & Computer Sho..,"Sant Road, Panchmahal - 389120",+(91)-9601365400
Sai Mobile & Electronic,"Raj Shopping Center, Bamroli Road, Godhra, Panchmahal - 389001, Near Rayanwadi",+(91)-7016519851
Rudrax Mobile,"Anandvihar Society, Prabha Road, Godhra, Panchmahal - 389001, Opposite B.V. Gandhi Petrolpump",+(91)-9712246256
Vinit Mobile Shop,"Civil Hospital Road, Godhra, Panchmahal - 389001, Opposite Indian Bank",+(91)-9898581925
Jay Ambe Mobile Accessories,"Power House, Bhurawav Road, Godhra, Panchmahal - 389001, Near Kusumvivek Nagar",+(91)-7878853777
Arihant Communication,"Saiwada Nava Bazaar, Jain Derasar Temple Road, Godhra, Panchmahal - 389001, Near Pdc Bank,",+(91)-9898493892
Kothamba Mobile Shop,"Kothamba, Panchmahal - 389220",+(91)-9727051984
Smart Mobile & Electronics,"Vitthalesh Complex Below Orthopedics, Lunawada, Lunawada, Panchmahal - 389230, Near Lynawada",+(91)-7698989821
Navkar Mobiles,"Pandya Fali, Gayatri Society, Lunawada, Panchmahal - 389230",+(91)-9825914115
Fancy Mobile,"Shop No 1, Nagar Palika Shopping Centre, Lunawada, Panchmahal - 389230, Near Bus Stend",+(91)-9879145040
A-One Mobile,"Nana Sutharwada, Polen School, Road, Lunawada, Panchmahal - 389230, Lunawada",+(91)-9725677068
Hira Mobile Shop,"Halol, Panchmahal - 389350",+(91)-9377077770
Amit Mobile,"Vitthalpura, Adarsh Society, Halol, Panchmahal - 389350",+(91)-9173105149
Birsa Munda Mobile,"Gj Sh 152, Ukhreli, Panchmahal - 389260",+(91)-8140421743
Om Sai Mobile,"Munpur, Munpur, Panchmahal - 389240",+(91)-9428029916
Padmavati Communication,"G 4, Mahavir Complex, Godhra, Panchmahal - 389001, Near Mahavir Jain Society",+(91)-9428545305
Gayatri Agency,"Station Road, Godhra, Panchmahal - 389001, Near Bank Of Baroda",+(91)-9879673952
The Hub Mobile,"25, Ranchodji Complex, Lunawada, Panchmahal - 389230, Near Varadhari Road",+(91)-9624777346
Gayatri Mobile Gallery,"Station Road, Godhra, Panchmahal - 389001, Besides Bank Of Baroda",+(91)-2672-254141
Hira Mobile,"Handan Chamber, Pavagadh Road, Halol, Panchmahal - 389350, Opp. Bus Stand",+(91)-9898011258
Jay Mataji Mobile,"Godhra, Panchmahal - 389001, Near St Depo",+(91)-9737227815
New Nasib Mobile,"Bus Station Road, Shehera, Panchmahal - 389210",+(91)-9898400510
Gaytri Krupa Mobiles,"Morva Hadaf, Panchmahal - 389115",+(91)-8238742147
Nakoda Sales & Electronic,"Moghawada, Pavagadh Road, Halol, Panchmahal - 389350, Near Citizens Bank",+(91)-9898633728
A To Z Mobile Shop,"Ground Floor, Velvet Cinema, Halol Godhra Road, Halol Gidc, Panchmahal - 389350, Opposite Balaji Cinema",+(91)-7600171290
Jaid Mobile Shop,"Baroda Road, Halol, Panchmahal - 389350, Besides Bus Stand, Opposite National Plaza",+(91)-8141876861
Jai Mata Di Communication,"3, Ground Floor, Platinum Plaza, Godhra, Panchmahal - 389001, Near St Bus Stand",+(91)-02672-252117
Dharamveer Mobile,"Ghoghamba, Rajgadh Road, Ghogamba, Panchmahal - 389365",+(91)-9979535456
Sahyog Mobile,"Kalol Panchmahal, Panchmahal - 389330",+(91)-9879171486
Maa Krupa Mobile Accessorie..,"Dhankawad, Panjrapole Road, Godhra, Godhra - 389001, Opposite Jay Julelal Fruit",+(91)-7600706016
Bharat Mobile,"Asthana Bazar Lunavada, Panchmahal - 389230",+(91)-9898468626
Maa Khodiyar Mobile,"National Plaza, Adarsh Society, Vitthalpura, Halolpavagadh Road, Halol, Panchmahal - 389350",
Honest Mobile,"Lilesra Road, Godhra, Panchmahal - 389001, Near Gondra",+(91)-8320061006
Mobile Duniya,"Mobile Duniya, Lunawada Road, Santrampur, Panchmahal - 389260, Opp Bus Station",+(91)-9427756271
Shiv Shakti Mobiles,"Santrampur, Panchmahal - 389260",+(91)-9904512773
Nokia Priority,"Shop No 8, Gauravpath, Panjrapol Road, Godhra, Godhra - 389001, Near Bjp Office",+(91)-9825666066
Hytech Vision,"7, Vrundavan Nagar 1,, Bamroli Road, Godhra, Godhra - 389001, Mahaveer Nagar",+(91)-9428673942
Balaji Sales Corporation,"Pavaghadh Road, Halol, Panchmahal - 389350, Near Urban Bank Naka",+(91)-02676-222815
Shreeji Mobile,"Santrampur, Panchmahal - 389260",+(91)-9879318162
Narnarayan Dev Mobile Shop,"Kharol, Panchmahal - 389220",+(91)-9714300059
Bharat Mobile Shop,"Shehera, Panchmahal - 389210, Near Shehera Bus Station",+(91)-9601102502
Airtel Gallery,"Trimurti, Bus Stand Road, Godhra, Panchmahal - 389001, Opposite Jain Society",+(91)-9810012345
kabra sales,"Godhra, Panchmahal - 389001, Behind Police Chowki No 2, Opposite Mahavir Medical",+(91)-2672-240061
Jay Jalaram Mobile Shop,"3-4, Ground Floor, Platinum Plaza, Garden Road, Godhra, Godhra - 389001, Opposite Kishor Electronics",+(91)-9824059012
Anmol Mobile Lunawada,"Gayatri Society, Lunawada, Panchmahal - 389230",+(91)-9737684131
Mahakal Mobile & Electronic,"1st Floor, Prakash Complex, Sant Road, Panchmahal - 389120, Near State Bank Of India Atm, Main Bazaar",+(91)-2672-282366
Jay Matadi Communication,"Shop No. 1 Gangotri Complex, Garden Road, Godhra, Panchmahal - 389001, Near Platinum Plaza",+(91)-02672-247272
Jay Jalaram Mobile World,"Shahera Bhagol, Railway Crossing Road, Godhra, Panchmahal - 389001, Opposite Petrol Pump",+(91)-9099520205
Sai Telecom,"gidc road, Halol GIDC, Panchmahal - 389350, opp. Jap cinema",+(91)-9898275131
D J Mobile,"120,S T Stenda Godhra Bhagol, Santrampur, Panchmahal - 389260",+(91)-9427078902
Maa Aashapura Mobile Shop M..,"Gj Sh 152, Morva Hadaf, Panchmahal - 389115",+(91)-8980146905
Mobile World,"science college road, Godhra, Panchmahal - 389001, nr. Hanumanji temple",+(91)-9898334346
Vivo Exclusive Store,"Shop No 10, Opp Satyanarayn Temple, Godhara Road, Lunawada, Panchmahal - 389230, Near Ajay Sales",+(91)-9586480666
Balaji Mobile Shop,"Morva, Panchmahal - 389220",+(91)-9909803111
Shree Khodiyar Mobile,"Sonivad, Shehera, Panchmahal - 389210",+(91)-9825530630
Bhargavi Mobile,"Diwada, Panchmahal - 389250",+(91)-9099960491
Prince Communication ,"12/3, Gayatry Society, Anjuman Road, Bhagol, Shera, Godhra, Panchmahal - 389001",+(91)-8347526175
New mobile shop,"derol road, Kalol Panchmahal, Panchmahal - 389330, near. Majid",+(91)-9998145998
Sai Leela Mobile,"Morva Hadaf, Panchmahal - 389115",+(91)-8141584365
Pavan Mobile,"Dhankwad Panjrapole Road, Godhra, Panchmahal - 389001, Near Satguru complex",+(91)-9712777707
Pavan Mobile,"Gujarat, Charitrary Society, Kalal Darwaja, Godhra, Panchmahal - 389001",+(91)-8000470707
Pramukh Marketing,"Ghoghamba, Main Bazaar Road, Ghogamba, Panchmahal - 389365",+(91)-9925698598
Habib Telecom,"Shop No. 1, Polan Bazar, Godhra, Godhra - 389001, Near Indian Madical",+(91)-9714048759
Z Li Diya Mobile Shop Khanp..,"At Khanpur, Panchmahal - 389115",+(91)-9925462666
Jay Mataji Mobile Shop,"Ghoghamba, Panchmahal - 389365",+(91)-9898229055
Jigar Mobile,"Gj Sh 2a, Diwada, Diwada Colony, Panchmahal - 389250",+(91)-9712326362
Krishna Nx Exclusive Store,"Gangotri Complex, Godhra, Panchmahal - 389001, Near Jay Mataji Mobile Shop",+(91)-9537213174
Gauri Communication,"At Po Ta Dist Panchamahal Stat, Morva Hadaf, Panchmahal - 389115",+(91)-9913171301
Pavanputra Mobile,"Vaidhnath Bhagol Sahera, Panchmahal - 389120, Near Sindhi Chokdi",+(91)-9979653775
Shree kheteshwar mobile sho..,"gandhi chowk road, Halol, Panchmahal - 389350, behind SBI Bank",+(91)-8000030444
Shree Kheteshwar Mobile Sho..,"Alod, Ghadhi Chock Road, Panchmahal - 389350",+(91)-8000030444
Roshan Communication,"Gondra Chokdi, Baroda Highway, Godhra, Panchmahal - 389001, Godhra",+(91)-9898069051
Sai Mobile Shop,"Kaliavav, Vav, Panchmahal - 389390",+(91)-7573809002
Shree Raj Mobile Shop,"Govardhan Nagar , Part 1, Behind Fci Godown, Godhra, Panchmahal - 389001, Nr Satyaval Temple",+(91)-9722938585
Vijay Mobile Shop,"Shera Bhagol Road, Garden Road, Godhra, Panchmahal - 389001, Near Petrol Pump",+(91)-9033461143
Vishvakarma Mobile Zerox & ..,"Malvan Road, Movasa, Panchmahal - 389235",+(91)-8140848156
A R Xerox,"Near M.S.High School, Tank Road, Halol, Panchmahal - 389350, Opposite Station Road",+(91)-9825327677
Ambika Mobile,"House No.1033, Satyanarayan Shopping Complex, Khanpur Tehsil, Panchmahal District, Pandarwada, Pandaravada, Panchmahal - 389232",+(91)-9979646768
Satnam Tele Shopee,"Shop No. 1, Near New Busstand Road, Godhra, Panchmahal - 389001, Near B. N Chamber",+(91)-9879565062
Shree Krishna Mobile Shop,"Shakti Nagar, Jafrabad Village, Dahod Road., Godhra, Panchmahal - 389001, Opposite Mahila Iti College,Near Soni Samaj Hall",+(91)-8866070739
Jay Narayan Mobile,"Narayan Nagar, Godhra Road, Halol GIDC, Panchmahal - 389350, Nr.Rinki",+(91)-8000014521
Dudheshwar Mobile,"28, National Plaza, Baroda Road, Halol, Panchmahal - 389350, Opp. Bus Stand",+(91)-9825710009
Shree Sahjanand Mobile,"Shree Ram Complex, Bus Stop Road, Godhra, Panchmahal - 389001, Opposite Pasu Davakhana",+(91)-9898636770
Jay Jalaram Mobile Shop,"Power House, Godhra, Panchmahal - 389001, Near Ganesh Bakery",+(91)-9427777770
Ganesh Mobile Shop,"Power House Road, Godhra, Panchmahal - 389001, Near Railway Crossing",+(91)-8780803232
Ganesh Mobile Shop,"Railway Crossing, Godhra, Panchmahal - 389001, Near Shahera Bhagol",+(91)-8780803232
Yashkhant Technovision,"Chhayan-1 Chhayan,Post-Godhar, Ta-Santrampur,Dist, Godhar, Panchmahal - 389230",+(91)-9723057789
Aadil Telecom,"Polan Bazar, Maulana Azad Road, Godhra, Panchmahal - 389001, Near Polan Bajar",+(91)-9824071698
Lucky Mobile Shop,"Govindram Ravlani Road, Godhra, Panchmahal - 389001, opp. Dr. Mankeni hospital",+(91)-9723441266
Om Communication,"Bamroli Road, Muktanand Society, Godhra, Panchmahal - 389001, Near Mahavirnagar Road",+(91)-9537603111
Divya Mobile & Computer Sho..,"Sant Road, Panchmahal - 389120",+(91)-9601365400
Sai Mobile & Electronic,"Raj Shopping Center, Bamroli Road, Godhra, Panchmahal - 389001, Near Rayanwadi",+(91)-7016519851
Rudrax Mobile,"Anandvihar Society, Prabha Road, Godhra, Panchmahal - 389001, Opposite B.V. Gandhi Petrolpump",+(91)-9712246256
Vinit Mobile Shop,"Civil Hospital Road, Godhra, Panchmahal - 389001, Opposite Indian Bank",+(91)-9898581925
Jay Ambe Mobile Accessories,"Power House, Bhurawav Road, Godhra, Panchmahal - 389001, Near Kusumvivek Nagar",+(91)-7878853777
Arihant Communication,"Saiwada Nava Bazaar, Jain Derasar Temple Road, Godhra, Panchmahal - 389001, Near Pdc Bank,",+(91)-9898493892
Kothamba Mobile Shop,"Kothamba, Panchmahal - 389220",+(91)-9727051984
Smart Mobile & Electronics,"Vitthalesh Complex Below Orthopedics, Lunawada, Lunawada, Panchmahal - 389230, Near Lynawada",+(91)-7698989821
Navkar Mobiles,"Pandya Fali, Gayatri Society, Lunawada, Panchmahal - 389230",+(91)-9825914115
Fancy Mobile,"Shop No 1, Nagar Palika Shopping Centre, Lunawada, Panchmahal - 389230, Near Bus Stend",+(91)-9879145040
A-One Mobile,"Nana Sutharwada, Polen School, Road, Lunawada, Panchmahal - 389230, Lunawada",+(91)-9725677068
Hira Mobile Shop,"Halol, Panchmahal - 389350",+(91)-9377077770
Amit Mobile,"Vitthalpura, Adarsh Society, Halol, Panchmahal - 389350",+(91)-9173105149
Birsa Munda Mobile,"Gj Sh 152, Ukhreli, Panchmahal - 389260",+(91)-8140421743
Om Sai Mobile,"Munpur, Munpur, Panchmahal - 389240",+(91)-9428029916
Padmavati Communication,"G 4, Mahavir Complex, Godhra, Panchmahal - 389001, Near Mahavir Jain Society",+(91)-9428545305
Gayatri Agency,"Station Road, Godhra, Panchmahal - 389001, Near Bank Of Baroda",+(91)-9879673952
The Hub Mobile,"25, Ranchodji Complex, Lunawada, Panchmahal - 389230, Near Varadhari Road",+(91)-9624777346
Gayatri Mobile Gallery,"Station Road, Godhra, Panchmahal - 389001, Besides Bank Of Baroda",+(91)-2672-254141
Hira Mobile,"Handan Chamber, Pavagadh Road, Halol, Panchmahal - 389350, Opp. Bus Stand",+(91)-9898011258
Jay Mataji Mobile,"Godhra, Panchmahal - 389001, Near St Depo",+(91)-9737227815
New Nasib Mobile,"Bus Station Road, Shehera, Panchmahal - 389210",+(91)-9898400510
Gaytri Krupa Mobiles,"Morva Hadaf, Panchmahal - 389115",+(91)-8238742147
Nakoda Sales & Electronic,"Moghawada, Pavagadh Road, Halol, Panchmahal - 389350, Near Citizens Bank",+(91)-9898633728
A To Z Mobile Shop,"Ground Floor, Velvet Cinema, Halol Godhra Road, Halol Gidc, Panchmahal - 389350, Opposite Balaji Cinema",+(91)-7600171290
Jaid Mobile Shop,"Baroda Road, Halol, Panchmahal - 389350, Besides Bus Stand, Opposite National Plaza",+(91)-8141876861
Jai Mata Di Communication,"3, Ground Floor, Platinum Plaza, Godhra, Panchmahal - 389001, Near St Bus Stand",+(91)-02672-252117
Dharamveer Mobile,"Ghoghamba, Rajgadh Road, Ghogamba, Panchmahal - 389365",+(91)-9979535456
Sahyog Mobile,"Kalol Panchmahal, Panchmahal - 389330",+(91)-9879171486
Maa Krupa Mobile Accessorie..,"Dhankawad, Panjrapole Road, Godhra, Godhra - 389001, Opposite Jay Julelal Fruit",+(91)-7600706016
Bharat Mobile Shop,"Shehera, Panchmahal - 389210, Near Shehera Bus Station",+(91)-9601102502
Airtel Gallery,"Trimurti, Bus Stand Road, Godhra, Panchmahal - 389001, Opposite Jain Society",+(91)-9810012345
kabra sales,"Godhra, Panchmahal - 389001, Behind Police Chowki No 2, Opposite Mahavir Medical",+(91)-2672-240061
Jay Jalaram Mobile Shop,"3-4, Ground Floor, Platinum Plaza, Garden Road, Godhra, Godhra - 389001, Opposite Kishor Electronics",+(91)-9824059012
Anmol Mobile Lunawada,"Gayatri Society, Lunawada, Panchmahal - 389230",+(91)-9737684131
Mahakal Mobile & Electronic,"1st Floor, Prakash Complex, Sant Road, Panchmahal - 389120, Near State Bank Of India Atm, Main Bazaar",+(91)-2672-282366
Jay Matadi Communication,"Shop No. 1 Gangotri Complex, Garden Road, Godhra, Panchmahal - 389001, Near Platinum Plaza",+(91)-02672-247272
Jay Jalaram Mobile World,"Shahera Bhagol, Railway Crossing Road, Godhra, Panchmahal - 389001, Opposite Petrol Pump",+(91)-9099520205
Sai Telecom,"gidc road, Halol GIDC, Panchmahal - 389350, opp. Jap cinema",+(91)-9898275131
D J Mobile,"120,S T Stenda Godhra Bhagol, Santrampur, Panchmahal - 389260",+(91)-9427078902
Maa Aashapura Mobile Shop M..,"Gj Sh 152, Morva Hadaf, Panchmahal - 389115",+(91)-8980146905
Mobile World,"science college road, Godhra, Panchmahal - 389001, nr. Hanumanji temple",+(91)-9898334346
Vivo Exclusive Store,"Shop No 10, Opp Satyanarayn Temple, Godhara Road, Lunawada, Panchmahal - 389230, Near Ajay Sales",+(91)-9586480666
Balaji Mobile Shop,"Morva, Panchmahal - 389220",+(91)-9909803111
Shree Khodiyar Mobile,"Sonivad, Shehera, Panchmahal - 389210",+(91)-9825530630
Bhargavi Mobile,"Diwada, Panchmahal - 389250",+(91)-9099960491
Prince Communication ,"12/3, Gayatry Society, Anjuman Road, Bhagol, Shera, Godhra, Panchmahal - 389001",+(91)-8347526175
New mobile shop,"derol road, Kalol Panchmahal, Panchmahal - 389330, near. Majid",+(91)-9998145998
Sai Leela Mobile,"Morva Hadaf, Panchmahal - 389115",+(91)-8141584365
Pavan Mobile,"Dhankwad Panjrapole Road, Godhra, Panchmahal - 389001, Near Satguru complex",+(91)-9712777707
Pavan Mobile,"Gujarat, Charitrary Society, Kalal Darwaja, Godhra, Panchmahal - 389001",+(91)-8000470707
Pramukh Marketing,"Ghoghamba, Main Bazaar Road, Ghogamba, Panchmahal - 389365",+(91)-9925698598
Habib Telecom,"Shop No. 1, Polan Bazar, Godhra, Godhra - 389001, Near Indian Madical",+(91)-9714048759
Z Li Diya Mobile Shop Khanp..,"At Khanpur, Panchmahal - 389115",+(91)-9925462666
Jay Mataji Mobile Shop,"Ghoghamba, Panchmahal - 389365",+(91)-9898229055
Jigar Mobile,"Gj Sh 2a, Diwada, Diwada Colony, Panchmahal - 389250",+(91)-9712326362
Krishna Nx Exclusive Store,"Gangotri Complex, Godhra, Panchmahal - 389001, Near Jay Mataji Mobile Shop",+(91)-9537213174
Gauri Communication,"At Po Ta Dist Panchamahal Stat, Morva Hadaf, Panchmahal - 389115",+(91)-9913171301
Pavanputra Mobile,"Vaidhnath Bhagol Sahera, Panchmahal - 389120, Near Sindhi Chokdi",+(91)-9979653775
Shree kheteshwar mobile sho..,"gandhi chowk road, Halol, Panchmahal - 389350, behind SBI Bank",+(91)-8000030444
Shree Kheteshwar Mobile Sho..,"Alod, Ghadhi Chock Road, Panchmahal - 389350",+(91)-8000030444
Roshan Communication,"Gondra Chokdi, Baroda Highway, Godhra, Panchmahal - 389001, Godhra",+(91)-9898069051
Sai Mobile Shop,"Kaliavav, Vav, Panchmahal - 389390",+(91)-7573809002
Shree Raj Mobile Shop,"Govardhan Nagar , Part 1, Behind Fci Godown, Godhra, Panchmahal - 389001, Nr Satyaval Temple",+(91)-9722938585
Vijay Mobile Shop,"Shera Bhagol Road, Garden Road, Godhra, Panchmahal - 389001, Near Petrol Pump",+(91)-9033461143
Vishvakarma Mobile Zerox & ..,"Malvan Road, Movasa, Panchmahal - 389235",+(91)-8140848156
A R Xerox,"Near M.S.High School, Tank Road, Halol, Panchmahal - 389350, Opposite Station Road",+(91)-9825327677
Ambika Mobile,"House No.1033, Satyanarayan Shopping Complex, Khanpur Tehsil, Panchmahal District, Pandarwada, Pandaravada, Panchmahal - 389232",+(91)-9979646768
Satnam Tele Shopee,"Shop No. 1, Near New Busstand Road, Godhra, Panchmahal - 389001, Near B. N Chamber",+(91)-9879565062
Shree Krishna Mobile Shop,"Shakti Nagar, Jafrabad Village, Dahod Road., Godhra, Panchmahal - 389001, Opposite Mahila Iti College,Near Soni Samaj Hall",+(91)-8866070739
Jay Narayan Mobile,"Narayan Nagar, Godhra Road, Halol GIDC, Panchmahal - 389350, Nr.Rinki",+(91)-8000014521
Dudheshwar Mobile,"28, National Plaza, Baroda Road, Halol, Panchmahal - 389350, Opp. Bus Stand",+(91)-9825710009
Shree Sahjanand Mobile,"Shree Ram Complex, Bus Stop Road, Godhra, Panchmahal - 389001, Opposite Pasu Davakhana",+(91)-9898636770
Jay Jalaram Mobile Shop,"Power House, Godhra, Panchmahal - 389001, Near Ganesh Bakery",+(91)-9427777770
Ganesh Mobile Shop,"Power House Road, Godhra, Panchmahal - 389001, Near Railway Crossing",+(91)-8780803232
Ganesh Mobile Shop,"Railway Crossing, Godhra, Panchmahal - 389001, Near Shahera Bhagol",+(91)-8780803232
Yashkhant Technovision,"Chhayan-1 Chhayan,Post-Godhar, Ta-Santrampur,Dist, Godhar, Panchmahal - 389230",+(91)-9723057789
Aadil Telecom,"Polan Bazar, Maulana Azad Road, Godhra, Panchmahal - 389001, Near Polan Bajar",+(91)-9824071698
Lucky Mobile Shop,"Govindram Ravlani Road, Godhra, Panchmahal - 389001, opp. Dr. Mankeni hospital",+(91)-9723441266
Om Communication,"Bamroli Road, Muktanand Society, Godhra, Panchmahal - 389001, Near Mahavirnagar Road",+(91)-9537603111
Divya Mobile & Computer Sho..,"Sant Road, Panchmahal - 389120",+(91)-9601365400
Sai Mobile & Electronic,"Raj Shopping Center, Bamroli Road, Godhra, Panchmahal - 389001, Near Rayanwadi",+(91)-7016519851
Rudrax Mobile,"Anandvihar Society, Prabha Road, Godhra, Panchmahal - 389001, Opposite B.V. Gandhi Petrolpump",+(91)-9712246256
Vinit Mobile Shop,"Civil Hospital Road, Godhra, Panchmahal - 389001, Opposite Indian Bank",+(91)-9898581925
Jay Ambe Mobile Accessories,"Power House, Bhurawav Road, Godhra, Panchmahal - 389001, Near Kusumvivek Nagar",+(91)-7878853777
Arihant Communication,"Saiwada Nava Bazaar, Jain Derasar Temple Road, Godhra, Panchmahal - 389001, Near Pdc Bank,",+(91)-9898493892
Kothamba Mobile Shop,"Kothamba, Panchmahal - 389220",+(91)-9727051984
Smart Mobile & Electronics,"Vitthalesh Complex Below Orthopedics, Lunawada, Lunawada, Panchmahal - 389230, Near Lynawada",+(91)-7698989821
Navkar Mobiles,"Pandya Fali, Gayatri Society, Lunawada, Panchmahal - 389230",+(91)-9825914115
Fancy Mobile,"Shop No 1, Nagar Palika Shopping Centre, Lunawada, Panchmahal - 389230, Near Bus Stend",+(91)-9879145040
A-One Mobile,"Nana Sutharwada, Polen School, Road, Lunawada, Panchmahal - 389230, Lunawada",+(91)-9725677068
Hira Mobile Shop,"Halol, Panchmahal - 389350",+(91)-9377077770
Amit Mobile,"Vitthalpura, Adarsh Society, Halol, Panchmahal - 389350",+(91)-9173105149
Birsa Munda Mobile,"Gj Sh 152, Ukhreli, Panchmahal - 389260",+(91)-8140421743
Om Sai Mobile,"Munpur, Munpur, Panchmahal - 389240",+(91)-9428029916
Padmavati Communication,"G 4, Mahavir Complex, Godhra, Panchmahal - 389001, Near Mahavir Jain Society",+(91)-9428545305
Gayatri Agency,"Station Road, Godhra, Panchmahal - 389001, Near Bank Of Baroda",+(91)-9879673952
The Hub Mobile,"25, Ranchodji Complex, Lunawada, Panchmahal - 389230, Near Varadhari Road",+(91)-9624777346
Gayatri Mobile Gallery,"Station Road, Godhra, Panchmahal - 389001, Besides Bank Of Baroda",+(91)-2672-254141
Hira Mobile,"Handan Chamber, Pavagadh Road, Halol, Panchmahal - 389350, Opp. Bus Stand",+(91)-9898011258
Jay Mataji Mobile,"Godhra, Panchmahal - 389001, Near St Depo",+(91)-9737227815
New Nasib Mobile,"Bus Station Road, Shehera, Panchmahal - 389210",+(91)-9898400510
Gaytri Krupa Mobiles,"Morva Hadaf, Panchmahal - 389115",+(91)-8238742147
Nakoda Sales & Electronic,"Moghawada, Pavagadh Road, Halol, Panchmahal - 389350, Near Citizens Bank",+(91)-9898633728
A To Z Mobile Shop,"Ground Floor, Velvet Cinema, Halol Godhra Road, Halol Gidc, Panchmahal - 389350, Opposite Balaji Cinema",+(91)-7600171290
Jaid Mobile Shop,"Baroda Road, Halol, Panchmahal - 389350, Besides Bus Stand, Opposite National Plaza",+(91)-8141876861
Jai Mata Di Communication,"3, Ground Floor, Platinum Plaza, Godhra, Panchmahal - 389001, Near St Bus Stand",+(91)-02672-252117
Dharamveer Mobile,"Ghoghamba, Rajgadh Road, Ghogamba, Panchmahal - 389365",+(91)-9979535456
Sahyog Mobile,"Kalol Panchmahal, Panchmahal - 389330",+(91)-9879171486
Maa Krupa Mobile Accessorie..,"Dhankawad, Panjrapole Road, Godhra, Godhra - 389001, Opposite Jay Julelal Fruit",+(91)-7600706016
Maa Aashapura Mobile Shop M..,"Gj Sh 152, Morva Hadaf, Panchmahal - 389115",+(91)-8980146905
Mobile World,"science college road, Godhra, Panchmahal - 389001, nr. Hanumanji temple",+(91)-9898334346
Vivo Exclusive Store,"Shop No 10, Opp Satyanarayn Temple, Godhara Road, Lunawada, Panchmahal - 389230, Near Ajay Sales",+(91)-9586480666
Balaji Mobile Shop,"Morva, Panchmahal - 389220",+(91)-9909803111
Shree Khodiyar Mobile,"Sonivad, Shehera, Panchmahal - 389210",+(91)-9825530630
Bhargavi Mobile,"Diwada, Panchmahal - 389250",+(91)-9099960491
Prince Communication ,"12/3, Gayatry Society, Anjuman Road, Bhagol, Shera, Godhra, Panchmahal - 389001",+(91)-8347526175
New mobile shop,"derol road, Kalol Panchmahal, Panchmahal - 389330, near. Majid",+(91)-9998145998
Sai Leela Mobile,"Morva Hadaf, Panchmahal - 389115",+(91)-8141584365
Pavan Mobile,"Dhankwad Panjrapole Road, Godhra, Panchmahal - 389001, Near Satguru complex",+(91)-9712777707
Pavan Mobile,"Gujarat, Charitrary Society, Kalal Darwaja, Godhra, Panchmahal - 389001",+(91)-8000470707
Pramukh Marketing,"Ghoghamba, Main Bazaar Road, Ghogamba, Panchmahal - 389365",+(91)-9925698598
Habib Telecom,"Shop No. 1, Polan Bazar, Godhra, Godhra - 389001, Near Indian Madical",+(91)-9714048759
Z Li Diya Mobile Shop Khanp..,"At Khanpur, Panchmahal - 389115",+(91)-9925462666
Jay Mataji Mobile Shop,"Ghoghamba, Panchmahal - 389365",+(91)-9898229055
Jigar Mobile,"Gj Sh 2a, Diwada, Diwada Colony, Panchmahal - 389250",+(91)-9712326362
Krishna Nx Exclusive Store,"Gangotri Complex, Godhra, Panchmahal - 389001, Near Jay Mataji Mobile Shop",+(91)-9537213174
Gauri Communication,"At Po Ta Dist Panchamahal Stat, Morva Hadaf, Panchmahal - 389115",+(91)-9913171301
Pavanputra Mobile,"Vaidhnath Bhagol Sahera, Panchmahal - 389120, Near Sindhi Chokdi",+(91)-9979653775
Shree kheteshwar mobile sho..,"gandhi chowk road, Halol, Panchmahal - 389350, behind SBI Bank",+(91)-8000030444
Shree Kheteshwar Mobile Sho..,"Alod, Ghadhi Chock Road, Panchmahal - 389350",+(91)-8000030444
Roshan Communication,"Gondra Chokdi, Baroda Highway, Godhra, Panchmahal - 389001, Godhra",+(91)-9898069051
Sai Mobile Shop,"Kaliavav, Vav, Panchmahal - 389390",+(91)-7573809002
Shree Raj Mobile Shop,"Govardhan Nagar , Part 1, Behind Fci Godown, Godhra, Panchmahal - 389001, Nr Satyaval Temple",+(91)-9722938585
Vijay Mobile Shop,"Shera Bhagol Road, Garden Road, Godhra, Panchmahal - 389001, Near Petrol Pump",+(91)-9033461143
Vishvakarma Mobile Zerox & ..,"Malvan Road, Movasa, Panchmahal - 389235",+(91)-8140848156
A R Xerox,"Near M.S.High School, Tank Road, Halol, Panchmahal - 389350, Opposite Station Road",+(91)-9825327677
Ambika Mobile,"House No.1033, Satyanarayan Shopping Complex, Khanpur Tehsil, Panchmahal District, Pandarwada, Pandaravada, Panchmahal - 389232",+(91)-9979646768
Satnam Tele Shopee,"Shop No. 1, Near New Busstand Road, Godhra, Panchmahal - 389001, Near B. N Chamber",+(91)-9879565062
Shree Krishna Mobile Shop,"Shakti Nagar, Jafrabad Village, Dahod Road., Godhra, Panchmahal - 389001, Opposite Mahila Iti College,Near Soni Samaj Hall",+(91)-8866070739
Jay Narayan Mobile,"Narayan Nagar, Godhra Road, Halol GIDC, Panchmahal - 389350, Nr.Rinki",+(91)-8000014521
Dudheshwar Mobile,"28, National Plaza, Baroda Road, Halol, Panchmahal - 389350, Opp. Bus Stand",+(91)-9825710009
Shree Sahjanand Mobile,"Shree Ram Complex, Bus Stop Road, Godhra, Panchmahal - 389001, Opposite Pasu Davakhana",+(91)-9898636770
Jay Jalaram Mobile Shop,"Power House, Godhra, Panchmahal - 389001, Near Ganesh Bakery",+(91)-9427777770
Ganesh Mobile Shop,"Power House Road, Godhra, Panchmahal - 389001, Near Railway Crossing",+(91)-8780803232
Ganesh Mobile Shop,"Railway Crossing, Godhra, Panchmahal - 389001, Near Shahera Bhagol",+(91)-8780803232
Yashkhant Technovision,"Chhayan-1 Chhayan,Post-Godhar, Ta-Santrampur,Dist, Godhar, Panchmahal - 389230",+(91)-9723057789
Aadil Telecom,"Polan Bazar, Maulana Azad Road, Godhra, Panchmahal - 389001, Near Polan Bajar",+(91)-9824071698
Lucky Mobile Shop,"Govindram Ravlani Road, Godhra, Panchmahal - 389001, opp. Dr. Mankeni hospital",+(91)-9723441266
Om Communication,"Bamroli Road, Muktanand Society, Godhra, Panchmahal - 389001, Near Mahavirnagar Road",+(91)-9537603111
Divya Mobile & Computer Sho..,"Sant Road, Panchmahal - 389120",+(91)-9601365400
Sai Mobile & Electronic,"Raj Shopping Center, Bamroli Road, Godhra, Panchmahal - 389001, Near Rayanwadi",+(91)-7016519851
Rudrax Mobile,"Anandvihar Society, Prabha Road, Godhra, Panchmahal - 389001, Opposite B.V. Gandhi Petrolpump",+(91)-9712246256
Vinit Mobile Shop,"Civil Hospital Road, Godhra, Panchmahal - 389001, Opposite Indian Bank",+(91)-9898581925
Jay Ambe Mobile Accessories,"Power House, Bhurawav Road, Godhra, Panchmahal - 389001, Near Kusumvivek Nagar",+(91)-7878853777
Arihant Communication,"Saiwada Nava Bazaar, Jain Derasar Temple Road, Godhra, Panchmahal - 389001, Near Pdc Bank,",+(91)-9898493892
Kothamba Mobile Shop,"Kothamba, Panchmahal - 389220",+(91)-9727051984
Smart Mobile & Electronics,"Vitthalesh Complex Below Orthopedics, Lunawada, Lunawada, Panchmahal - 389230, Near Lynawada",+(91)-7698989821
Navkar Mobiles,"Pandya Fali, Gayatri Society, Lunawada, Panchmahal - 389230",+(91)-9825914115
Fancy Mobile,"Shop No 1, Nagar Palika Shopping Centre, Lunawada, Panchmahal - 389230, Near Bus Stend",+(91)-9879145040
A-One Mobile,"Nana Sutharwada, Polen School, Road, Lunawada, Panchmahal - 389230, Lunawada",+(91)-9725677068
Hira Mobile Shop,"Halol, Panchmahal - 389350",+(91)-9377077770
Amit Mobile,"Vitthalpura, Adarsh Society, Halol, Panchmahal - 389350",+(91)-9173105149
Birsa Munda Mobile,"Gj Sh 152, Ukhreli, Panchmahal - 389260",+(91)-8140421743
Om Sai Mobile,"Munpur, Munpur, Panchmahal - 389240",+(91)-9428029916
Padmavati Communication,"G 4, Mahavir Complex, Godhra, Panchmahal - 389001, Near Mahavir Jain Society",+(91)-9428545305
Gayatri Agency,"Station Road, Godhra, Panchmahal - 389001, Near Bank Of Baroda",+(91)-9879673952
The Hub Mobile,"25, Ranchodji Complex, Lunawada, Panchmahal - 389230, Near Varadhari Road",+(91)-9624777346
Gayatri Mobile Gallery,"Station Road, Godhra, Panchmahal - 389001, Besides Bank Of Baroda",+(91)-2672-254141
Hira Mobile,"Handan Chamber, Pavagadh Road, Halol, Panchmahal - 389350, Opp. Bus Stand",+(91)-9898011258
Jay Mataji Mobile,"Godhra, Panchmahal - 389001, Near St Depo",+(91)-9737227815
New Nasib Mobile,"Bus Station Road, Shehera, Panchmahal - 389210",+(91)-9898400510
Gaytri Krupa Mobiles,"Morva Hadaf, Panchmahal - 389115",+(91)-8238742147
Nakoda Sales & Electronic,"Moghawada, Pavagadh Road, Halol, Panchmahal - 389350, Near Citizens Bank",+(91)-9898633728
A To Z Mobile Shop,"Ground Floor, Velvet Cinema, Halol Godhra Road, Halol Gidc, Panchmahal - 389350, Opposite Balaji Cinema",+(91)-7600171290
Jaid Mobile Shop,"Baroda Road, Halol, Panchmahal - 389350, Besides Bus Stand, Opposite National Plaza",+(91)-8141876861
Jai Mata Di Communication,"3, Ground Floor, Platinum Plaza, Godhra, Panchmahal - 389001, Near St Bus Stand",+(91)-02672-252117
Dharamveer Mobile,"Ghoghamba, Rajgadh Road, Ghogamba, Panchmahal - 389365",+(91)-9979535456
Sahyog Mobile,"Kalol Panchmahal, Panchmahal - 389330",+(91)-9879171486
Maa Krupa Mobile Accessorie..,"Dhankawad, Panjrapole Road, Godhra, Godhra - 389001, Opposite Jay Julelal Fruit",+(91)-7600706016
Pavan Mobile,"Gujarat, Charitrary Society, Kalal Darwaja, Godhra, Panchmahal - 389001",+(91)-8000470707
Pramukh Marketing,"Ghoghamba, Main Bazaar Road, Ghogamba, Panchmahal - 389365",+(91)-9925698598
Habib Telecom,"Shop No. 1, Polan Bazar, Godhra, Godhra - 389001, Near Indian Madical",+(91)-9714048759
Z Li Diya Mobile Shop Khanp..,"At Khanpur, Panchmahal - 389115",+(91)-9925462666
Jay Mataji Mobile Shop,"Ghoghamba, Panchmahal - 389365",+(91)-9898229055
Jigar Mobile,"Gj Sh 2a, Diwada, Diwada Colony, Panchmahal - 389250",+(91)-9712326362
Krishna Nx Exclusive Store,"Gangotri Complex, Godhra, Panchmahal - 389001, Near Jay Mataji Mobile Shop",+(91)-9537213174
Gauri Communication,"At Po Ta Dist Panchamahal Stat, Morva Hadaf, Panchmahal - 389115",+(91)-9913171301
Pavanputra Mobile,"Vaidhnath Bhagol Sahera, Panchmahal - 389120, Near Sindhi Chokdi",+(91)-9979653775
Shree kheteshwar mobile sho..,"gandhi chowk road, Halol, Panchmahal - 389350, behind SBI Bank",+(91)-8000030444
Shree Kheteshwar Mobile Sho..,"Alod, Ghadhi Chock Road, Panchmahal - 389350",+(91)-8000030444
Roshan Communication,"Gondra Chokdi, Baroda Highway, Godhra, Panchmahal - 389001, Godhra",+(91)-9898069051
Sai Mobile Shop,"Kaliavav, Vav, Panchmahal - 389390",+(91)-7573809002
Shree Raj Mobile Shop,"Govardhan Nagar , Part 1, Behind Fci Godown, Godhra, Panchmahal - 389001, Nr Satyaval Temple",+(91)-9722938585
Vijay Mobile Shop,"Shera Bhagol Road, Garden Road, Godhra, Panchmahal - 389001, Near Petrol Pump",+(91)-9033461143
Vishvakarma Mobile Zerox & ..,"Malvan Road, Movasa, Panchmahal - 389235",+(91)-8140848156
A R Xerox,"Near M.S.High School, Tank Road, Halol, Panchmahal - 389350, Opposite Station Road",+(91)-9825327677
Ambika Mobile,"House No.1033, Satyanarayan Shopping Complex, Khanpur Tehsil, Panchmahal District, Pandarwada, Pandaravada, Panchmahal - 389232",+(91)-9979646768
Satnam Tele Shopee,"Shop No. 1, Near New Busstand Road, Godhra, Panchmahal - 389001, Near B. N Chamber",+(91)-9879565062
Shree Krishna Mobile Shop,"Shakti Nagar, Jafrabad Village, Dahod Road., Godhra, Panchmahal - 389001, Opposite Mahila Iti College,Near Soni Samaj Hall",+(91)-8866070739
Jay Narayan Mobile,"Narayan Nagar, Godhra Road, Halol GIDC, Panchmahal - 389350, Nr.Rinki",+(91)-8000014521
Dudheshwar Mobile,"28, National Plaza, Baroda Road, Halol, Panchmahal - 389350, Opp. Bus Stand",+(91)-9825710009
Shree Sahjanand Mobile,"Shree Ram Complex, Bus Stop Road, Godhra, Panchmahal - 389001, Opposite Pasu Davakhana",+(91)-9898636770
Jay Jalaram Mobile Shop,"Power House, Godhra, Panchmahal - 389001, Near Ganesh Bakery",+(91)-9427777770
Ganesh Mobile Shop,"Power House Road, Godhra, Panchmahal - 389001, Near Railway Crossing",+(91)-8780803232
Ganesh Mobile Shop,"Railway Crossing, Godhra, Panchmahal - 389001, Near Shahera Bhagol",+(91)-8780803232
Yashkhant Technovision,"Chhayan-1 Chhayan,Post-Godhar, Ta-Santrampur,Dist, Godhar, Panchmahal - 389230",+(91)-9723057789
Aadil Telecom,"Polan Bazar, Maulana Azad Road, Godhra, Panchmahal - 389001, Near Polan Bajar",+(91)-9824071698
Lucky Mobile Shop,"Govindram Ravlani Road, Godhra, Panchmahal - 389001, opp. Dr. Mankeni hospital",+(91)-9723441266
Om Communication,"Bamroli Road, Muktanand Society, Godhra, Panchmahal - 389001, Near Mahavirnagar Road",+(91)-9537603111
Divya Mobile & Computer Sho..,"Sant Road, Panchmahal - 389120",+(91)-9601365400
Sai Mobile & Electronic,"Raj Shopping Center, Bamroli Road, Godhra, Panchmahal - 389001, Near Rayanwadi",+(91)-7016519851
Rudrax Mobile,"Anandvihar Society, Prabha Road, Godhra, Panchmahal - 389001, Opposite B.V. Gandhi Petrolpump",+(91)-9712246256
Vinit Mobile Shop,"Civil Hospital Road, Godhra, Panchmahal - 389001, Opposite Indian Bank",+(91)-9898581925
Jay Ambe Mobile Accessories,"Power House, Bhurawav Road, Godhra, Panchmahal - 389001, Near Kusumvivek Nagar",+(91)-7878853777
Arihant Communication,"Saiwada Nava Bazaar, Jain Derasar Temple Road, Godhra, Panchmahal - 389001, Near Pdc Bank,",+(91)-9898493892
Kothamba Mobile Shop,"Kothamba, Panchmahal - 389220",+(91)-9727051984
Smart Mobile & Electronics,"Vitthalesh Complex Below Orthopedics, Lunawada, Lunawada, Panchmahal - 389230, Near Lynawada",+(91)-7698989821
Navkar Mobiles,"Pandya Fali, Gayatri Society, Lunawada, Panchmahal - 389230",+(91)-9825914115
Fancy Mobile,"Shop No 1, Nagar Palika Shopping Centre, Lunawada, Panchmahal - 389230, Near Bus Stend",+(91)-9879145040
A-One Mobile,"Nana Sutharwada, Polen School, Road, Lunawada, Panchmahal - 389230, Lunawada",+(91)-9725677068
Hira Mobile Shop,"Halol, Panchmahal - 389350",+(91)-9377077770
Amit Mobile,"Vitthalpura, Adarsh Society, Halol, Panchmahal - 389350",+(91)-9173105149
Birsa Munda Mobile,"Gj Sh 152, Ukhreli, Panchmahal - 389260",+(91)-8140421743
Om Sai Mobile,"Munpur, Munpur, Panchmahal - 389240",+(91)-9428029916
Padmavati Communication,"G 4, Mahavir Complex, Godhra, Panchmahal - 389001, Near Mahavir Jain Society",+(91)-9428545305
Gayatri Agency,"Station Road, Godhra, Panchmahal - 389001, Near Bank Of Baroda",+(91)-9879673952
The Hub Mobile,"25, Ranchodji Complex, Lunawada, Panchmahal - 389230, Near Varadhari Road",+(91)-9624777346
Gayatri Mobile Gallery,"Station Road, Godhra, Panchmahal - 389001, Besides Bank Of Baroda",+(91)-2672-254141
Hira Mobile,"Handan Chamber, Pavagadh Road, Halol, Panchmahal - 389350, Opp. Bus Stand",+(91)-9898011258
Jay Mataji Mobile,"Godhra, Panchmahal - 389001, Near St Depo",+(91)-9737227815
New Nasib Mobile,"Bus Station Road, Shehera, Panchmahal - 389210",+(91)-9898400510
Gaytri Krupa Mobiles,"Morva Hadaf, Panchmahal - 389115",+(91)-8238742147
Nakoda Sales & Electronic,"Moghawada, Pavagadh Road, Halol, Panchmahal - 389350, Near Citizens Bank",+(91)-9898633728
A To Z Mobile Shop,"Ground Floor, Velvet Cinema, Halol Godhra Road, Halol Gidc, Panchmahal - 389350, Opposite Balaji Cinema",+(91)-7600171290
Jaid Mobile Shop,"Baroda Road, Halol, Panchmahal - 389350, Besides Bus Stand, Opposite National Plaza",+(91)-8141876861
Jai Mata Di Communication,"3, Ground Floor, Platinum Plaza, Godhra, Panchmahal - 389001, Near St Bus Stand",+(91)-02672-252117
Dharamveer Mobile,"Ghoghamba, Rajgadh Road, Ghogamba, Panchmahal - 389365",+(91)-9979535456
Sahyog Mobile,"Kalol Panchmahal, Panchmahal - 389330",+(91)-9879171486
Maa Krupa Mobile Accessorie..,"Dhankawad, Panjrapole Road, Godhra, Godhra - 389001, Opposite Jay Julelal Fruit",+(91)-7600706016
Shree Kheteshwar Mobile Sho..,"Alod, Ghadhi Chock Road, Panchmahal - 389350",+(91)-8000030444
Roshan Communication,"Gondra Chokdi, Baroda Highway, Godhra, Panchmahal - 389001, Godhra",+(91)-9898069051
Sai Mobile Shop,"Kaliavav, Vav, Panchmahal - 389390",+(91)-7573809002
Shree Raj Mobile Shop,"Govardhan Nagar , Part 1, Behind Fci Godown, Godhra, Panchmahal - 389001, Nr Satyaval Temple",+(91)-9722938585
Vijay Mobile Shop,"Shera Bhagol Road, Garden Road, Godhra, Panchmahal - 389001, Near Petrol Pump",+(91)-9033461143
Vishvakarma Mobile Zerox & ..,"Malvan Road, Movasa, Panchmahal - 389235",+(91)-8140848156
A R Xerox,"Near M.S.High School, Tank Road, Halol, Panchmahal - 389350, Opposite Station Road",+(91)-9825327677
Ambika Mobile,"House No.1033, Satyanarayan Shopping Complex, Khanpur Tehsil, Panchmahal District, Pandarwada, Pandaravada, Panchmahal - 389232",+(91)-9979646768
Satnam Tele Shopee,"Shop No. 1, Near New Busstand Road, Godhra, Panchmahal - 389001, Near B. N Chamber",+(91)-9879565062
Shree Krishna Mobile Shop,"Shakti Nagar, Jafrabad Village, Dahod Road., Godhra, Panchmahal - 389001, Opposite Mahila Iti College,Near Soni Samaj Hall",+(91)-8866070739
Jay Narayan Mobile,"Narayan Nagar, Godhra Road, Halol GIDC, Panchmahal - 389350, Nr.Rinki",+(91)-8000014521
Dudheshwar Mobile,"28, National Plaza, Baroda Road, Halol, Panchmahal - 389350, Opp. Bus Stand",+(91)-9825710009
Shree Sahjanand Mobile,"Shree Ram Complex, Bus Stop Road, Godhra, Panchmahal - 389001, Opposite Pasu Davakhana",+(91)-9898636770
Jay Jalaram Mobile Shop,"Power House, Godhra, Panchmahal - 389001, Near Ganesh Bakery",+(91)-9427777770
Ganesh Mobile Shop,"Power House Road, Godhra, Panchmahal - 389001, Near Railway Crossing",+(91)-8780803232
Ganesh Mobile Shop,"Railway Crossing, Godhra, Panchmahal - 389001, Near Shahera Bhagol",+(91)-8780803232
Yashkhant Technovision,"Chhayan-1 Chhayan,Post-Godhar, Ta-Santrampur,Dist, Godhar, Panchmahal - 389230",+(91)-9723057789
Aadil Telecom,"Polan Bazar, Maulana Azad Road, Godhra, Panchmahal - 389001, Near Polan Bajar",+(91)-9824071698
Lucky Mobile Shop,"Govindram Ravlani Road, Godhra, Panchmahal - 389001, opp. Dr. Mankeni hospital",+(91)-9723441266
Om Communication,"Bamroli Road, Muktanand Society, Godhra, Panchmahal - 389001, Near Mahavirnagar Road",+(91)-9537603111
Divya Mobile & Computer Sho..,"Sant Road, Panchmahal - 389120",+(91)-9601365400
Sai Mobile & Electronic,"Raj Shopping Center, Bamroli Road, Godhra, Panchmahal - 389001, Near Rayanwadi",+(91)-7016519851
Rudrax Mobile,"Anandvihar Society, Prabha Road, Godhra, Panchmahal - 389001, Opposite B.V. Gandhi Petrolpump",+(91)-9712246256
Vinit Mobile Shop,"Civil Hospital Road, Godhra, Panchmahal - 389001, Opposite Indian Bank",+(91)-9898581925
Jay Ambe Mobile Accessories,"Power House, Bhurawav Road, Godhra, Panchmahal - 389001, Near Kusumvivek Nagar",+(91)-7878853777
Arihant Communication,"Saiwada Nava Bazaar, Jain Derasar Temple Road, Godhra, Panchmahal - 389001, Near Pdc Bank,",+(91)-9898493892
Kothamba Mobile Shop,"Kothamba, Panchmahal - 389220",+(91)-9727051984
Smart Mobile & Electronics,"Vitthalesh Complex Below Orthopedics, Lunawada, Lunawada, Panchmahal - 389230, Near Lynawada",+(91)-7698989821
Navkar Mobiles,"Pandya Fali, Gayatri Society, Lunawada, Panchmahal - 389230",+(91)-9825914115
Fancy Mobile,"Shop No 1, Nagar Palika Shopping Centre, Lunawada, Panchmahal - 389230, Near Bus Stend",+(91)-9879145040
A-One Mobile,"Nana Sutharwada, Polen School, Road, Lunawada, Panchmahal - 389230, Lunawada",+(91)-9725677068
Hira Mobile Shop,"Halol, Panchmahal - 389350",+(91)-9377077770
Amit Mobile,"Vitthalpura, Adarsh Society, Halol, Panchmahal - 389350",+(91)-9173105149
Birsa Munda Mobile,"Gj Sh 152, Ukhreli, Panchmahal - 389260",+(91)-8140421743
Om Sai Mobile,"Munpur, Munpur, Panchmahal - 389240",+(91)-9428029916
Padmavati Communication,"G 4, Mahavir Complex, Godhra, Panchmahal - 389001, Near Mahavir Jain Society",+(91)-9428545305
Gayatri Agency,"Station Road, Godhra, Panchmahal - 389001, Near Bank Of Baroda",+(91)-9879673952
The Hub Mobile,"25, Ranchodji Complex, Lunawada, Panchmahal - 389230, Near Varadhari Road",+(91)-9624777346
Gayatri Mobile Gallery,"Station Road, Godhra, Panchmahal - 389001, Besides Bank Of Baroda",+(91)-2672-254141
Hira Mobile,"Handan Chamber, Pavagadh Road, Halol, Panchmahal - 389350, Opp. Bus Stand",+(91)-9898011258
Jay Mataji Mobile,"Godhra, Panchmahal - 389001, Near St Depo",+(91)-9737227815
New Nasib Mobile,"Bus Station Road, Shehera, Panchmahal - 389210",+(91)-9898400510
Gaytri Krupa Mobiles,"Morva Hadaf, Panchmahal - 389115",+(91)-8238742147
Nakoda Sales & Electronic,"Moghawada, Pavagadh Road, Halol, Panchmahal - 389350, Near Citizens Bank",+(91)-9898633728
A To Z Mobile Shop,"Ground Floor, Velvet Cinema, Halol Godhra Road, Halol Gidc, Panchmahal - 389350, Opposite Balaji Cinema",+(91)-7600171290
Jaid Mobile Shop,"Baroda Road, Halol, Panchmahal - 389350, Besides Bus Stand, Opposite National Plaza",+(91)-8141876861
Jai Mata Di Communication,"3, Ground Floor, Platinum Plaza, Godhra, Panchmahal - 389001, Near St Bus Stand",+(91)-02672-252117
Dharamveer Mobile,"Ghoghamba, Rajgadh Road, Ghogamba, Panchmahal - 389365",+(91)-9979535456
Sahyog Mobile,"Kalol Panchmahal, Panchmahal - 389330",+(91)-9879171486
Maa Krupa Mobile Accessorie..,"Dhankawad, Panjrapole Road, Godhra, Godhra - 389001, Opposite Jay Julelal Fruit",+(91)-7600706016
Jay Narayan Mobile,"Narayan Nagar, Godhra Road, Halol GIDC, Panchmahal - 389350, Nr.Rinki",+(91)-8000014521
Dudheshwar Mobile,"28, National Plaza, Baroda Road, Halol, Panchmahal - 389350, Opp. Bus Stand",+(91)-9825710009
Shree Sahjanand Mobile,"Shree Ram Complex, Bus Stop Road, Godhra, Panchmahal - 389001, Opposite Pasu Davakhana",+(91)-9898636770
Jay Jalaram Mobile Shop,"Power House, Godhra, Panchmahal - 389001, Near Ganesh Bakery",+(91)-9427777770
Ganesh Mobile Shop,"Power House Road, Godhra, Panchmahal - 389001, Near Railway Crossing",+(91)-8780803232
Ganesh Mobile Shop,"Railway Crossing, Godhra, Panchmahal - 389001, Near Shahera Bhagol",+(91)-8780803232
Yashkhant Technovision,"Chhayan-1 Chhayan,Post-Godhar, Ta-Santrampur,Dist, Godhar, Panchmahal - 389230",+(91)-9723057789
Aadil Telecom,"Polan Bazar, Maulana Azad Road, Godhra, Panchmahal - 389001, Near Polan Bajar",+(91)-9824071698
Lucky Mobile Shop,"Govindram Ravlani Road, Godhra, Panchmahal - 389001, opp. Dr. Mankeni hospital",+(91)-9723441266
Om Communication,"Bamroli Road, Muktanand Society, Godhra, Panchmahal - 389001, Near Mahavirnagar Road",+(91)-9537603111
Divya Mobile & Computer Sho..,"Sant Road, Panchmahal - 389120",+(91)-9601365400
Sai Mobile & Electronic,"Raj Shopping Center, Bamroli Road, Godhra, Panchmahal - 389001, Near Rayanwadi",+(91)-7016519851
Rudrax Mobile,"Anandvihar Society, Prabha Road, Godhra, Panchmahal - 389001, Opposite B.V. Gandhi Petrolpump",+(91)-9712246256
Vinit Mobile Shop,"Civil Hospital Road, Godhra, Panchmahal - 389001, Opposite Indian Bank",+(91)-9898581925
Jay Ambe Mobile Accessories,"Power House, Bhurawav Road, Godhra, Panchmahal - 389001, Near Kusumvivek Nagar",+(91)-7878853777
Arihant Communication,"Saiwada Nava Bazaar, Jain Derasar Temple Road, Godhra, Panchmahal - 389001, Near Pdc Bank,",+(91)-9898493892
Kothamba Mobile Shop,"Kothamba, Panchmahal - 389220",+(91)-9727051984
Smart Mobile & Electronics,"Vitthalesh Complex Below Orthopedics, Lunawada, Lunawada, Panchmahal - 389230, Near Lynawada",+(91)-7698989821
Navkar Mobiles,"Pandya Fali, Gayatri Society, Lunawada, Panchmahal - 389230",+(91)-9825914115
Fancy Mobile,"Shop No 1, Nagar Palika Shopping Centre, Lunawada, Panchmahal - 389230, Near Bus Stend",+(91)-9879145040
A-One Mobile,"Nana Sutharwada, Polen School, Road, Lunawada, Panchmahal - 389230, Lunawada",+(91)-9725677068
Hira Mobile Shop,"Halol, Panchmahal - 389350",+(91)-9377077770
Amit Mobile,"Vitthalpura, Adarsh Society, Halol, Panchmahal - 389350",+(91)-9173105149
Birsa Munda Mobile,"Gj Sh 152, Ukhreli, Panchmahal - 389260",+(91)-8140421743
Om Sai Mobile,"Munpur, Munpur, Panchmahal - 389240",+(91)-9428029916
Padmavati Communication,"G 4, Mahavir Complex, Godhra, Panchmahal - 389001, Near Mahavir Jain Society",+(91)-9428545305
Gayatri Agency,"Station Road, Godhra, Panchmahal - 389001, Near Bank Of Baroda",+(91)-9879673952
The Hub Mobile,"25, Ranchodji Complex, Lunawada, Panchmahal - 389230, Near Varadhari Road",+(91)-9624777346
Gayatri Mobile Gallery,"Station Road, Godhra, Panchmahal - 389001, Besides Bank Of Baroda",+(91)-2672-254141
Hira Mobile,"Handan Chamber, Pavagadh Road, Halol, Panchmahal - 389350, Opp. Bus Stand",+(91)-9898011258
Jay Mataji Mobile,"Godhra, Panchmahal - 389001, Near St Depo",+(91)-9737227815
New Nasib Mobile,"Bus Station Road, Shehera, Panchmahal - 389210",+(91)-9898400510
Gaytri Krupa Mobiles,"Morva Hadaf, Panchmahal - 389115",+(91)-8238742147
Nakoda Sales & Electronic,"Moghawada, Pavagadh Road, Halol, Panchmahal - 389350, Near Citizens Bank",+(91)-9898633728
A To Z Mobile Shop,"Ground Floor, Velvet Cinema, Halol Godhra Road, Halol Gidc, Panchmahal - 389350, Opposite Balaji Cinema",+(91)-7600171290
Jaid Mobile Shop,"Baroda Road, Halol, Panchmahal - 389350, Besides Bus Stand, Opposite National Plaza",+(91)-8141876861
Jai Mata Di Communication,"3, Ground Floor, Platinum Plaza, Godhra, Panchmahal - 389001, Near St Bus Stand",+(91)-02672-252117
Dharamveer Mobile,"Ghoghamba, Rajgadh Road, Ghogamba, Panchmahal - 389365",+(91)-9979535456
Sahyog Mobile,"Kalol Panchmahal, Panchmahal - 389330",+(91)-9879171486
Maa Krupa Mobile Accessorie..,"Dhankawad, Panjrapole Road, Godhra, Godhra - 389001, Opposite Jay Julelal Fruit",+(91)-7600706016
Divya Mobile & Computer Sho..,"Sant Road, Panchmahal - 389120",+(91)-9601365400
Sai Mobile & Electronic,"Raj Shopping Center, Bamroli Road, Godhra, Panchmahal - 389001, Near Rayanwadi",+(91)-7016519851
Rudrax Mobile,"Anandvihar Society, Prabha Road, Godhra, Panchmahal - 389001, Opposite B.V. Gandhi Petrolpump",+(91)-9712246256
Vinit Mobile Shop,"Civil Hospital Road, Godhra, Panchmahal - 389001, Opposite Indian Bank",+(91)-9898581925
Jay Ambe Mobile Accessories,"Power House, Bhurawav Road, Godhra, Panchmahal - 389001, Near Kusumvivek Nagar",+(91)-7878853777
Arihant Communication,"Saiwada Nava Bazaar, Jain Derasar Temple Road, Godhra, Panchmahal - 389001, Near Pdc Bank,",+(91)-9898493892
Kothamba Mobile Shop,"Kothamba, Panchmahal - 389220",+(91)-9727051984
Smart Mobile & Electronics,"Vitthalesh Complex Below Orthopedics, Lunawada, Lunawada, Panchmahal - 389230, Near Lynawada",+(91)-7698989821
Navkar Mobiles,"Pandya Fali, Gayatri Society, Lunawada, Panchmahal - 389230",+(91)-9825914115
Fancy Mobile,"Shop No 1, Nagar Palika Shopping Centre, Lunawada, Panchmahal - 389230, Near Bus Stend",+(91)-9879145040
A-One Mobile,"Nana Sutharwada, Polen School, Road, Lunawada, Panchmahal - 389230, Lunawada",+(91)-9725677068
Hira Mobile Shop,"Halol, Panchmahal - 389350",+(91)-9377077770
Amit Mobile,"Vitthalpura, Adarsh Society, Halol, Panchmahal - 389350",+(91)-9173105149
Birsa Munda Mobile,"Gj Sh 152, Ukhreli, Panchmahal - 389260",+(91)-8140421743
Om Sai Mobile,"Munpur, Munpur, Panchmahal - 389240",+(91)-9428029916
Padmavati Communication,"G 4, Mahavir Complex, Godhra, Panchmahal - 389001, Near Mahavir Jain Society",+(91)-9428545305
Gayatri Agency,"Station Road, Godhra, Panchmahal - 389001, Near Bank Of Baroda",+(91)-9879673952
The Hub Mobile,"25, Ranchodji Complex, Lunawada, Panchmahal - 389230, Near Varadhari Road",+(91)-9624777346
Gayatri Mobile Gallery,"Station Road, Godhra, Panchmahal - 389001, Besides Bank Of Baroda",+(91)-2672-254141
Hira Mobile,"Handan Chamber, Pavagadh Road, Halol, Panchmahal - 389350, Opp. Bus Stand",+(91)-9898011258
Jay Mataji Mobile,"Godhra, Panchmahal - 389001, Near St Depo",+(91)-9737227815
New Nasib Mobile,"Bus Station Road, Shehera, Panchmahal - 389210",+(91)-9898400510
Gaytri Krupa Mobiles,"Morva Hadaf, Panchmahal - 389115",+(91)-8238742147
Nakoda Sales & Electronic,"Moghawada, Pavagadh Road, Halol, Panchmahal - 389350, Near Citizens Bank",+(91)-9898633728
A To Z Mobile Shop,"Ground Floor, Velvet Cinema, Halol Godhra Road, Halol Gidc, Panchmahal - 389350, Opposite Balaji Cinema",+(91)-7600171290
Jaid Mobile Shop,"Baroda Road, Halol, Panchmahal - 389350, Besides Bus Stand, Opposite National Plaza",+(91)-8141876861
Jai Mata Di Communication,"3, Ground Floor, Platinum Plaza, Godhra, Panchmahal - 389001, Near St Bus Stand",+(91)-02672-252117
Dharamveer Mobile,"Ghoghamba, Rajgadh Road, Ghogamba, Panchmahal - 389365",+(91)-9979535456
Sahyog Mobile,"Kalol Panchmahal, Panchmahal - 389330",+(91)-9879171486
Maa Krupa Mobile Accessorie..,"Dhankawad, Panjrapole Road, Godhra, Godhra - 389001, Opposite Jay Julelal Fruit",+(91)-7600706016
A-One Mobile,"Nana Sutharwada, Polen School, Road, Lunawada, Panchmahal - 389230, Lunawada",+(91)-9725677068
Hira Mobile Shop,"Halol, Panchmahal - 389350",+(91)-9377077770
Amit Mobile,"Vitthalpura, Adarsh Society, Halol, Panchmahal - 389350",+(91)-9173105149
Birsa Munda Mobile,"Gj Sh 152, Ukhreli, Panchmahal - 389260",+(91)-8140421743
Om Sai Mobile,"Munpur, Munpur, Panchmahal - 389240",+(91)-9428029916
Padmavati Communication,"G 4, Mahavir Complex, Godhra, Panchmahal - 389001, Near Mahavir Jain Society",+(91)-9428545305
Gayatri Agency,"Station Road, Godhra, Panchmahal - 389001, Near Bank Of Baroda",+(91)-9879673952
The Hub Mobile,"25, Ranchodji Complex, Lunawada, Panchmahal - 389230, Near Varadhari Road",+(91)-9624777346
Gayatri Mobile Gallery,"Station Road, Godhra, Panchmahal - 389001, Besides Bank Of Baroda",+(91)-2672-254141
Hira Mobile,"Handan Chamber, Pavagadh Road, Halol, Panchmahal - 389350, Opp. Bus Stand",+(91)-9898011258
Jay Mataji Mobile,"Godhra, Panchmahal - 389001, Near St Depo",+(91)-9737227815
New Nasib Mobile,"Bus Station Road, Shehera, Panchmahal - 389210",+(91)-9898400510
Gaytri Krupa Mobiles,"Morva Hadaf, Panchmahal - 389115",+(91)-8238742147
Nakoda Sales & Electronic,"Moghawada, Pavagadh Road, Halol, Panchmahal - 389350, Near Citizens Bank",+(91)-9898633728
A To Z Mobile Shop,"Ground Floor, Velvet Cinema, Halol Godhra Road, Halol Gidc, Panchmahal - 389350, Opposite Balaji Cinema",+(91)-7600171290
Jaid Mobile Shop,"Baroda Road, Halol, Panchmahal - 389350, Besides Bus Stand, Opposite National Plaza",+(91)-8141876861
Jai Mata Di Communication,"3, Ground Floor, Platinum Plaza, Godhra, Panchmahal - 389001, Near St Bus Stand",+(91)-02672-252117
Dharamveer Mobile,"Ghoghamba, Rajgadh Road, Ghogamba, Panchmahal - 389365",+(91)-9979535456
Sahyog Mobile,"Kalol Panchmahal, Panchmahal - 389330",+(91)-9879171486
Maa Krupa Mobile Accessorie..,"Dhankawad, Panjrapole Road, Godhra, Godhra - 389001, Opposite Jay Julelal Fruit",+(91)-7600706016
Jay Mataji Mobile,"Godhra, Panchmahal - 389001, Near St Depo",+(91)-9737227815
New Nasib Mobile,"Bus Station Road, Shehera, Panchmahal - 389210",+(91)-9898400510
Gaytri Krupa Mobiles,"Morva Hadaf, Panchmahal - 389115",+(91)-8238742147
Nakoda Sales & Electronic,"Moghawada, Pavagadh Road, Halol, Panchmahal - 389350, Near Citizens Bank",+(91)-9898633728
A To Z Mobile Shop,"Ground Floor, Velvet Cinema, Halol Godhra Road, Halol Gidc, Panchmahal - 389350, Opposite Balaji Cinema",+(91)-7600171290
Jaid Mobile Shop,"Baroda Road, Halol, Panchmahal - 389350, Besides Bus Stand, Opposite National Plaza",+(91)-8141876861
Jai Mata Di Communication,"3, Ground Floor, Platinum Plaza, Godhra, Panchmahal - 389001, Near St Bus Stand",+(91)-02672-252117
Dharamveer Mobile,"Ghoghamba, Rajgadh Road, Ghogamba, Panchmahal - 389365",+(91)-9979535456
Sahyog Mobile,"Kalol Panchmahal, Panchmahal - 389330",+(91)-9879171486
Maa Krupa Mobile Accessorie..,"Dhankawad, Panjrapole Road, Godhra, Godhra - 389001, Opposite Jay Julelal Fruit",+(91)-7600706016
Faizan Mobile,"Godhra, Panchmahal - 389001, Polan Bazaar",+(91)-9714499909
Ma khodiyar mobile,"29, national plaza, baroda road, Halol, Panchmahal - 389350, opp. Bus stand",+(91)-9979769369
Jio Store,"Shop No G/6, Guruprasad Complex, Chitra Road, Godhra, Godhra - 389001",+(91)-02672-240333
Sonali Telecom,"B/2 Umesh Darshan Complex, Dahod Road, Godhra, Panchmahal - 389001, Near Prabha Road",+(91)-9898394821
Jiya mobile shop,"sapa road, Godhra, Panchmahal - 389001, nr. F.C.I. Godown",+(91)-8460410098
Sundheshwari Mobile And Ele..,"Ankleshwar Mahadev Road, Godhra, Panchmahal - 389001, Near Science Collage Road",+(91)-7878137777
Jayshree Mobile Shop & Elec..,"Ankleshwar Mahadev Road, Godhra, Panchmahal - 389001, Near. Nilkanth provision store",+(91)-9033848353
Bhagat Telecom,"Marketing Yaad Road, Godhra, Panchmahal - 389001, Near Bus Stand Marketing",+(91)-9913893882
Om Accessories & The Cover ..,"Shop No . 2 Shankar Complex, New Bus Station, Godhra, Panchmahal - 389001, Near Atithi Hotel",+(91)-9998681780
Krishna Mobile Shop,"Bus Stand Road, Marketing Yard Road, Godhra, Panchmahal - 389001, Near Midcity Apartment",+(91)-9624444496
Hardik Sales,"Shree Ram Complex,, Godhra, Panchmahal - 389001, Opposite Pasudvakhana",+(91)-9898165555
Shri Kalika Mobile & Electr..,"Shop No. 5 Municipalel Shopping Center, Lal Baug Tekri Road, Godhra, Panchmahal - 389001, Behind Bus Stop",+(91)-9913412706
New Shree Gurunanak Mobile ..,"Shop No. 1, Ahmedabad Road, Godhra, Panchmahal - 389001, Bhuravav Cross Road",+(91)-9033848590
Prem Prakash Mobile Shop & ..,"Power House Road, Godhra, Panchmahal - 389001, Near Bhuravav Chaar Rasta",+(91)-9428368080
Gulsan Mobile Shop,"Vejalpur Road, Godhra, Godhra, Panchmahal - 389001, Godhra",+(91)-9624963321
Bhavik Agencies,"38, First Floor, Suvidha Park, Beside Gas Godown, Opp Maruti & Tata Showroom, Vavdi Dholakuwa, Godhra, Panchmahal - 389001",+(91)-2672-265407
J D Communication,"Power House, Godhra, Panchmahal - 389001, Near Railway Fatak Road",+(91)-9925785677
Gurukrupa Mobile Shop,"Near Railway Crossing, Power House Road,, Dahod Road, Godhra, Panchmahal - 389001, Near Power House Road",+(91)-9998151510
Bharat Mobile,"Sahera Bhagod Road, Godhra, Panchmahal - 389001, Near Swaminaran Temple",+(91)-9429292836
Ekta Mobile,"Jahupura Sabji Market, Godhra, Panchmahal - 389001, Beside Ashok Transport",+(91)-9227550555
Wonder Palace,"Babuwala Complex, Civil Line Road, Godhra, Panchmahal - 389001, Opposite Old Post Office",+(91)-9898394006
Shree Ganesh Mobile Shop,"Shahera Bhagol, Godhra, Panchmahal - 389001, Near Petrolpump",+(91)-7984849631
Ammar Telecom Shop.,"Signal Fadiya, Near Relway Satesan, Godhra, Panchmahal - 389001, Near Aman Gest House",+(91)-9898513020
Muskan Mobile Shop,"Behind Bus Stand, Gadhedi Faliyu, Kalol, Kalol Panchmahal, Panchmahal - 389330, Near Halol Road",+(91)-9727679943
Manek Mobile,"Near Bus Stop Wav Vala Market Shop Number 41, Lunawada, Panchmahal - 389230, Bus Stop",+(91)-9825214615
Niraj Mobile Shop,"02, Akshara Complex, Halol Savli Road, Halol GIDC, Panchmahal - 389350, Opposite Lal Bungalow, Near Velvet Cinema",+(91)-9998356868
Rajeshwar Mobile,"8, National Plaza, Bus Stand Road, Halol, Panchmahal - 389350, Nr. Mahavir Ice Cream",+(91)-9662667266
Shreenathji Telecom,"Halol, Panchmahal - 389350",+(91)-9824011975
MADAR Mobile SHOP,"Near Sai Temple, Station Road, Halol, Panchmahal - 389350",+(91)-9898802407
Nirankar Mobile,"Nita Nagar Compelx Shop No  -17, Kanjari Road, Halol, Panchmahal - 389350, Opp. Uma Society",+(91)-9638288039
National Mobile and Electro..,"In The Bus Stand Area,Aktabazar, Near Of Tower, Vejalpur, Panchmahal - 389340",+(91)-8200413077
Poojara Telecom,"1-2, Center Squre, Godhra, Godhra - 389001, Near ST Bus Stand",+(91)-8487868232
I Phone Lab,"Shop No. 1, Church Road, Godhra, Panchmahal - 389001, Opposite Jain Socity",+(91)-9898124846
JAY Ambey Mobile & Electron..,"Bhuravav Crossing, Godhra, Panchmahal - 389001, Lunawada Road",+(91)-9998156863
Sonali Telecom,"Umesh Darshan Complex, Godhra, Panchmahal - 389001",+(91)-9879177441
Amin Communication,"Rani Masjid Road, Polan Bazar, Godhra, Panchmahal - 389001, Near Kikreni Cross Road",+(91)-9725103362
L. R. Mobile,"2, Tamunaji Shopping Cente, Old Cinema Road, Halol, Panchmahal - 389350, Nr. Aastha Clinic",+(91)-9979729900
Jay Jalaram Xerox & Mobile,"Ankleshwar Mahadev Road, Godhra, Panchmahal - 389001, Near B N Chamber",+(91)-9824485482
Shiv Mobile Shoppe,"23, Municipal Shopping Center, LAL Baug Bus Stand, Godhra, Panchmahal - 389001, Garden Road",+(91)-9898707982
Ashish Communication,"Kakanpur Chokdi, Godhra, Panchmahal - 389001",+(91)-9909967955
Reliance Jio Infocomm Lmt,"Navrangpura, Panchmahal - 389310, Near Drive In Cinema",+(91)-9726802108
Aakansha Sales,"Opp, LIC, Santrampur, Santrampur, Panchmahal - 389260, Collage Road",+(91)-9979683383
Oppo Exclusives Store,"G-1 Landmark Complex, Godhara Dahod Road, Godhra, Panchmahal - 389001",+(91)-9998909521
Metro Radio Electric Co,"Patel Wada, Godhra, Panchmahal - 389001, Near Nava Bazar",+(91)-2672-240456
Professional Mobile Shop & ..,"Everest Complex, Godhra, Panchmahal - 389001, Opposite Railway Station Gate",+(91)-2672-242515
Jalaram mobile,"Godhra road, Halol GIDC, Panchmahal - 389350, near. Jap cinema",+(91)-8401158034
S K Mobile,"pavagadh road, Halol, Panchmahal - 389350, opp. Tadav",+(91)-9586689406
