Aadhaar Supermarket,"Gj Sh 175, Vaikunth Society, Halol, Panchmahal - 389350",+(91)-7096936723
Aadhaar Supermarket,"Gj Sh 175, Lunawada, Panchmahal - 389230",+(91)-9978852693
Govindi Super Mart,"Jay Yogeshwar Nagar, Sampa Road, Govindi, Panchmahal - 389001, Near Govindi Bus Stop",07947322763
Jay Mahakali Super Store,"Bamroli Rd, Godhra, Panchmahal - 389001, Opposite Rameshwar Mahadev Temple,Near Rayanwadi Society",+(91)-7405846001
Zilani Provision Store,"Taluk Besar, Vachchhesar, Panchmahal - 388710, Near Jama Masjid",+(91)-9624572143
Shree Neelkanth Super Store,"Ankleshwar Mahadev Road, Godhra, Panchmahal - 389001",+(91)-2672-243970
Shree Lilashah Traders,"Godhra, Panchmahal - 389001, Opposite Civil Hospital to Gandhi Chowk Rd",+(91)-9428029791
Punamchand Kaka Chevda Stor..,"Bakor, Panchmahal - 389232",+(91)-9925998152
Shreeji General Store,"Gj Sh 5, Shivrajpur, Shivrajpur Mines, Panchmahal - 389370",+(91)-9998669777
Ashok P Ramchandani Kirana ..,"Sonivad, Shehera, Panchmahal - 389210",+(91)-2672-226678
Shakti Super Market,"Bamroli Road, Godhra, Panchmahal - 389001, Near Smrat Nagar",+(91)-8905955808
Deepam Store,"389001, Panjarapole, Kalal Darwaja, Godhra, Panchmahal - 389001",+(91)-9898683184
Krishna Cool Drinks,"Math, Ghogamba, Panchmahal - 389365",+(91)-9979066941
H I Khatri And Sons,"Rameshra, Panchmahal - 389350",+(91)-9714999528
Krishna General Store,"Gj Sh 193, Adadara, Adadra, Panchmahal - 389341",+(91)-9998828368
Shiv Shakti Jewellers Shahe..,"Gujarat, Ganesh Chowk, Sonivad, Shehera, Panchmahal - 389210",+(91)-9426469069
Jay Narayan Provision Store,"Maharaja Society, Halol, Panchmahal - 389350",+(91)-9904648100
Madhuram Fruitshop,"Gj Sh 152, Santrampur, Panchmahal - 389260",+(91)-9879724890
Jay Hanuman Bricks,"Mahelol, Mehlol, Panchmahal - 389340",+(91)-8511474217
Patel Sureshkumar Dajibhais..,"Kakanpur, Panchmahal - 388713, Kakanpur",+(91)-7485948064
Jay Narayan General Store,"Vaikunth Society, Pawagadh Road, Halol, Panchmahal - 389350",+(91)-8200080522
Bhavya,"Pavagad, Panchmahal - 389350",+(91)-2672-389350
Shree Dutt Farsan Mart,"13, Gj Sh 87, Saraswat Society, Jantral, Kalol, Kalol Panchmahal, Panchmahal - 389330",+(91)-7878913351
Pandit Dindayal Anaj Bhanda..,"Dukanvala, Badesara, Panchmahal - 389230",+(91)-9574119855
Shah Sandipkumar Niranjanla..,"Soniwada, Shera, Godhra, Panchmahal - 389001",+(91)-9033450095
Shivam Kariyana Store,"Tajpuri, Vadodar, Panchmahal - 389115",+(91)-9909393510
Maheshwari Traders,"Sh 5, Adarsh Society, Halol, Panchmahal - 389350",+(91)-9428782247
Bajrang Kirana Store,"Bajrang Kirana Store, Ahmedabad Narol, Panchmahal - 389350",+(91)-9649132251
Radhika Kangan store Mora,"Mora, Panchmahal - 389110",+(91)-9662761479
Ambika Traders,"Velanwada, Kadana, Panchmahal - 389240",+(91)-9624221323
Anjali Medical And Provisio..,"A-01,Civil Lane,, Prabha Road,, Godhra, Panchmahal - 389001, Near Bv Gandhi Petrol Pump",+(91)-2672-248298
Jalaram Medical And Proviti..,"Nr Malekpur Chokdi, Lunawada, Panchmahal - 389230, Station Road",+(91)-9427021313
Aaftab Rediam Art,"Lunesar Apptment, Lunawada, Panchmahal - 389230",+(91)-9662825888
Shree Swaminarayan Provisio..,"Ahmedabad Zalod Road, Godhar, Panchmahal - 389265",+(91)-8347522977
Shanta Provicens Store,"Patel Wad, Shera, Godhra, Panchmahal - 389001",+(91)-9898829046
Vandana Enterprise,"Godhra Road, Halol, Panchmahal - 389350, Beside Suzuki Showroom,Near Hotel Rajdhani",+(91)-9824365840
Mahakali Kirana Store,"Godhara Bypass, G I D c, Halol, Panchmahal - 389350",+(91)-8487908020
Raj Hair Art,"Gj Sh 2a, Panchmahal - 389240",+(91)-9909564774
Patanjali Chiktsalaya,"Panjarapole Road, Gandhi Nagar, Kalal Darwaja, Godhra, Panchmahal - 389001",+(91)-9714519344
Auroville Bazar,"Bamanvad No Khanchi Para Bajar, Behid Super Market, Lunawada, Panchmahal - 389230, Near Bus Stop Road",+(91)-02674-254161
Gokul Provision Store,"Yogeshwar Society, Godhra, Panchmahal - 389001, Bhuravav Crossing",+(91)-9428364064
Shree Ram Provision Store,"Panjala Pol Road, Godhra, Panchmahal - 389001",+(91)-2672-245316
Shri Shiv Kirana Store,"Krushna Nagar, Laxminivas Bamroli, Godhra, Panchmahal - 389001",+(91)-2672-282570
Bidani General Store,"Nr Main Road, Godhra, Panchmahal - 389001, Vadodra Road",+(91)-9726303391
Haridas And Co,"Station Road, Godhra, Panchmahal - 389001, Opposite Old Bus Stand",+(91)-2672-252702
Laxmi General Stores,"Dr,Gidhvani Road, Station Road, Godhra, Panchmahal - 389001",+(91)-9825520378
Jay Ambr Kirana Store,"Suliyat, Panchmahal - 389115",+(91)-9638819444
J S Shah Kirana Store,"Ghoghamba, Panchmahal - 389365",+(91)-9879742878
Gopal Treders,"Railway Station Road, Timba Road, Panchmahal - 388710",+(91)-0267-281518
Arihant Provision Store,"Nr Main Road, Kalol Panchmahal, Panchmahal - 389330, Bank Road",+(91)-2676-234556
Ashapura Provision Store,"Sh 152, Ukhreli, Panchmahal - 389260",+(91)-2672-234002
Bhathiji Mandir,"Dev Dem Road, Rameshra, Panchmahal - 389350",+(91)-7698368813
Nilkanth Provision Store,"Nr Ankur School, Godhra, Panchmahal - 389001, Yogeshwar Road",+(91)-9426434164
Shri Harikrushna Trading Co..,"Railway Station Road, Dr Gidhvani Road, Godhra, Panchmahal - 389001",+(91)-2672-255260
Shah Jethalal Chaganlal,"Orwada Road, Godhra, Panchmahal - 389001, Orwada",+(91)-2672-282535
Bakrawala Trading Company,"D 167 Darkoli Gate, Lunawada, PANCHMAHAL - 389230, Behind Bhagat Hospital",+(91)-2672-254700
Burhani General Store,"35 Huseni Chowk, Lunawada, PANCHMAHAL - 389230, Near Dewalmata Mandir",+(91)-2672-254323
Kailash Provision Store,"Dahod Road, Godhra, Panchmahal - 389001, Vavdi",+(91)-9099508649
Amar Trading,"Station Road, Godhra, Panchmahal - 389001, Near Bus Stand",+(91)-2672-247556
Ganesh Stores,"Dr,Gidhvani Road, Station Road, Godhra, Panchmahal - 389001",+(91)-2672-250108
Nasib Pan And Coldrings,"Mora, Panchmahal - 389110",+(91)-9879317897
Bansari Namkeen,"Ahmedabad Zalod Hwy, Maharshi Aravind Society, Lunawada, Panchmahal - 389230",+(91)-8401014343
Navrang Every Store,"Halol Main Bazaar, DC Office Road, Halol, Panchmahal - 389350, Near Halol Police Station",+(91)-2672-225888
Shakti Super Market,"Bamroli Road, Godhra, Panchmahal - 389001, Near Smrat Nagar",+(91)-8905955808
Deepam Store,"389001, Panjarapole, Kalal Darwaja, Godhra, Panchmahal - 389001",+(91)-9898683184
Krishna Cool Drinks,"Math, Ghogamba, Panchmahal - 389365",+(91)-9979066941
H I Khatri And Sons,"Rameshra, Panchmahal - 389350",+(91)-9714999528
Krishna General Store,"Gj Sh 193, Adadara, Adadra, Panchmahal - 389341",+(91)-9998828368
Shiv Shakti Jewellers Shahe..,"Gujarat, Ganesh Chowk, Sonivad, Shehera, Panchmahal - 389210",+(91)-9426469069
Jay Narayan Provision Store,"Maharaja Society, Halol, Panchmahal - 389350",+(91)-9904648100
Madhuram Fruitshop,"Gj Sh 152, Santrampur, Panchmahal - 389260",+(91)-9879724890
Jay Hanuman Bricks,"Mahelol, Mehlol, Panchmahal - 389340",+(91)-8511474217
Patel Sureshkumar Dajibhais..,"Kakanpur, Panchmahal - 388713, Kakanpur",+(91)-7485948064
Jay Narayan General Store,"Vaikunth Society, Pawagadh Road, Halol, Panchmahal - 389350",+(91)-8200080522
Bhavya,"Pavagad, Panchmahal - 389350",+(91)-2672-389350
Shree Dutt Farsan Mart,"13, Gj Sh 87, Saraswat Society, Jantral, Kalol, Kalol Panchmahal, Panchmahal - 389330",+(91)-7878913351
Pandit Dindayal Anaj Bhanda..,"Dukanvala, Badesara, Panchmahal - 389230",+(91)-9574119855
Shah Sandipkumar Niranjanla..,"Soniwada, Shera, Godhra, Panchmahal - 389001",+(91)-9033450095
Shivam Kariyana Store,"Tajpuri, Vadodar, Panchmahal - 389115",+(91)-9909393510
Maheshwari Traders,"Sh 5, Adarsh Society, Halol, Panchmahal - 389350",+(91)-9428782247
Bajrang Kirana Store,"Bajrang Kirana Store, Ahmedabad Narol, Panchmahal - 389350",+(91)-9649132251
Radhika Kangan store Mora,"Mora, Panchmahal - 389110",+(91)-9662761479
Ambika Traders,"Velanwada, Kadana, Panchmahal - 389240",+(91)-9624221323
Anjali Medical And Provisio..,"A-01,Civil Lane,, Prabha Road,, Godhra, Panchmahal - 389001, Near Bv Gandhi Petrol Pump",+(91)-2672-248298
Jalaram Medical And Proviti..,"Nr Malekpur Chokdi, Lunawada, Panchmahal - 389230, Station Road",+(91)-9427021313
Aaftab Rediam Art,"Lunesar Apptment, Lunawada, Panchmahal - 389230",+(91)-9662825888
Shree Swaminarayan Provisio..,"Ahmedabad Zalod Road, Godhar, Panchmahal - 389265",+(91)-8347522977
Shanta Provicens Store,"Patel Wad, Shera, Godhra, Panchmahal - 389001",+(91)-9898829046
Vandana Enterprise,"Godhra Road, Halol, Panchmahal - 389350, Beside Suzuki Showroom,Near Hotel Rajdhani",+(91)-9824365840
Mahakali Kirana Store,"Godhara Bypass, G I D c, Halol, Panchmahal - 389350",+(91)-8487908020
Raj Hair Art,"Gj Sh 2a, Panchmahal - 389240",+(91)-9909564774
Patanjali Chiktsalaya,"Panjarapole Road, Gandhi Nagar, Kalal Darwaja, Godhra, Panchmahal - 389001",+(91)-9714519344
Auroville Bazar,"Bamanvad No Khanchi Para Bajar, Behid Super Market, Lunawada, Panchmahal - 389230, Near Bus Stop Road",+(91)-02674-254161
Gokul Provision Store,"Yogeshwar Society, Godhra, Panchmahal - 389001, Bhuravav Crossing",+(91)-9428364064
Shree Ram Provision Store,"Panjala Pol Road, Godhra, Panchmahal - 389001",+(91)-2672-245316
Shri Shiv Kirana Store,"Krushna Nagar, Laxminivas Bamroli, Godhra, Panchmahal - 389001",+(91)-2672-282570
Bidani General Store,"Nr Main Road, Godhra, Panchmahal - 389001, Vadodra Road",+(91)-9726303391
Haridas And Co,"Station Road, Godhra, Panchmahal - 389001, Opposite Old Bus Stand",+(91)-2672-252702
Laxmi General Stores,"Dr,Gidhvani Road, Station Road, Godhra, Panchmahal - 389001",+(91)-9825520378
Jay Ambr Kirana Store,"Suliyat, Panchmahal - 389115",+(91)-9638819444
J S Shah Kirana Store,"Ghoghamba, Panchmahal - 389365",+(91)-9879742878
Gopal Treders,"Railway Station Road, Timba Road, Panchmahal - 388710",+(91)-0267-281518
Arihant Provision Store,"Nr Main Road, Kalol Panchmahal, Panchmahal - 389330, Bank Road",+(91)-2676-234556
Ashapura Provision Store,"Sh 152, Ukhreli, Panchmahal - 389260",+(91)-2672-234002
Bhathiji Mandir,"Dev Dem Road, Rameshra, Panchmahal - 389350",+(91)-7698368813
Nilkanth Provision Store,"Nr Ankur School, Godhra, Panchmahal - 389001, Yogeshwar Road",+(91)-9426434164
Shri Harikrushna Trading Co..,"Railway Station Road, Dr Gidhvani Road, Godhra, Panchmahal - 389001",+(91)-2672-255260
Shah Jethalal Chaganlal,"Orwada Road, Godhra, Panchmahal - 389001, Orwada",+(91)-2672-282535
Bakrawala Trading Company,"D 167 Darkoli Gate, Lunawada, PANCHMAHAL - 389230, Behind Bhagat Hospital",+(91)-2672-254700
Burhani General Store,"35 Huseni Chowk, Lunawada, PANCHMAHAL - 389230, Near Dewalmata Mandir",+(91)-2672-254323
Kailash Provision Store,"Dahod Road, Godhra, Panchmahal - 389001, Vavdi",+(91)-9099508649
Amar Trading,"Station Road, Godhra, Panchmahal - 389001, Near Bus Stand",+(91)-2672-247556
Ganesh Stores,"Dr,Gidhvani Road, Station Road, Godhra, Panchmahal - 389001",+(91)-2672-250108
Nasib Pan And Coldrings,"Mora, Panchmahal - 389110",+(91)-9879317897
Bansari Namkeen,"Ahmedabad Zalod Hwy, Maharshi Aravind Society, Lunawada, Panchmahal - 389230",+(91)-8401014343
Navrang Every Store,"Halol Main Bazaar, DC Office Road, Halol, Panchmahal - 389350, Near Halol Police Station",+(91)-2672-225888
Jay Narayan General Store,"Vaikunth Society, Pawagadh Road, Halol, Panchmahal - 389350",+(91)-8200080522
Bhavya,"Pavagad, Panchmahal - 389350",+(91)-2672-389350
Shree Dutt Farsan Mart,"13, Gj Sh 87, Saraswat Society, Jantral, Kalol, Kalol Panchmahal, Panchmahal - 389330",+(91)-7878913351
Pandit Dindayal Anaj Bhanda..,"Dukanvala, Badesara, Panchmahal - 389230",+(91)-9574119855
Shah Sandipkumar Niranjanla..,"Soniwada, Shera, Godhra, Panchmahal - 389001",+(91)-9033450095
Shivam Kariyana Store,"Tajpuri, Vadodar, Panchmahal - 389115",+(91)-9909393510
Maheshwari Traders,"Sh 5, Adarsh Society, Halol, Panchmahal - 389350",+(91)-9428782247
Bajrang Kirana Store,"Bajrang Kirana Store, Ahmedabad Narol, Panchmahal - 389350",+(91)-9649132251
Radhika Kangan store Mora,"Mora, Panchmahal - 389110",+(91)-9662761479
Ambika Traders,"Velanwada, Kadana, Panchmahal - 389240",+(91)-9624221323
Anjali Medical And Provisio..,"A-01,Civil Lane,, Prabha Road,, Godhra, Panchmahal - 389001, Near Bv Gandhi Petrol Pump",+(91)-2672-248298
Jalaram Medical And Proviti..,"Nr Malekpur Chokdi, Lunawada, Panchmahal - 389230, Station Road",+(91)-9427021313
Aaftab Rediam Art,"Lunesar Apptment, Lunawada, Panchmahal - 389230",+(91)-9662825888
Shree Swaminarayan Provisio..,"Ahmedabad Zalod Road, Godhar, Panchmahal - 389265",+(91)-8347522977
Shanta Provicens Store,"Patel Wad, Shera, Godhra, Panchmahal - 389001",+(91)-9898829046
Vandana Enterprise,"Godhra Road, Halol, Panchmahal - 389350, Beside Suzuki Showroom,Near Hotel Rajdhani",+(91)-9824365840
Mahakali Kirana Store,"Godhara Bypass, G I D c, Halol, Panchmahal - 389350",+(91)-8487908020
Raj Hair Art,"Gj Sh 2a, Panchmahal - 389240",+(91)-9909564774
Patanjali Chiktsalaya,"Panjarapole Road, Gandhi Nagar, Kalal Darwaja, Godhra, Panchmahal - 389001",+(91)-9714519344
Auroville Bazar,"Bamanvad No Khanchi Para Bajar, Behid Super Market, Lunawada, Panchmahal - 389230, Near Bus Stop Road",+(91)-02674-254161
Gokul Provision Store,"Yogeshwar Society, Godhra, Panchmahal - 389001, Bhuravav Crossing",+(91)-9428364064
Shree Ram Provision Store,"Panjala Pol Road, Godhra, Panchmahal - 389001",+(91)-2672-245316
Shri Shiv Kirana Store,"Krushna Nagar, Laxminivas Bamroli, Godhra, Panchmahal - 389001",+(91)-2672-282570
Bidani General Store,"Nr Main Road, Godhra, Panchmahal - 389001, Vadodra Road",+(91)-9726303391
Haridas And Co,"Station Road, Godhra, Panchmahal - 389001, Opposite Old Bus Stand",+(91)-2672-252702
Laxmi General Stores,"Dr,Gidhvani Road, Station Road, Godhra, Panchmahal - 389001",+(91)-9825520378
Jay Ambr Kirana Store,"Suliyat, Panchmahal - 389115",+(91)-9638819444
J S Shah Kirana Store,"Ghoghamba, Panchmahal - 389365",+(91)-9879742878
Gopal Treders,"Railway Station Road, Timba Road, Panchmahal - 388710",+(91)-0267-281518
Arihant Provision Store,"Nr Main Road, Kalol Panchmahal, Panchmahal - 389330, Bank Road",+(91)-2676-234556
Ashapura Provision Store,"Sh 152, Ukhreli, Panchmahal - 389260",+(91)-2672-234002
Bhathiji Mandir,"Dev Dem Road, Rameshra, Panchmahal - 389350",+(91)-7698368813
Nilkanth Provision Store,"Nr Ankur School, Godhra, Panchmahal - 389001, Yogeshwar Road",+(91)-9426434164
Shri Harikrushna Trading Co..,"Railway Station Road, Dr Gidhvani Road, Godhra, Panchmahal - 389001",+(91)-2672-255260
Shah Jethalal Chaganlal,"Orwada Road, Godhra, Panchmahal - 389001, Orwada",+(91)-2672-282535
Bakrawala Trading Company,"D 167 Darkoli Gate, Lunawada, PANCHMAHAL - 389230, Behind Bhagat Hospital",+(91)-2672-254700
Burhani General Store,"35 Huseni Chowk, Lunawada, PANCHMAHAL - 389230, Near Dewalmata Mandir",+(91)-2672-254323
Kailash Provision Store,"Dahod Road, Godhra, Panchmahal - 389001, Vavdi",+(91)-9099508649
Amar Trading,"Station Road, Godhra, Panchmahal - 389001, Near Bus Stand",+(91)-2672-247556
Ganesh Stores,"Dr,Gidhvani Road, Station Road, Godhra, Panchmahal - 389001",+(91)-2672-250108
Nasib Pan And Coldrings,"Mora, Panchmahal - 389110",+(91)-9879317897
Bansari Namkeen,"Ahmedabad Zalod Hwy, Maharshi Aravind Society, Lunawada, Panchmahal - 389230",+(91)-8401014343
Navrang Every Store,"Halol Main Bazaar, DC Office Road, Halol, Panchmahal - 389350, Near Halol Police Station",+(91)-2672-225888
Anjali Medical And Provisio..,"A-01,Civil Lane,, Prabha Road,, Godhra, Panchmahal - 389001, Near Bv Gandhi Petrol Pump",+(91)-2672-248298
Jalaram Medical And Proviti..,"Nr Malekpur Chokdi, Lunawada, Panchmahal - 389230, Station Road",+(91)-9427021313
Aaftab Rediam Art,"Lunesar Apptment, Lunawada, Panchmahal - 389230",+(91)-9662825888
Shree Swaminarayan Provisio..,"Ahmedabad Zalod Road, Godhar, Panchmahal - 389265",+(91)-8347522977
Shanta Provicens Store,"Patel Wad, Shera, Godhra, Panchmahal - 389001",+(91)-9898829046
Vandana Enterprise,"Godhra Road, Halol, Panchmahal - 389350, Beside Suzuki Showroom,Near Hotel Rajdhani",+(91)-9824365840
Mahakali Kirana Store,"Godhara Bypass, G I D c, Halol, Panchmahal - 389350",+(91)-8487908020
Raj Hair Art,"Gj Sh 2a, Panchmahal - 389240",+(91)-9909564774
Patanjali Chiktsalaya,"Panjarapole Road, Gandhi Nagar, Kalal Darwaja, Godhra, Panchmahal - 389001",+(91)-9714519344
Auroville Bazar,"Bamanvad No Khanchi Para Bajar, Behid Super Market, Lunawada, Panchmahal - 389230, Near Bus Stop Road",+(91)-02674-254161
Gokul Provision Store,"Yogeshwar Society, Godhra, Panchmahal - 389001, Bhuravav Crossing",+(91)-9428364064
Shree Ram Provision Store,"Panjala Pol Road, Godhra, Panchmahal - 389001",+(91)-2672-245316
Shri Shiv Kirana Store,"Krushna Nagar, Laxminivas Bamroli, Godhra, Panchmahal - 389001",+(91)-2672-282570
Bidani General Store,"Nr Main Road, Godhra, Panchmahal - 389001, Vadodra Road",+(91)-9726303391
Haridas And Co,"Station Road, Godhra, Panchmahal - 389001, Opposite Old Bus Stand",+(91)-2672-252702
Laxmi General Stores,"Dr,Gidhvani Road, Station Road, Godhra, Panchmahal - 389001",+(91)-9825520378
Jay Ambr Kirana Store,"Suliyat, Panchmahal - 389115",+(91)-9638819444
J S Shah Kirana Store,"Ghoghamba, Panchmahal - 389365",+(91)-9879742878
Gopal Treders,"Railway Station Road, Timba Road, Panchmahal - 388710",+(91)-0267-281518
Arihant Provision Store,"Nr Main Road, Kalol Panchmahal, Panchmahal - 389330, Bank Road",+(91)-2676-234556
Ashapura Provision Store,"Sh 152, Ukhreli, Panchmahal - 389260",+(91)-2672-234002
Bhathiji Mandir,"Dev Dem Road, Rameshra, Panchmahal - 389350",+(91)-7698368813
Nilkanth Provision Store,"Nr Ankur School, Godhra, Panchmahal - 389001, Yogeshwar Road",+(91)-9426434164
Shri Harikrushna Trading Co..,"Railway Station Road, Dr Gidhvani Road, Godhra, Panchmahal - 389001",+(91)-2672-255260
Shah Jethalal Chaganlal,"Orwada Road, Godhra, Panchmahal - 389001, Orwada",+(91)-2672-282535
Bakrawala Trading Company,"D 167 Darkoli Gate, Lunawada, PANCHMAHAL - 389230, Behind Bhagat Hospital",+(91)-2672-254700
Burhani General Store,"35 Huseni Chowk, Lunawada, PANCHMAHAL - 389230, Near Dewalmata Mandir",+(91)-2672-254323
Kailash Provision Store,"Dahod Road, Godhra, Panchmahal - 389001, Vavdi",+(91)-9099508649
Amar Trading,"Station Road, Godhra, Panchmahal - 389001, Near Bus Stand",+(91)-2672-247556
Ganesh Stores,"Dr,Gidhvani Road, Station Road, Godhra, Panchmahal - 389001",+(91)-2672-250108
Nasib Pan And Coldrings,"Mora, Panchmahal - 389110",+(91)-9879317897
Bansari Namkeen,"Ahmedabad Zalod Hwy, Maharshi Aravind Society, Lunawada, Panchmahal - 389230",+(91)-8401014343
Navrang Every Store,"Halol Main Bazaar, DC Office Road, Halol, Panchmahal - 389350, Near Halol Police Station",+(91)-2672-225888
Gokul Provision Store,"Yogeshwar Society, Godhra, Panchmahal - 389001, Bhuravav Crossing",+(91)-9428364064
Shree Ram Provision Store,"Panjala Pol Road, Godhra, Panchmahal - 389001",+(91)-2672-245316
Shri Shiv Kirana Store,"Krushna Nagar, Laxminivas Bamroli, Godhra, Panchmahal - 389001",+(91)-2672-282570
Bidani General Store,"Nr Main Road, Godhra, Panchmahal - 389001, Vadodra Road",+(91)-9726303391
Haridas And Co,"Station Road, Godhra, Panchmahal - 389001, Opposite Old Bus Stand",+(91)-2672-252702
Laxmi General Stores,"Dr,Gidhvani Road, Station Road, Godhra, Panchmahal - 389001",+(91)-9825520378
Jay Ambr Kirana Store,"Suliyat, Panchmahal - 389115",+(91)-9638819444
J S Shah Kirana Store,"Ghoghamba, Panchmahal - 389365",+(91)-9879742878
Gopal Treders,"Railway Station Road, Timba Road, Panchmahal - 388710",+(91)-0267-281518
Arihant Provision Store,"Nr Main Road, Kalol Panchmahal, Panchmahal - 389330, Bank Road",+(91)-2676-234556
Ashapura Provision Store,"Sh 152, Ukhreli, Panchmahal - 389260",+(91)-2672-234002
Bhathiji Mandir,"Dev Dem Road, Rameshra, Panchmahal - 389350",+(91)-7698368813
Nilkanth Provision Store,"Nr Ankur School, Godhra, Panchmahal - 389001, Yogeshwar Road",+(91)-9426434164
Shri Harikrushna Trading Co..,"Railway Station Road, Dr Gidhvani Road, Godhra, Panchmahal - 389001",+(91)-2672-255260
Shah Jethalal Chaganlal,"Orwada Road, Godhra, Panchmahal - 389001, Orwada",+(91)-2672-282535
Bakrawala Trading Company,"D 167 Darkoli Gate, Lunawada, PANCHMAHAL - 389230, Behind Bhagat Hospital",+(91)-2672-254700
Burhani General Store,"35 Huseni Chowk, Lunawada, PANCHMAHAL - 389230, Near Dewalmata Mandir",+(91)-2672-254323
Kailash Provision Store,"Dahod Road, Godhra, Panchmahal - 389001, Vavdi",+(91)-9099508649
Amar Trading,"Station Road, Godhra, Panchmahal - 389001, Near Bus Stand",+(91)-2672-247556
Ganesh Stores,"Dr,Gidhvani Road, Station Road, Godhra, Panchmahal - 389001",+(91)-2672-250108
Nasib Pan And Coldrings,"Mora, Panchmahal - 389110",+(91)-9879317897
Bansari Namkeen,"Ahmedabad Zalod Hwy, Maharshi Aravind Society, Lunawada, Panchmahal - 389230",+(91)-8401014343
Navrang Every Store,"Halol Main Bazaar, DC Office Road, Halol, Panchmahal - 389350, Near Halol Police Station",+(91)-2672-225888
Ashapura Provision Store,"Sh 152, Ukhreli, Panchmahal - 389260",+(91)-2672-234002
Bhathiji Mandir,"Dev Dem Road, Rameshra, Panchmahal - 389350",+(91)-7698368813
Nilkanth Provision Store,"Nr Ankur School, Godhra, Panchmahal - 389001, Yogeshwar Road",+(91)-9426434164
Shri Harikrushna Trading Co..,"Railway Station Road, Dr Gidhvani Road, Godhra, Panchmahal - 389001",+(91)-2672-255260
Shah Jethalal Chaganlal,"Orwada Road, Godhra, Panchmahal - 389001, Orwada",+(91)-2672-282535
Bakrawala Trading Company,"D 167 Darkoli Gate, Lunawada, PANCHMAHAL - 389230, Behind Bhagat Hospital",+(91)-2672-254700
Burhani General Store,"35 Huseni Chowk, Lunawada, PANCHMAHAL - 389230, Near Dewalmata Mandir",+(91)-2672-254323
Kailash Provision Store,"Dahod Road, Godhra, Panchmahal - 389001, Vavdi",+(91)-9099508649
Amar Trading,"Station Road, Godhra, Panchmahal - 389001, Near Bus Stand",+(91)-2672-247556
Ganesh Stores,"Dr,Gidhvani Road, Station Road, Godhra, Panchmahal - 389001",+(91)-2672-250108
Nasib Pan And Coldrings,"Mora, Panchmahal - 389110",+(91)-9879317897
Bansari Namkeen,"Ahmedabad Zalod Hwy, Maharshi Aravind Society, Lunawada, Panchmahal - 389230",+(91)-8401014343
Navrang Every Store,"Halol Main Bazaar, DC Office Road, Halol, Panchmahal - 389350, Near Halol Police Station",+(91)-2672-225888
Nasib Pan And Coldrings,"Mora, Panchmahal - 389110",+(91)-9879317897
Bansari Namkeen,"Ahmedabad Zalod Hwy, Maharshi Aravind Society, Lunawada, Panchmahal - 389230",+(91)-8401014343
Navrang Every Store,"Halol Main Bazaar, DC Office Road, Halol, Panchmahal - 389350, Near Halol Police Station",+(91)-2672-225888
