Malik Salon,"Kudalwadi-Chikhali, Pune - 411062, NEAR Kudalwaadi",07947459346
STYLE UNISEX SALON,"Opp Annasaheb Magar College, Madhav Nagar, Hadapsar, Pune - 411028",08045798588
Znr Family Salon,"Shop No.33,Bramha Majestic, NIBM Road, NIBM-Kondhwa Khurd, Pune - 411048, Behind Sarvodya Society",07947479541
Ps Makeover Studio,"Mukai Nagar, Hinjawadi, Pune - 411057, Near  Matoshree Food Court",07947379354
Giovani Salon On Wheels,"Siddhivilla Housing Society Aryan Row House No 1, Near Akurdi Railway Stn, Nigdi Pradhikaran, Pune - 411044, Sector 26",07947202913
The S B Unisex Salon,"Shop No-4,Sai Classic Building, 40 Feet Road, Manjari Farm, Pune - 412307, Z Corner Manjari",07947479231
Ki & Ka Salon,"Shop No 8, Atul Nagar, Undri, Pune - 411060, Opposite Euro School",07947203302
Amos Unisex Salon,"Shop No 203 2nd Floor Stellar Spaces, Kharadi, Pune - 411014, Opposite Zensar IT Park",+(91)-8806510251
Shalmaleyz Beauty Salon And..,"Green Park Society,Rama Builder,B Wing,3rd Floor,Flat No-7, Neharunagar Road, Nehru Nagar, Pune - 411018, Near United Church",+(91)-8329349697
Kaina The Make Up Artist,"Maharashtra Housing Board, Building M10, Flat No. 1692, Airport Road, Yerawada, Pune - 411006",+(91)-9975177474
Ashrafs scissors hands salo..,"Flat No.101, Ozone Springs, Utkarsha Chowk, Wakad, Pune - 411057, Near Mandir Road",+(91)-9833982633
Sanis Unisex Salon,"Shop No 4, Shewale Towers, Pune Saswad Street, Fursungi, Pune - 412308, Above Monginis Cake Next to Bhekrai Nagar Jakat Naka",+(91)-9881222343
Anex Mens Parlour,"Shop No 88/727 Shivani Building, Shahu College Road, Parvati, Pune - 411009, Laxmi Nagar, Near Gajanan Maharaj Mandir",+(91)-9765554810
Hair Xpress And Beauty Salo..,"Shop No 2 Arya Building Guruprasad Colony, Cummins Collage Road  Lane No 01, Karve Nagar-hingne Budrukh, Pune - 411052, Rudra Hotel Near Soda Shop Navsahydri",+(91)-9921246669
New Vivek Hair Stylist,"Shop No.20, Aditya Nakoda Enclave, Sinhgad Road, Jaydeo Nagar-Dattawadi, Pune - 411030, Opp P L Deshpande Garden",+(91)-020-24332244
Guts Unisex Salon,"Shop No 6, Mayfair Eleganza Phase 1, NIBM Road, Nibm-kondhwa Khurd, Pune - 411048, Near SBI Bank Opposite to Joyti Restaurant",+(91)-7798410391
Scissors Salon & Spa,"Shop No.D S - 6, Soba Savers, Opp.sit Aram Abaji School,near Relax Hotel, Swami Vivekanand Road, Bibvewadi, Pune - 411037, Near Bagli Hospital",+(91)-9881377212
Refleqtion Unisex Salon,"First Floor, Shree Complex, Balewadi-baner, Pune - 411045, Opposite Ravindra Nath Tagore School",+(91)-9172635546
Kavitas Beauty Care Family ..,"Shop No 2 Mayur Karve Road, Kothrud, Pune - 411038",+(91)-8378823808
Ki and Ka Unisex Salon,"Majestic Building, Dhayari, Pune - 411041, Near Nalanda School",+(91)-9665920326
Royal Tuch Ac Mens  Parlour,"Shop No. 16 Vinus Garden, Thirteen Vasti, Kharadi, Pune - 411014, Near Bank Of Badoda",+(91)-9168068799
After Glow Beauty Salon (On..,"The Crest,Shop No. 1, Shiv Sai Lane, Pimple Saudagar, Pune - 411027, Near West Ford Building Near Lotus Hospital",+(91)-8855945464
R World Family Saloon,"Shop No 1/2 , Narendra Chayya Building, Trimurti Colony , Azad Nagar, Kothrud, Pune - 411038, Near Paranjape School New DP Road",+(91)-9823762530
Osaine Beauty Salon & Home ..,"Shop No. 3, Kawade Nagar, Kate Puram Chowk, Pimple Gurav, Pune - 411061, Opposite to Mayur Nagari,Opposite Diamond Creatives",+(91)-7020544935
Unique Beauty Salon,"Gulmohar Center Point, Kalyani Nagar, Pune - 411014, Opposite Phoenix Market City",+(91)-9075092889
Hi Looks Unisex Salon,"Amruta Ganga Complex,Shop No.80, Near Shorba Hotel, D.P Road, Sinhagad Road-Vadgaon Budruk, Pune - 411041, Near Amrutganga Building",+(91)-9923868028
Jannet Beauty Care,"Surya Shop No A 11 C Bldg Z Type Surya Co Operative Housing Society, Aundh Road, Khadki, Khadki - 411003, Near Post Office",+(91)-9922168729
My Studio 27 Makeup Beauty ..,"1st Floor S. No. 87/1, Dighi, Dighi, Pune - 411015, Near Vitthal Mandir",+(91)-8888030327
R K Saloon,"Survey No 8, Kharadi Road, Kharadi, Pune - 411014, Near Yashwant Nagar",+(91)-7030027947
Sai Shraddha Gents Parlour,"IVY Estate , Kolte Patil, Wagholi, Pune - 412207, Back :- JSPM COllege , Opp :- Reliance Fresh",+(91)-9762727474
Krasna The Beauty Salon,"Gangalaxmi Bhavan, S.No. 48-4 Ganesh Nagar, Vadgaon Sheri, Pune - 411014, Beside Kuba Masjid",+(91)-9881323388
Jyotiba Salon,"Datta Mandir Road, Sankar Kalate Nagar, Wakad, Pune - 411057, Opp. to Datta Mandir",+(91)-9156130909
96 Hair Studio Unisex Salon,"Shop No. 2, Survey No. 165, Bhekrai Road, Fursungi, Pune - 412308, Near Green Hive Society",+(91)-9970786138
A 2 Salon And Spa,"At Post Bodkewadi Gaonthan Hinjawadi Pune, Hinjawadi, Pune - 411057, Near Hp Petrol Pump Or Indian Oil",+(91)-7028936099
Status Saloon,"Behind Akurdi Railway Station, Sant Namdev Road, Akurdi, Pune - 411035, Opp. Banglore Ayengar Bakery, Near Gurudwara Chowk",+(91)-7709254432
Shri Gurukrupa Mens Salon,"Shop No 1, Malwadi Road, Popular Nagar-Warje, Pune - 411058, Near Maruti Mandir",+(91)-9403309209
Classic Mens Parlour,"Shop No 9, Ambedkar Road, Dehu Road, Pune - 412101, Opp Datta Mandir",+(91)-9527144181
Cleo And Scissors Hair And ..,"Next to Vedant Heights,First Floor,, Anand Nagar ,Krishna Nagar, Mohamadwadi, Pune - 411060, Near Alkasa Society, Near Mohammad Wadi Police Station",+(91)-8956567744
Styles N Smiles,"Sus Gaon, Balaji Chowk, Pashan, Pune - 411021, Near Maruti Mandir",+(91)-8417867898
Hair Ware,"3 Rd Floor Shop No 319, Camp, Pune - 411001, Abve Barista Caffe Opp Arora Tower",
Just Hair And Hair Studio,"Shop No 01 Dore Complex, Phursungi Road, Bhekrai Nagar-Fursungi, Pune - 412308, Opposite IBM University, Kumar Properties",+(91)-8669079472
Get Stylish,"Sunshree Woods, Kondhwa Khurd, NIBM-Kondhwa Khurd, Pune - 411048, NIBM Road",+(91)-9607709000
Magnet Professional Mens Pa..,"Panchatantra Nagar, Hinjawadi, Pune - 411057, Near Raj Mundra Biryani House",+(91)-9168225273
Gunishka Beauty Salon,"Wagholi, Pune - 412207, Opposite Lake Paradise",+(91)-9588684087
Morning Star,"Yashwant Colony, Chandan Nagar Road, Chandan Nagar-Kharadi, Pune - 411014, Near Yashwant Bus Stop",+(91)-7841020137
Balaji Mens Salon,"Mamta Chowk, Balewadi-Baner, Pune - 411045, Near Ws Bakers",+(91)-8446740008
Kesh Bhusha Hair Salon,"Shop No. 3, Telco Road, Pimpri, Pune - 411018",+(91)-9763848514
Sudarshan Gents Parlour,"Chinchwad, Pune - 411033, Near Moraya Hospital",+(91)-8669191210
Dinesh Saloon,"Shop No 3, Pooja High Land, Pune Mumbai Express Hiway, Warje, Pune - 411058, Near Shipla Foundation",+(91)-9822342552
Crystal Beauty Parlour,"Shop No .10 Sanskruti Arcade, Kaspate Vasti Wakad, Pune - 411001",+(91)-7887772260
Phoenix Unisex Salon & Spa,"415 B/1 Saraswati Apartment, Kakasaheb Gadgil Road, Narayan Peth, Pune - 411030, Jayhind Ganesh Mitra Mandal",+(91)-8975803286
Lets Glow Unisex Salon,"Ashok Sankul 2 Range Hills Road, Bhosalenagar Pune 411007, Ashok Nagar, Pune - 411007, Near ICICI Bank",+(91)-7350639999
United Services,"Bibvewadi, Pune - 411037, Near Light House",+(91)-7841859597
Remake mens salon,"Shop No 1 Haridham Apartment, Utsav Mangal Karyalay Road, Kothrud, Pune - 411038, Near Foods Corner",+(91)-9970088485
Mythili Beauty Parlour,"Sr No. 27, Munjaba Wasti, Road No 14, Dhanori, Pune - 411015, Opp Bhavna Jewellers, Near Ganpati Mandir",+(91)-7981938831
Art Of Hair Unisex Salon,"Shree Apartment Shop No 1, Ambegaon, Ambegaon Budruk, Pune - 411046, Near Chandragan Society",+(91)-7058822139
A One Hair Cutting Salon,"Sai Chowk, Swasti Shree Appartment, .Shop.No.5, Sangavi, Pune - 411027",+(91)-9762180914
New Perfect Mens Parlour,"Sr.No. 65/5 Jhandewali Road, Handewadi Road, Hadapsar, Pune - 411028",+(91)-9834941060
Smita Make Up Artist,"Blue Berry Society, Shop No 3, Kharadi, Pune - 411014, Near Puneri Sweet Home",+(91)-9960248906
Goodwills Salon,"Shop No 2 Shivtirth Nivas, Mumbai Pune Road, Katraj, Pune - 411046, Near Chundai Mata Mandar",+(91)-7355704508
A-1 hair saloon,"Shivaji Chowk, Pimpri, Pune - 411018",+(91)-7775844349
New Delhi Mens Parlour,"Shop No.2,Gajanan Nagar, Kalewadi, Pune - 411017, Near Jiwan Jyoti Hospital",+(91)-8380931614
City Palace Salon,"Chinchwad, Pune - 411033, Near Ganga Aashiyana Society",+(91)-9850736871
The Salounge,"1151/B, Gourishankar, Subhashnagar Lane No-1, Shukrawar Peth, Pune - 411002, Near Shivaji Maratha High School",+(91)-9673525252
Ds Proffessional Centre,"Sr. No. 281, Chavhan Complex, Dhanori Lohegaon Road, Dhanori, Pune - 411015, Opposite Gajanan Dairy, Dhanori Jakat Naka",+(91)-9511803592
Shreya Beauty Parlour,"Shakuntala Heights, Pune Saswad Road, Hadapsar, Pune - 411028",+(91)-8975355936
Mr Shubh Barber Shop,"Shop No. 7, Mhada Building, YCMH Road, Vallabh Nagar-Pimpri, Pune - 411018, Opp. Dr. D. Y. Patil ACS COLLEGE",+(91)-7028842728
New Status Saloon,"Phulenagar Road, Phule Nagar, Pune - 411018, Opp. Durga Mata Mandir, Phulenagar Kamaan",+(91)-7028842728
Ashrafs scissors hands salo..,"Flat No.101, Ozone Springs, Utkarsha Chowk, Wakad, Pune - 411057, Near Mandir Road",+(91)-9833982633
Sanis Unisex Salon,"Shop No 4, Shewale Towers, Pune Saswad Street, Fursungi, Pune - 412308, Above Monginis Cake Next to Bhekrai Nagar Jakat Naka",+(91)-9881222343
Anex Mens Parlour,"Shop No 88/727 Shivani Building, Shahu College Road, Parvati, Pune - 411009, Laxmi Nagar, Near Gajanan Maharaj Mandir",+(91)-9765554810
Hair Xpress And Beauty Salo..,"Shop No 2 Arya Building Guruprasad Colony, Cummins Collage Road  Lane No 01, Karve Nagar-hingne Budrukh, Pune - 411052, Rudra Hotel Near Soda Shop Navsahydri",+(91)-9921246669
New Vivek Hair Stylist,"Shop No.20, Aditya Nakoda Enclave, Sinhgad Road, Jaydeo Nagar-Dattawadi, Pune - 411030, Opp P L Deshpande Garden",+(91)-020-24332244
Guts Unisex Salon,"Shop No 6, Mayfair Eleganza Phase 1, NIBM Road, Nibm-kondhwa Khurd, Pune - 411048, Near SBI Bank Opposite to Joyti Restaurant",+(91)-7798410391
Scissors Salon & Spa,"Shop No.D S - 6, Soba Savers, Opp.sit Aram Abaji School,near Relax Hotel, Swami Vivekanand Road, Bibvewadi, Pune - 411037, Near Bagli Hospital",+(91)-9881377212
Refleqtion Unisex Salon,"First Floor, Shree Complex, Balewadi-baner, Pune - 411045, Opposite Ravindra Nath Tagore School",+(91)-9172635546
Kavitas Beauty Care Family ..,"Shop No 2 Mayur Karve Road, Kothrud, Pune - 411038",+(91)-8378823808
Ki and Ka Unisex Salon,"Majestic Building, Dhayari, Pune - 411041, Near Nalanda School",+(91)-9665920326
Royal Tuch Ac Mens  Parlour,"Shop No. 16 Vinus Garden, Thirteen Vasti, Kharadi, Pune - 411014, Near Bank Of Badoda",+(91)-9168068799
After Glow Beauty Salon (On..,"The Crest,Shop No. 1, Shiv Sai Lane, Pimple Saudagar, Pune - 411027, Near West Ford Building Near Lotus Hospital",+(91)-8855945464
R World Family Saloon,"Shop No 1/2 , Narendra Chayya Building, Trimurti Colony , Azad Nagar, Kothrud, Pune - 411038, Near Paranjape School New DP Road",+(91)-9823762530
Osaine Beauty Salon & Home ..,"Shop No. 3, Kawade Nagar, Kate Puram Chowk, Pimple Gurav, Pune - 411061, Opposite to Mayur Nagari,Opposite Diamond Creatives",+(91)-7020544935
Unique Beauty Salon,"Gulmohar Center Point, Kalyani Nagar, Pune - 411014, Opposite Phoenix Market City",+(91)-9075092889
Hi Looks Unisex Salon,"Amruta Ganga Complex,Shop No.80, Near Shorba Hotel, D.P Road, Sinhagad Road-Vadgaon Budruk, Pune - 411041, Near Amrutganga Building",+(91)-9923868028
Jannet Beauty Care,"Surya Shop No A 11 C Bldg Z Type Surya Co Operative Housing Society, Aundh Road, Khadki, Khadki - 411003, Near Post Office",+(91)-9922168729
My Studio 27 Makeup Beauty ..,"1st Floor S. No. 87/1, Dighi, Dighi, Pune - 411015, Near Vitthal Mandir",+(91)-8888030327
R K Saloon,"Survey No 8, Kharadi Road, Kharadi, Pune - 411014, Near Yashwant Nagar",+(91)-7030027947
Sai Shraddha Gents Parlour,"IVY Estate , Kolte Patil, Wagholi, Pune - 412207, Back :- JSPM COllege , Opp :- Reliance Fresh",+(91)-9762727474
Krasna The Beauty Salon,"Gangalaxmi Bhavan, S.No. 48-4 Ganesh Nagar, Vadgaon Sheri, Pune - 411014, Beside Kuba Masjid",+(91)-9881323388
Jyotiba Salon,"Datta Mandir Road, Sankar Kalate Nagar, Wakad, Pune - 411057, Opp. to Datta Mandir",+(91)-9156130909
96 Hair Studio Unisex Salon,"Shop No. 2, Survey No. 165, Bhekrai Road, Fursungi, Pune - 412308, Near Green Hive Society",+(91)-9970786138
A 2 Salon And Spa,"At Post Bodkewadi Gaonthan Hinjawadi Pune, Hinjawadi, Pune - 411057, Near Hp Petrol Pump Or Indian Oil",+(91)-7028936099
Status Saloon,"Behind Akurdi Railway Station, Sant Namdev Road, Akurdi, Pune - 411035, Opp. Banglore Ayengar Bakery, Near Gurudwara Chowk",+(91)-7709254432
Shri Gurukrupa Mens Salon,"Shop No 1, Malwadi Road, Popular Nagar-Warje, Pune - 411058, Near Maruti Mandir",+(91)-9403309209
Classic Mens Parlour,"Shop No 9, Ambedkar Road, Dehu Road, Pune - 412101, Opp Datta Mandir",+(91)-9527144181
Cleo And Scissors Hair And ..,"Next to Vedant Heights,First Floor,, Anand Nagar ,Krishna Nagar, Mohamadwadi, Pune - 411060, Near Alkasa Society, Near Mohammad Wadi Police Station",+(91)-8956567744
Styles N Smiles,"Sus Gaon, Balaji Chowk, Pashan, Pune - 411021, Near Maruti Mandir",+(91)-8417867898
Hair Ware,"3 Rd Floor Shop No 319, Camp, Pune - 411001, Abve Barista Caffe Opp Arora Tower",
Just Hair And Hair Studio,"Shop No 01 Dore Complex, Phursungi Road, Bhekrai Nagar-Fursungi, Pune - 412308, Opposite IBM University, Kumar Properties",+(91)-8669079472
Get Stylish,"Sunshree Woods, Kondhwa Khurd, NIBM-Kondhwa Khurd, Pune - 411048, NIBM Road",+(91)-9607709000
Magnet Professional Mens Pa..,"Panchatantra Nagar, Hinjawadi, Pune - 411057, Near Raj Mundra Biryani House",+(91)-9168225273
Gunishka Beauty Salon,"Wagholi, Pune - 412207, Opposite Lake Paradise",+(91)-9588684087
Morning Star,"Yashwant Colony, Chandan Nagar Road, Chandan Nagar-Kharadi, Pune - 411014, Near Yashwant Bus Stop",+(91)-7841020137
Balaji Mens Salon,"Mamta Chowk, Balewadi-Baner, Pune - 411045, Near Ws Bakers",+(91)-8446740008
Kesh Bhusha Hair Salon,"Shop No. 3, Telco Road, Pimpri, Pune - 411018",+(91)-9763848514
Sudarshan Gents Parlour,"Chinchwad, Pune - 411033, Near Moraya Hospital",+(91)-8669191210
Dinesh Saloon,"Shop No 3, Pooja High Land, Pune Mumbai Express Hiway, Warje, Pune - 411058, Near Shipla Foundation",+(91)-9822342552
Crystal Beauty Parlour,"Shop No .10 Sanskruti Arcade, Kaspate Vasti Wakad, Pune - 411001",+(91)-7887772260
Phoenix Unisex Salon & Spa,"415 B/1 Saraswati Apartment, Kakasaheb Gadgil Road, Narayan Peth, Pune - 411030, Jayhind Ganesh Mitra Mandal",+(91)-8975803286
Lets Glow Unisex Salon,"Ashok Sankul 2 Range Hills Road, Bhosalenagar Pune 411007, Ashok Nagar, Pune - 411007, Near ICICI Bank",+(91)-7350639999
United Services,"Bibvewadi, Pune - 411037, Near Light House",+(91)-7841859597
Remake mens salon,"Shop No 1 Haridham Apartment, Utsav Mangal Karyalay Road, Kothrud, Pune - 411038, Near Foods Corner",+(91)-9970088485
Mythili Beauty Parlour,"Sr No. 27, Munjaba Wasti, Road No 14, Dhanori, Pune - 411015, Opp Bhavna Jewellers, Near Ganpati Mandir",+(91)-7981938831
Art Of Hair Unisex Salon,"Shree Apartment Shop No 1, Ambegaon, Ambegaon Budruk, Pune - 411046, Near Chandragan Society",+(91)-7058822139
A One Hair Cutting Salon,"Sai Chowk, Swasti Shree Appartment, .Shop.No.5, Sangavi, Pune - 411027",+(91)-9762180914
New Perfect Mens Parlour,"Sr.No. 65/5 Jhandewali Road, Handewadi Road, Hadapsar, Pune - 411028",+(91)-9834941060
Smita Make Up Artist,"Blue Berry Society, Shop No 3, Kharadi, Pune - 411014, Near Puneri Sweet Home",+(91)-9960248906
Goodwills Salon,"Shop No 2 Shivtirth Nivas, Mumbai Pune Road, Katraj, Pune - 411046, Near Chundai Mata Mandar",+(91)-7355704508
A-1 hair saloon,"Shivaji Chowk, Pimpri, Pune - 411018",+(91)-7775844349
New Delhi Mens Parlour,"Shop No.2,Gajanan Nagar, Kalewadi, Pune - 411017, Near Jiwan Jyoti Hospital",+(91)-8380931614
City Palace Salon,"Chinchwad, Pune - 411033, Near Ganga Aashiyana Society",+(91)-9850736871
The Salounge,"1151/B, Gourishankar, Subhashnagar Lane No-1, Shukrawar Peth, Pune - 411002, Near Shivaji Maratha High School",+(91)-9673525252
Ds Proffessional Centre,"Sr. No. 281, Chavhan Complex, Dhanori Lohegaon Road, Dhanori, Pune - 411015, Opposite Gajanan Dairy, Dhanori Jakat Naka",+(91)-9511803592
Shreya Beauty Parlour,"Shakuntala Heights, Pune Saswad Road, Hadapsar, Pune - 411028",+(91)-8975355936
Mr Shubh Barber Shop,"Shop No. 7, Mhada Building, YCMH Road, Vallabh Nagar-Pimpri, Pune - 411018, Opp. Dr. D. Y. Patil ACS COLLEGE",+(91)-7028842728
New Status Saloon,"Phulenagar Road, Phule Nagar, Pune - 411018, Opp. Durga Mata Mandir, Phulenagar Kamaan",+(91)-7028842728
Royal Tuch Ac Mens  Parlour,"Shop No. 16 Vinus Garden, Thirteen Vasti, Kharadi, Pune - 411014, Near Bank Of Badoda",+(91)-9168068799
After Glow Beauty Salon (On..,"The Crest,Shop No. 1, Shiv Sai Lane, Pimple Saudagar, Pune - 411027, Near West Ford Building Near Lotus Hospital",+(91)-8855945464
R World Family Saloon,"Shop No 1/2 , Narendra Chayya Building, Trimurti Colony , Azad Nagar, Kothrud, Pune - 411038, Near Paranjape School New DP Road",+(91)-9823762530
Osaine Beauty Salon & Home ..,"Shop No. 3, Kawade Nagar, Kate Puram Chowk, Pimple Gurav, Pune - 411061, Opposite to Mayur Nagari,Opposite Diamond Creatives",+(91)-7020544935
Unique Beauty Salon,"Gulmohar Center Point, Kalyani Nagar, Pune - 411014, Opposite Phoenix Market City",+(91)-9075092889
Hi Looks Unisex Salon,"Amruta Ganga Complex,Shop No.80, Near Shorba Hotel, D.P Road, Sinhagad Road-Vadgaon Budruk, Pune - 411041, Near Amrutganga Building",+(91)-9923868028
Jannet Beauty Care,"Surya Shop No A 11 C Bldg Z Type Surya Co Operative Housing Society, Aundh Road, Khadki, Khadki - 411003, Near Post Office",+(91)-9922168729
My Studio 27 Makeup Beauty ..,"1st Floor S. No. 87/1, Dighi, Dighi, Pune - 411015, Near Vitthal Mandir",+(91)-8888030327
R K Saloon,"Survey No 8, Kharadi Road, Kharadi, Pune - 411014, Near Yashwant Nagar",+(91)-7030027947
Sai Shraddha Gents Parlour,"IVY Estate , Kolte Patil, Wagholi, Pune - 412207, Back :- JSPM COllege , Opp :- Reliance Fresh",+(91)-9762727474
Krasna The Beauty Salon,"Gangalaxmi Bhavan, S.No. 48-4 Ganesh Nagar, Vadgaon Sheri, Pune - 411014, Beside Kuba Masjid",+(91)-9881323388
Jyotiba Salon,"Datta Mandir Road, Sankar Kalate Nagar, Wakad, Pune - 411057, Opp. to Datta Mandir",+(91)-9156130909
96 Hair Studio Unisex Salon,"Shop No. 2, Survey No. 165, Bhekrai Road, Fursungi, Pune - 412308, Near Green Hive Society",+(91)-9970786138
A 2 Salon And Spa,"At Post Bodkewadi Gaonthan Hinjawadi Pune, Hinjawadi, Pune - 411057, Near Hp Petrol Pump Or Indian Oil",+(91)-7028936099
Status Saloon,"Behind Akurdi Railway Station, Sant Namdev Road, Akurdi, Pune - 411035, Opp. Banglore Ayengar Bakery, Near Gurudwara Chowk",+(91)-7709254432
Shri Gurukrupa Mens Salon,"Shop No 1, Malwadi Road, Popular Nagar-Warje, Pune - 411058, Near Maruti Mandir",+(91)-9403309209
Classic Mens Parlour,"Shop No 9, Ambedkar Road, Dehu Road, Pune - 412101, Opp Datta Mandir",+(91)-9527144181
Cleo And Scissors Hair And ..,"Next to Vedant Heights,First Floor,, Anand Nagar ,Krishna Nagar, Mohamadwadi, Pune - 411060, Near Alkasa Society, Near Mohammad Wadi Police Station",+(91)-8956567744
Styles N Smiles,"Sus Gaon, Balaji Chowk, Pashan, Pune - 411021, Near Maruti Mandir",+(91)-8417867898
Hair Ware,"3 Rd Floor Shop No 319, Camp, Pune - 411001, Abve Barista Caffe Opp Arora Tower",
Just Hair And Hair Studio,"Shop No 01 Dore Complex, Phursungi Road, Bhekrai Nagar-Fursungi, Pune - 412308, Opposite IBM University, Kumar Properties",+(91)-8669079472
Get Stylish,"Sunshree Woods, Kondhwa Khurd, NIBM-Kondhwa Khurd, Pune - 411048, NIBM Road",+(91)-9607709000
Magnet Professional Mens Pa..,"Panchatantra Nagar, Hinjawadi, Pune - 411057, Near Raj Mundra Biryani House",+(91)-9168225273
Gunishka Beauty Salon,"Wagholi, Pune - 412207, Opposite Lake Paradise",+(91)-9588684087
Morning Star,"Yashwant Colony, Chandan Nagar Road, Chandan Nagar-Kharadi, Pune - 411014, Near Yashwant Bus Stop",+(91)-7841020137
Balaji Mens Salon,"Mamta Chowk, Balewadi-Baner, Pune - 411045, Near Ws Bakers",+(91)-8446740008
Kesh Bhusha Hair Salon,"Shop No. 3, Telco Road, Pimpri, Pune - 411018",+(91)-9763848514
Sudarshan Gents Parlour,"Chinchwad, Pune - 411033, Near Moraya Hospital",+(91)-8669191210
Dinesh Saloon,"Shop No 3, Pooja High Land, Pune Mumbai Express Hiway, Warje, Pune - 411058, Near Shipla Foundation",+(91)-9822342552
Crystal Beauty Parlour,"Shop No .10 Sanskruti Arcade, Kaspate Vasti Wakad, Pune - 411001",+(91)-7887772260
Phoenix Unisex Salon & Spa,"415 B/1 Saraswati Apartment, Kakasaheb Gadgil Road, Narayan Peth, Pune - 411030, Jayhind Ganesh Mitra Mandal",+(91)-8975803286
Lets Glow Unisex Salon,"Ashok Sankul 2 Range Hills Road, Bhosalenagar Pune 411007, Ashok Nagar, Pune - 411007, Near ICICI Bank",+(91)-7350639999
United Services,"Bibvewadi, Pune - 411037, Near Light House",+(91)-7841859597
Remake mens salon,"Shop No 1 Haridham Apartment, Utsav Mangal Karyalay Road, Kothrud, Pune - 411038, Near Foods Corner",+(91)-9970088485
Mythili Beauty Parlour,"Sr No. 27, Munjaba Wasti, Road No 14, Dhanori, Pune - 411015, Opp Bhavna Jewellers, Near Ganpati Mandir",+(91)-7981938831
Art Of Hair Unisex Salon,"Shree Apartment Shop No 1, Ambegaon, Ambegaon Budruk, Pune - 411046, Near Chandragan Society",+(91)-7058822139
A One Hair Cutting Salon,"Sai Chowk, Swasti Shree Appartment, .Shop.No.5, Sangavi, Pune - 411027",+(91)-9762180914
New Perfect Mens Parlour,"Sr.No. 65/5 Jhandewali Road, Handewadi Road, Hadapsar, Pune - 411028",+(91)-9834941060
Smita Make Up Artist,"Blue Berry Society, Shop No 3, Kharadi, Pune - 411014, Near Puneri Sweet Home",+(91)-9960248906
Goodwills Salon,"Shop No 2 Shivtirth Nivas, Mumbai Pune Road, Katraj, Pune - 411046, Near Chundai Mata Mandar",+(91)-7355704508
A-1 hair saloon,"Shivaji Chowk, Pimpri, Pune - 411018",+(91)-7775844349
New Delhi Mens Parlour,"Shop No.2,Gajanan Nagar, Kalewadi, Pune - 411017, Near Jiwan Jyoti Hospital",+(91)-8380931614
City Palace Salon,"Chinchwad, Pune - 411033, Near Ganga Aashiyana Society",+(91)-9850736871
The Salounge,"1151/B, Gourishankar, Subhashnagar Lane No-1, Shukrawar Peth, Pune - 411002, Near Shivaji Maratha High School",+(91)-9673525252
Ds Proffessional Centre,"Sr. No. 281, Chavhan Complex, Dhanori Lohegaon Road, Dhanori, Pune - 411015, Opposite Gajanan Dairy, Dhanori Jakat Naka",+(91)-9511803592
Shreya Beauty Parlour,"Shakuntala Heights, Pune Saswad Road, Hadapsar, Pune - 411028",+(91)-8975355936
Mr Shubh Barber Shop,"Shop No. 7, Mhada Building, YCMH Road, Vallabh Nagar-Pimpri, Pune - 411018, Opp. Dr. D. Y. Patil ACS COLLEGE",+(91)-7028842728
New Status Saloon,"Phulenagar Road, Phule Nagar, Pune - 411018, Opp. Durga Mata Mandir, Phulenagar Kamaan",+(91)-7028842728
Krasna The Beauty Salon,"Gangalaxmi Bhavan, S.No. 48-4 Ganesh Nagar, Vadgaon Sheri, Pune - 411014, Beside Kuba Masjid",+(91)-9881323388
Jyotiba Salon,"Datta Mandir Road, Sankar Kalate Nagar, Wakad, Pune - 411057, Opp. to Datta Mandir",+(91)-9156130909
96 Hair Studio Unisex Salon,"Shop No. 2, Survey No. 165, Bhekrai Road, Fursungi, Pune - 412308, Near Green Hive Society",+(91)-9970786138
A 2 Salon And Spa,"At Post Bodkewadi Gaonthan Hinjawadi Pune, Hinjawadi, Pune - 411057, Near Hp Petrol Pump Or Indian Oil",+(91)-7028936099
Status Saloon,"Behind Akurdi Railway Station, Sant Namdev Road, Akurdi, Pune - 411035, Opp. Banglore Ayengar Bakery, Near Gurudwara Chowk",+(91)-7709254432
Shri Gurukrupa Mens Salon,"Shop No 1, Malwadi Road, Popular Nagar-Warje, Pune - 411058, Near Maruti Mandir",+(91)-9403309209
Classic Mens Parlour,"Shop No 9, Ambedkar Road, Dehu Road, Pune - 412101, Opp Datta Mandir",+(91)-9527144181
Cleo And Scissors Hair And ..,"Next to Vedant Heights,First Floor,, Anand Nagar ,Krishna Nagar, Mohamadwadi, Pune - 411060, Near Alkasa Society, Near Mohammad Wadi Police Station",+(91)-8956567744
Styles N Smiles,"Sus Gaon, Balaji Chowk, Pashan, Pune - 411021, Near Maruti Mandir",+(91)-8417867898
Hair Ware,"3 Rd Floor Shop No 319, Camp, Pune - 411001, Abve Barista Caffe Opp Arora Tower",
Just Hair And Hair Studio,"Shop No 01 Dore Complex, Phursungi Road, Bhekrai Nagar-Fursungi, Pune - 412308, Opposite IBM University, Kumar Properties",+(91)-8669079472
Get Stylish,"Sunshree Woods, Kondhwa Khurd, NIBM-Kondhwa Khurd, Pune - 411048, NIBM Road",+(91)-9607709000
Magnet Professional Mens Pa..,"Panchatantra Nagar, Hinjawadi, Pune - 411057, Near Raj Mundra Biryani House",+(91)-9168225273
Gunishka Beauty Salon,"Wagholi, Pune - 412207, Opposite Lake Paradise",+(91)-9588684087
Morning Star,"Yashwant Colony, Chandan Nagar Road, Chandan Nagar-Kharadi, Pune - 411014, Near Yashwant Bus Stop",+(91)-7841020137
Balaji Mens Salon,"Mamta Chowk, Balewadi-Baner, Pune - 411045, Near Ws Bakers",+(91)-8446740008
Kesh Bhusha Hair Salon,"Shop No. 3, Telco Road, Pimpri, Pune - 411018",+(91)-9763848514
Sudarshan Gents Parlour,"Chinchwad, Pune - 411033, Near Moraya Hospital",+(91)-8669191210
Dinesh Saloon,"Shop No 3, Pooja High Land, Pune Mumbai Express Hiway, Warje, Pune - 411058, Near Shipla Foundation",+(91)-9822342552
Crystal Beauty Parlour,"Shop No .10 Sanskruti Arcade, Kaspate Vasti Wakad, Pune - 411001",+(91)-7887772260
Phoenix Unisex Salon & Spa,"415 B/1 Saraswati Apartment, Kakasaheb Gadgil Road, Narayan Peth, Pune - 411030, Jayhind Ganesh Mitra Mandal",+(91)-8975803286
Lets Glow Unisex Salon,"Ashok Sankul 2 Range Hills Road, Bhosalenagar Pune 411007, Ashok Nagar, Pune - 411007, Near ICICI Bank",+(91)-7350639999
United Services,"Bibvewadi, Pune - 411037, Near Light House",+(91)-7841859597
Remake mens salon,"Shop No 1 Haridham Apartment, Utsav Mangal Karyalay Road, Kothrud, Pune - 411038, Near Foods Corner",+(91)-9970088485
Mythili Beauty Parlour,"Sr No. 27, Munjaba Wasti, Road No 14, Dhanori, Pune - 411015, Opp Bhavna Jewellers, Near Ganpati Mandir",+(91)-7981938831
Art Of Hair Unisex Salon,"Shree Apartment Shop No 1, Ambegaon, Ambegaon Budruk, Pune - 411046, Near Chandragan Society",+(91)-7058822139
A One Hair Cutting Salon,"Sai Chowk, Swasti Shree Appartment, .Shop.No.5, Sangavi, Pune - 411027",+(91)-9762180914
New Perfect Mens Parlour,"Sr.No. 65/5 Jhandewali Road, Handewadi Road, Hadapsar, Pune - 411028",+(91)-9834941060
Smita Make Up Artist,"Blue Berry Society, Shop No 3, Kharadi, Pune - 411014, Near Puneri Sweet Home",+(91)-9960248906
Goodwills Salon,"Shop No 2 Shivtirth Nivas, Mumbai Pune Road, Katraj, Pune - 411046, Near Chundai Mata Mandar",+(91)-7355704508
A-1 hair saloon,"Shivaji Chowk, Pimpri, Pune - 411018",+(91)-7775844349
New Delhi Mens Parlour,"Shop No.2,Gajanan Nagar, Kalewadi, Pune - 411017, Near Jiwan Jyoti Hospital",+(91)-8380931614
City Palace Salon,"Chinchwad, Pune - 411033, Near Ganga Aashiyana Society",+(91)-9850736871
The Salounge,"1151/B, Gourishankar, Subhashnagar Lane No-1, Shukrawar Peth, Pune - 411002, Near Shivaji Maratha High School",+(91)-9673525252
Ds Proffessional Centre,"Sr. No. 281, Chavhan Complex, Dhanori Lohegaon Road, Dhanori, Pune - 411015, Opposite Gajanan Dairy, Dhanori Jakat Naka",+(91)-9511803592
Shreya Beauty Parlour,"Shakuntala Heights, Pune Saswad Road, Hadapsar, Pune - 411028",+(91)-8975355936
Mr Shubh Barber Shop,"Shop No. 7, Mhada Building, YCMH Road, Vallabh Nagar-Pimpri, Pune - 411018, Opp. Dr. D. Y. Patil ACS COLLEGE",+(91)-7028842728
New Status Saloon,"Phulenagar Road, Phule Nagar, Pune - 411018, Opp. Durga Mata Mandir, Phulenagar Kamaan",+(91)-7028842728
Just Hair And Hair Studio,"Shop No 01 Dore Complex, Phursungi Road, Bhekrai Nagar-Fursungi, Pune - 412308, Opposite IBM University, Kumar Properties",+(91)-8669079472
Get Stylish,"Sunshree Woods, Kondhwa Khurd, NIBM-Kondhwa Khurd, Pune - 411048, NIBM Road",+(91)-9607709000
Magnet Professional Mens Pa..,"Panchatantra Nagar, Hinjawadi, Pune - 411057, Near Raj Mundra Biryani House",+(91)-9168225273
Gunishka Beauty Salon,"Wagholi, Pune - 412207, Opposite Lake Paradise",+(91)-9588684087
Morning Star,"Yashwant Colony, Chandan Nagar Road, Chandan Nagar-Kharadi, Pune - 411014, Near Yashwant Bus Stop",+(91)-7841020137
Balaji Mens Salon,"Mamta Chowk, Balewadi-Baner, Pune - 411045, Near Ws Bakers",+(91)-8446740008
Kesh Bhusha Hair Salon,"Shop No. 3, Telco Road, Pimpri, Pune - 411018",+(91)-9763848514
Sudarshan Gents Parlour,"Chinchwad, Pune - 411033, Near Moraya Hospital",+(91)-8669191210
Dinesh Saloon,"Shop No 3, Pooja High Land, Pune Mumbai Express Hiway, Warje, Pune - 411058, Near Shipla Foundation",+(91)-9822342552
Crystal Beauty Parlour,"Shop No .10 Sanskruti Arcade, Kaspate Vasti Wakad, Pune - 411001",+(91)-7887772260
Phoenix Unisex Salon & Spa,"415 B/1 Saraswati Apartment, Kakasaheb Gadgil Road, Narayan Peth, Pune - 411030, Jayhind Ganesh Mitra Mandal",+(91)-8975803286
Lets Glow Unisex Salon,"Ashok Sankul 2 Range Hills Road, Bhosalenagar Pune 411007, Ashok Nagar, Pune - 411007, Near ICICI Bank",+(91)-7350639999
United Services,"Bibvewadi, Pune - 411037, Near Light House",+(91)-7841859597
Remake mens salon,"Shop No 1 Haridham Apartment, Utsav Mangal Karyalay Road, Kothrud, Pune - 411038, Near Foods Corner",+(91)-9970088485
Mythili Beauty Parlour,"Sr No. 27, Munjaba Wasti, Road No 14, Dhanori, Pune - 411015, Opp Bhavna Jewellers, Near Ganpati Mandir",+(91)-7981938831
Art Of Hair Unisex Salon,"Shree Apartment Shop No 1, Ambegaon, Ambegaon Budruk, Pune - 411046, Near Chandragan Society",+(91)-7058822139
A One Hair Cutting Salon,"Sai Chowk, Swasti Shree Appartment, .Shop.No.5, Sangavi, Pune - 411027",+(91)-9762180914
New Perfect Mens Parlour,"Sr.No. 65/5 Jhandewali Road, Handewadi Road, Hadapsar, Pune - 411028",+(91)-9834941060
Smita Make Up Artist,"Blue Berry Society, Shop No 3, Kharadi, Pune - 411014, Near Puneri Sweet Home",+(91)-9960248906
Goodwills Salon,"Shop No 2 Shivtirth Nivas, Mumbai Pune Road, Katraj, Pune - 411046, Near Chundai Mata Mandar",+(91)-7355704508
A-1 hair saloon,"Shivaji Chowk, Pimpri, Pune - 411018",+(91)-7775844349
New Delhi Mens Parlour,"Shop No.2,Gajanan Nagar, Kalewadi, Pune - 411017, Near Jiwan Jyoti Hospital",+(91)-8380931614
City Palace Salon,"Chinchwad, Pune - 411033, Near Ganga Aashiyana Society",+(91)-9850736871
The Salounge,"1151/B, Gourishankar, Subhashnagar Lane No-1, Shukrawar Peth, Pune - 411002, Near Shivaji Maratha High School",+(91)-9673525252
Ds Proffessional Centre,"Sr. No. 281, Chavhan Complex, Dhanori Lohegaon Road, Dhanori, Pune - 411015, Opposite Gajanan Dairy, Dhanori Jakat Naka",+(91)-9511803592
Shreya Beauty Parlour,"Shakuntala Heights, Pune Saswad Road, Hadapsar, Pune - 411028",+(91)-8975355936
Mr Shubh Barber Shop,"Shop No. 7, Mhada Building, YCMH Road, Vallabh Nagar-Pimpri, Pune - 411018, Opp. Dr. D. Y. Patil ACS COLLEGE",+(91)-7028842728
New Status Saloon,"Phulenagar Road, Phule Nagar, Pune - 411018, Opp. Durga Mata Mandir, Phulenagar Kamaan",+(91)-7028842728
Phoenix Unisex Salon & Spa,"415 B/1 Saraswati Apartment, Kakasaheb Gadgil Road, Narayan Peth, Pune - 411030, Jayhind Ganesh Mitra Mandal",+(91)-8975803286
Lets Glow Unisex Salon,"Ashok Sankul 2 Range Hills Road, Bhosalenagar Pune 411007, Ashok Nagar, Pune - 411007, Near ICICI Bank",+(91)-7350639999
United Services,"Bibvewadi, Pune - 411037, Near Light House",+(91)-7841859597
Remake mens salon,"Shop No 1 Haridham Apartment, Utsav Mangal Karyalay Road, Kothrud, Pune - 411038, Near Foods Corner",+(91)-9970088485
Mythili Beauty Parlour,"Sr No. 27, Munjaba Wasti, Road No 14, Dhanori, Pune - 411015, Opp Bhavna Jewellers, Near Ganpati Mandir",+(91)-7981938831
Art Of Hair Unisex Salon,"Shree Apartment Shop No 1, Ambegaon, Ambegaon Budruk, Pune - 411046, Near Chandragan Society",+(91)-7058822139
A One Hair Cutting Salon,"Sai Chowk, Swasti Shree Appartment, .Shop.No.5, Sangavi, Pune - 411027",+(91)-9762180914
New Perfect Mens Parlour,"Sr.No. 65/5 Jhandewali Road, Handewadi Road, Hadapsar, Pune - 411028",+(91)-9834941060
Smita Make Up Artist,"Blue Berry Society, Shop No 3, Kharadi, Pune - 411014, Near Puneri Sweet Home",+(91)-9960248906
Goodwills Salon,"Shop No 2 Shivtirth Nivas, Mumbai Pune Road, Katraj, Pune - 411046, Near Chundai Mata Mandar",+(91)-7355704508
A-1 hair saloon,"Shivaji Chowk, Pimpri, Pune - 411018",+(91)-7775844349
New Delhi Mens Parlour,"Shop No.2,Gajanan Nagar, Kalewadi, Pune - 411017, Near Jiwan Jyoti Hospital",+(91)-8380931614
City Palace Salon,"Chinchwad, Pune - 411033, Near Ganga Aashiyana Society",+(91)-9850736871
The Salounge,"1151/B, Gourishankar, Subhashnagar Lane No-1, Shukrawar Peth, Pune - 411002, Near Shivaji Maratha High School",+(91)-9673525252
Ds Proffessional Centre,"Sr. No. 281, Chavhan Complex, Dhanori Lohegaon Road, Dhanori, Pune - 411015, Opposite Gajanan Dairy, Dhanori Jakat Naka",+(91)-9511803592
Shreya Beauty Parlour,"Shakuntala Heights, Pune Saswad Road, Hadapsar, Pune - 411028",+(91)-8975355936
Mr Shubh Barber Shop,"Shop No. 7, Mhada Building, YCMH Road, Vallabh Nagar-Pimpri, Pune - 411018, Opp. Dr. D. Y. Patil ACS COLLEGE",+(91)-7028842728
New Status Saloon,"Phulenagar Road, Phule Nagar, Pune - 411018, Opp. Durga Mata Mandir, Phulenagar Kamaan",+(91)-7028842728
A-1 hair saloon,"Shivaji Chowk, Pimpri, Pune - 411018",+(91)-7775844349
New Delhi Mens Parlour,"Shop No.2,Gajanan Nagar, Kalewadi, Pune - 411017, Near Jiwan Jyoti Hospital",+(91)-8380931614
City Palace Salon,"Chinchwad, Pune - 411033, Near Ganga Aashiyana Society",+(91)-9850736871
The Salounge,"1151/B, Gourishankar, Subhashnagar Lane No-1, Shukrawar Peth, Pune - 411002, Near Shivaji Maratha High School",+(91)-9673525252
Ds Proffessional Centre,"Sr. No. 281, Chavhan Complex, Dhanori Lohegaon Road, Dhanori, Pune - 411015, Opposite Gajanan Dairy, Dhanori Jakat Naka",+(91)-9511803592
Shreya Beauty Parlour,"Shakuntala Heights, Pune Saswad Road, Hadapsar, Pune - 411028",+(91)-8975355936
Mr Shubh Barber Shop,"Shop No. 7, Mhada Building, YCMH Road, Vallabh Nagar-Pimpri, Pune - 411018, Opp. Dr. D. Y. Patil ACS COLLEGE",+(91)-7028842728
New Status Saloon,"Phulenagar Road, Phule Nagar, Pune - 411018, Opp. Durga Mata Mandir, Phulenagar Kamaan",+(91)-7028842728
Malik Salon,"Kudalwadi-Chikhali, Pune - 411062, NEAR Kudalwaadi",07947459346
Znr Family Salon,"Shop No.33,Bramha Majestic, NIBM Road, NIBM-Kondhwa Khurd, Pune - 411048, Behind Sarvodya Society",07947479541
STYLE UNISEX SALON,"Opp Annasaheb Magar College, Madhav Nagar, Hadapsar, Pune - 411028",08045798588
Ps Makeover Studio,"Mukai Nagar, Hinjawadi, Pune - 411057, Near  Matoshree Food Court",07947379354
Giovani Salon On Wheels,"Siddhivilla Housing Society Aryan Row House No 1, Near Akurdi Railway Stn, Nigdi Pradhikaran, Pune - 411044, Sector 26",07947202913
Ki & Ka Salon,"Shop No 8, Atul Nagar, Undri, Pune - 411060, Opposite Euro School",07947203302
The S B Unisex Salon,"Shop No-4,Sai Classic Building, 40 Feet Road, Manjari Farm, Pune - 412307, Z Corner Manjari",07947479231
Amos Unisex Salon,"Shop No 203 2nd Floor Stellar Spaces, Kharadi, Pune - 411014, Opposite Zensar IT Park",+(91)-8806510251
Shalmaleyz Beauty Salon And..,"Green Park Society,Rama Builder,B Wing,3rd Floor,Flat No-7, Neharunagar Road, Nehru Nagar, Pune - 411018, Near United Church",+(91)-8329349697
Kaina The Make Up Artist,"Maharashtra Housing Board, Building M10, Flat No. 1692, Airport Road, Yerawada, Pune - 411006",+(91)-9975177474
Ashrafs scissors hands salo..,"Flat No.101, Ozone Springs, Utkarsha Chowk, Wakad, Pune - 411057, Near Mandir Road",+(91)-9833982633
Sanis Unisex Salon,"Shop No 4, Shewale Towers, Pune Saswad Street, Fursungi, Pune - 412308, Above Monginis Cake Next to Bhekrai Nagar Jakat Naka",+(91)-9881222343
Anex Mens Parlour,"Shop No 88/727 Shivani Building, Shahu College Road, Parvati, Pune - 411009, Laxmi Nagar, Near Gajanan Maharaj Mandir",+(91)-9765554810
Hair Xpress And Beauty Salo..,"Shop No 2 Arya Building Guruprasad Colony, Cummins Collage Road  Lane No 01, Karve Nagar-hingne Budrukh, Pune - 411052, Rudra Hotel Near Soda Shop Navsahydri",+(91)-9921246669
New Vivek Hair Stylist,"Shop No.20, Aditya Nakoda Enclave, Sinhgad Road, Jaydeo Nagar-Dattawadi, Pune - 411030, Opp P L Deshpande Garden",+(91)-020-24332244
Guts Unisex Salon,"Shop No 6, Mayfair Eleganza Phase 1, NIBM Road, Nibm-kondhwa Khurd, Pune - 411048, Near SBI Bank Opposite to Joyti Restaurant",+(91)-7798410391
Scissors Salon & Spa,"Shop No.D S - 6, Soba Savers, Opp.sit Aram Abaji School,near Relax Hotel, Swami Vivekanand Road, Bibvewadi, Pune - 411037, Near Bagli Hospital",+(91)-9881377212
Refleqtion Unisex Salon,"First Floor, Shree Complex, Balewadi-baner, Pune - 411045, Opposite Ravindra Nath Tagore School",+(91)-9172635546
Kavitas Beauty Care Family ..,"Shop No 2 Mayur Karve Road, Kothrud, Pune - 411038",+(91)-8378823808
Ki and Ka Unisex Salon,"Majestic Building, Dhayari, Pune - 411041, Near Nalanda School",+(91)-9665920326
Royal Tuch Ac Mens  Parlour,"Shop No. 16 Vinus Garden, Thirteen Vasti, Kharadi, Pune - 411014, Near Bank Of Badoda",+(91)-9168068799
After Glow Beauty Salon (On..,"The Crest,Shop No. 1, Shiv Sai Lane, Pimple Saudagar, Pune - 411027, Near West Ford Building Near Lotus Hospital",+(91)-8855945464
R World Family Saloon,"Shop No 1/2 , Narendra Chayya Building, Trimurti Colony , Azad Nagar, Kothrud, Pune - 411038, Near Paranjape School New DP Road",+(91)-9823762530
Osaine Beauty Salon & Home ..,"Shop No. 3, Kawade Nagar, Kate Puram Chowk, Pimple Gurav, Pune - 411061, Opposite to Mayur Nagari,Opposite Diamond Creatives",+(91)-7020544935
Unique Beauty Salon,"Gulmohar Center Point, Kalyani Nagar, Pune - 411014, Opposite Phoenix Market City",+(91)-9075092889
Hi Looks Unisex Salon,"Amruta Ganga Complex,Shop No.80, Near Shorba Hotel, D.P Road, Sinhagad Road-Vadgaon Budruk, Pune - 411041, Near Amrutganga Building",+(91)-9923868028
Jannet Beauty Care,"Surya Shop No A 11 C Bldg Z Type Surya Co Operative Housing Society, Aundh Road, Khadki, Khadki - 411003, Near Post Office",+(91)-9922168729
My Studio 27 Makeup Beauty ..,"1st Floor S. No. 87/1, Dighi, Dighi, Pune - 411015, Near Vitthal Mandir",+(91)-8888030327
R K Saloon,"Survey No 8, Kharadi Road, Kharadi, Pune - 411014, Near Yashwant Nagar",+(91)-7030027947
Sai Shraddha Gents Parlour,"IVY Estate , Kolte Patil, Wagholi, Pune - 412207, Back :- JSPM COllege , Opp :- Reliance Fresh",+(91)-9762727474
Krasna The Beauty Salon,"Gangalaxmi Bhavan, S.No. 48-4 Ganesh Nagar, Vadgaon Sheri, Pune - 411014, Beside Kuba Masjid",+(91)-9881323388
Jyotiba Salon,"Datta Mandir Road, Sankar Kalate Nagar, Wakad, Pune - 411057, Opp. to Datta Mandir",+(91)-9156130909
96 Hair Studio Unisex Salon,"Shop No. 2, Survey No. 165, Bhekrai Road, Fursungi, Pune - 412308, Near Green Hive Society",+(91)-9970786138
A 2 Salon And Spa,"At Post Bodkewadi Gaonthan Hinjawadi Pune, Hinjawadi, Pune - 411057, Near Hp Petrol Pump Or Indian Oil",+(91)-7028936099
Status Saloon,"Behind Akurdi Railway Station, Sant Namdev Road, Akurdi, Pune - 411035, Opp. Banglore Ayengar Bakery, Near Gurudwara Chowk",+(91)-7709254432
Shri Gurukrupa Mens Salon,"Shop No 1, Malwadi Road, Popular Nagar-Warje, Pune - 411058, Near Maruti Mandir",+(91)-9403309209
Classic Mens Parlour,"Shop No 9, Ambedkar Road, Dehu Road, Pune - 412101, Opp Datta Mandir",+(91)-9527144181
Cleo And Scissors Hair And ..,"Next to Vedant Heights,First Floor,, Anand Nagar ,Krishna Nagar, Mohamadwadi, Pune - 411060, Near Alkasa Society, Near Mohammad Wadi Police Station",+(91)-8956567744
Styles N Smiles,"Sus Gaon, Balaji Chowk, Pashan, Pune - 411021, Near Maruti Mandir",+(91)-8417867898
Hair Ware,"3 Rd Floor Shop No 319, Camp, Pune - 411001, Abve Barista Caffe Opp Arora Tower",
Just Hair And Hair Studio,"Shop No 01 Dore Complex, Phursungi Road, Bhekrai Nagar-Fursungi, Pune - 412308, Opposite IBM University, Kumar Properties",+(91)-8669079472
Get Stylish,"Sunshree Woods, Kondhwa Khurd, NIBM-Kondhwa Khurd, Pune - 411048, NIBM Road",+(91)-9607709000
Magnet Professional Mens Pa..,"Panchatantra Nagar, Hinjawadi, Pune - 411057, Near Raj Mundra Biryani House",+(91)-9168225273
Gunishka Beauty Salon,"Wagholi, Pune - 412207, Opposite Lake Paradise",+(91)-9588684087
Morning Star,"Yashwant Colony, Chandan Nagar Road, Chandan Nagar-Kharadi, Pune - 411014, Near Yashwant Bus Stop",+(91)-7841020137
Balaji Mens Salon,"Mamta Chowk, Balewadi-Baner, Pune - 411045, Near Ws Bakers",+(91)-8446740008
Kesh Bhusha Hair Salon,"Shop No. 3, Telco Road, Pimpri, Pune - 411018",+(91)-9763848514
Sudarshan Gents Parlour,"Chinchwad, Pune - 411033, Near Moraya Hospital",+(91)-8669191210
Dinesh Saloon,"Shop No 3, Pooja High Land, Pune Mumbai Express Hiway, Warje, Pune - 411058, Near Shipla Foundation",+(91)-9822342552
Crystal Beauty Parlour,"Shop No .10 Sanskruti Arcade, Kaspate Vasti Wakad, Pune - 411001",+(91)-7887772260
Phoenix Unisex Salon & Spa,"415 B/1 Saraswati Apartment, Kakasaheb Gadgil Road, Narayan Peth, Pune - 411030, Jayhind Ganesh Mitra Mandal",+(91)-8975803286
Lets Glow Unisex Salon,"Ashok Sankul 2 Range Hills Road, Bhosalenagar Pune 411007, Ashok Nagar, Pune - 411007, Near ICICI Bank",+(91)-7350639999
United Services,"Bibvewadi, Pune - 411037, Near Light House",+(91)-7841859597
Remake mens salon,"Shop No 1 Haridham Apartment, Utsav Mangal Karyalay Road, Kothrud, Pune - 411038, Near Foods Corner",+(91)-9970088485
Mythili Beauty Parlour,"Sr No. 27, Munjaba Wasti, Road No 14, Dhanori, Pune - 411015, Opp Bhavna Jewellers, Near Ganpati Mandir",+(91)-7981938831
Art Of Hair Unisex Salon,"Shree Apartment Shop No 1, Ambegaon, Ambegaon Budruk, Pune - 411046, Near Chandragan Society",+(91)-7058822139
A One Hair Cutting Salon,"Sai Chowk, Swasti Shree Appartment, .Shop.No.5, Sangavi, Pune - 411027",+(91)-9762180914
New Perfect Mens Parlour,"Sr.No. 65/5 Jhandewali Road, Handewadi Road, Hadapsar, Pune - 411028",+(91)-9834941060
Smita Make Up Artist,"Blue Berry Society, Shop No 3, Kharadi, Pune - 411014, Near Puneri Sweet Home",+(91)-9960248906
Goodwills Salon,"Shop No 2 Shivtirth Nivas, Mumbai Pune Road, Katraj, Pune - 411046, Near Chundai Mata Mandar",+(91)-7355704508
A-1 hair saloon,"Shivaji Chowk, Pimpri, Pune - 411018",+(91)-7775844349
New Delhi Mens Parlour,"Shop No.2,Gajanan Nagar, Kalewadi, Pune - 411017, Near Jiwan Jyoti Hospital",+(91)-8380931614
City Palace Salon,"Chinchwad, Pune - 411033, Near Ganga Aashiyana Society",+(91)-9850736871
The Salounge,"1151/B, Gourishankar, Subhashnagar Lane No-1, Shukrawar Peth, Pune - 411002, Near Shivaji Maratha High School",+(91)-9673525252
Ds Proffessional Centre,"Sr. No. 281, Chavhan Complex, Dhanori Lohegaon Road, Dhanori, Pune - 411015, Opposite Gajanan Dairy, Dhanori Jakat Naka",+(91)-9511803592
Shreya Beauty Parlour,"Shakuntala Heights, Pune Saswad Road, Hadapsar, Pune - 411028",+(91)-8975355936
Mr Shubh Barber Shop,"Shop No. 7, Mhada Building, YCMH Road, Vallabh Nagar-Pimpri, Pune - 411018, Opp. Dr. D. Y. Patil ACS COLLEGE",+(91)-7028842728
New Status Saloon,"Phulenagar Road, Phule Nagar, Pune - 411018, Opp. Durga Mata Mandir, Phulenagar Kamaan",+(91)-7028842728
Ashrafs scissors hands salo..,"Flat No.101, Ozone Springs, Utkarsha Chowk, Wakad, Pune - 411057, Near Mandir Road",+(91)-9833982633
Sanis Unisex Salon,"Shop No 4, Shewale Towers, Pune Saswad Street, Fursungi, Pune - 412308, Above Monginis Cake Next to Bhekrai Nagar Jakat Naka",+(91)-9881222343
Anex Mens Parlour,"Shop No 88/727 Shivani Building, Shahu College Road, Parvati, Pune - 411009, Laxmi Nagar, Near Gajanan Maharaj Mandir",+(91)-9765554810
Hair Xpress And Beauty Salo..,"Shop No 2 Arya Building Guruprasad Colony, Cummins Collage Road  Lane No 01, Karve Nagar-hingne Budrukh, Pune - 411052, Rudra Hotel Near Soda Shop Navsahydri",+(91)-9921246669
New Vivek Hair Stylist,"Shop No.20, Aditya Nakoda Enclave, Sinhgad Road, Jaydeo Nagar-Dattawadi, Pune - 411030, Opp P L Deshpande Garden",+(91)-020-24332244
Guts Unisex Salon,"Shop No 6, Mayfair Eleganza Phase 1, NIBM Road, Nibm-kondhwa Khurd, Pune - 411048, Near SBI Bank Opposite to Joyti Restaurant",+(91)-7798410391
Scissors Salon & Spa,"Shop No.D S - 6, Soba Savers, Opp.sit Aram Abaji School,near Relax Hotel, Swami Vivekanand Road, Bibvewadi, Pune - 411037, Near Bagli Hospital",+(91)-9881377212
Refleqtion Unisex Salon,"First Floor, Shree Complex, Balewadi-baner, Pune - 411045, Opposite Ravindra Nath Tagore School",+(91)-9172635546
Kavitas Beauty Care Family ..,"Shop No 2 Mayur Karve Road, Kothrud, Pune - 411038",+(91)-8378823808
Ki and Ka Unisex Salon,"Majestic Building, Dhayari, Pune - 411041, Near Nalanda School",+(91)-9665920326
Royal Tuch Ac Mens  Parlour,"Shop No. 16 Vinus Garden, Thirteen Vasti, Kharadi, Pune - 411014, Near Bank Of Badoda",+(91)-9168068799
After Glow Beauty Salon (On..,"The Crest,Shop No. 1, Shiv Sai Lane, Pimple Saudagar, Pune - 411027, Near West Ford Building Near Lotus Hospital",+(91)-8855945464
R World Family Saloon,"Shop No 1/2 , Narendra Chayya Building, Trimurti Colony , Azad Nagar, Kothrud, Pune - 411038, Near Paranjape School New DP Road",+(91)-9823762530
Osaine Beauty Salon & Home ..,"Shop No. 3, Kawade Nagar, Kate Puram Chowk, Pimple Gurav, Pune - 411061, Opposite to Mayur Nagari,Opposite Diamond Creatives",+(91)-7020544935
Unique Beauty Salon,"Gulmohar Center Point, Kalyani Nagar, Pune - 411014, Opposite Phoenix Market City",+(91)-9075092889
Hi Looks Unisex Salon,"Amruta Ganga Complex,Shop No.80, Near Shorba Hotel, D.P Road, Sinhagad Road-Vadgaon Budruk, Pune - 411041, Near Amrutganga Building",+(91)-9923868028
Jannet Beauty Care,"Surya Shop No A 11 C Bldg Z Type Surya Co Operative Housing Society, Aundh Road, Khadki, Khadki - 411003, Near Post Office",+(91)-9922168729
My Studio 27 Makeup Beauty ..,"1st Floor S. No. 87/1, Dighi, Dighi, Pune - 411015, Near Vitthal Mandir",+(91)-8888030327
R K Saloon,"Survey No 8, Kharadi Road, Kharadi, Pune - 411014, Near Yashwant Nagar",+(91)-7030027947
Sai Shraddha Gents Parlour,"IVY Estate , Kolte Patil, Wagholi, Pune - 412207, Back :- JSPM COllege , Opp :- Reliance Fresh",+(91)-9762727474
Krasna The Beauty Salon,"Gangalaxmi Bhavan, S.No. 48-4 Ganesh Nagar, Vadgaon Sheri, Pune - 411014, Beside Kuba Masjid",+(91)-9881323388
Jyotiba Salon,"Datta Mandir Road, Sankar Kalate Nagar, Wakad, Pune - 411057, Opp. to Datta Mandir",+(91)-9156130909
96 Hair Studio Unisex Salon,"Shop No. 2, Survey No. 165, Bhekrai Road, Fursungi, Pune - 412308, Near Green Hive Society",+(91)-9970786138
A 2 Salon And Spa,"At Post Bodkewadi Gaonthan Hinjawadi Pune, Hinjawadi, Pune - 411057, Near Hp Petrol Pump Or Indian Oil",+(91)-7028936099
Status Saloon,"Behind Akurdi Railway Station, Sant Namdev Road, Akurdi, Pune - 411035, Opp. Banglore Ayengar Bakery, Near Gurudwara Chowk",+(91)-7709254432
Shri Gurukrupa Mens Salon,"Shop No 1, Malwadi Road, Popular Nagar-Warje, Pune - 411058, Near Maruti Mandir",+(91)-9403309209
Classic Mens Parlour,"Shop No 9, Ambedkar Road, Dehu Road, Pune - 412101, Opp Datta Mandir",+(91)-9527144181
Cleo And Scissors Hair And ..,"Next to Vedant Heights,First Floor,, Anand Nagar ,Krishna Nagar, Mohamadwadi, Pune - 411060, Near Alkasa Society, Near Mohammad Wadi Police Station",+(91)-8956567744
Styles N Smiles,"Sus Gaon, Balaji Chowk, Pashan, Pune - 411021, Near Maruti Mandir",+(91)-8417867898
Hair Ware,"3 Rd Floor Shop No 319, Camp, Pune - 411001, Abve Barista Caffe Opp Arora Tower",
Just Hair And Hair Studio,"Shop No 01 Dore Complex, Phursungi Road, Bhekrai Nagar-Fursungi, Pune - 412308, Opposite IBM University, Kumar Properties",+(91)-8669079472
Get Stylish,"Sunshree Woods, Kondhwa Khurd, NIBM-Kondhwa Khurd, Pune - 411048, NIBM Road",+(91)-9607709000
Magnet Professional Mens Pa..,"Panchatantra Nagar, Hinjawadi, Pune - 411057, Near Raj Mundra Biryani House",+(91)-9168225273
Gunishka Beauty Salon,"Wagholi, Pune - 412207, Opposite Lake Paradise",+(91)-9588684087
Morning Star,"Yashwant Colony, Chandan Nagar Road, Chandan Nagar-Kharadi, Pune - 411014, Near Yashwant Bus Stop",+(91)-7841020137
Balaji Mens Salon,"Mamta Chowk, Balewadi-Baner, Pune - 411045, Near Ws Bakers",+(91)-8446740008
Kesh Bhusha Hair Salon,"Shop No. 3, Telco Road, Pimpri, Pune - 411018",+(91)-9763848514
Sudarshan Gents Parlour,"Chinchwad, Pune - 411033, Near Moraya Hospital",+(91)-8669191210
Dinesh Saloon,"Shop No 3, Pooja High Land, Pune Mumbai Express Hiway, Warje, Pune - 411058, Near Shipla Foundation",+(91)-9822342552
Crystal Beauty Parlour,"Shop No .10 Sanskruti Arcade, Kaspate Vasti Wakad, Pune - 411001",+(91)-7887772260
Phoenix Unisex Salon & Spa,"415 B/1 Saraswati Apartment, Kakasaheb Gadgil Road, Narayan Peth, Pune - 411030, Jayhind Ganesh Mitra Mandal",+(91)-8975803286
Lets Glow Unisex Salon,"Ashok Sankul 2 Range Hills Road, Bhosalenagar Pune 411007, Ashok Nagar, Pune - 411007, Near ICICI Bank",+(91)-7350639999
United Services,"Bibvewadi, Pune - 411037, Near Light House",+(91)-7841859597
Remake mens salon,"Shop No 1 Haridham Apartment, Utsav Mangal Karyalay Road, Kothrud, Pune - 411038, Near Foods Corner",+(91)-9970088485
Mythili Beauty Parlour,"Sr No. 27, Munjaba Wasti, Road No 14, Dhanori, Pune - 411015, Opp Bhavna Jewellers, Near Ganpati Mandir",+(91)-7981938831
Art Of Hair Unisex Salon,"Shree Apartment Shop No 1, Ambegaon, Ambegaon Budruk, Pune - 411046, Near Chandragan Society",+(91)-7058822139
A One Hair Cutting Salon,"Sai Chowk, Swasti Shree Appartment, .Shop.No.5, Sangavi, Pune - 411027",+(91)-9762180914
New Perfect Mens Parlour,"Sr.No. 65/5 Jhandewali Road, Handewadi Road, Hadapsar, Pune - 411028",+(91)-9834941060
Smita Make Up Artist,"Blue Berry Society, Shop No 3, Kharadi, Pune - 411014, Near Puneri Sweet Home",+(91)-9960248906
Goodwills Salon,"Shop No 2 Shivtirth Nivas, Mumbai Pune Road, Katraj, Pune - 411046, Near Chundai Mata Mandar",+(91)-7355704508
A-1 hair saloon,"Shivaji Chowk, Pimpri, Pune - 411018",+(91)-7775844349
New Delhi Mens Parlour,"Shop No.2,Gajanan Nagar, Kalewadi, Pune - 411017, Near Jiwan Jyoti Hospital",+(91)-8380931614
City Palace Salon,"Chinchwad, Pune - 411033, Near Ganga Aashiyana Society",+(91)-9850736871
The Salounge,"1151/B, Gourishankar, Subhashnagar Lane No-1, Shukrawar Peth, Pune - 411002, Near Shivaji Maratha High School",+(91)-9673525252
Ds Proffessional Centre,"Sr. No. 281, Chavhan Complex, Dhanori Lohegaon Road, Dhanori, Pune - 411015, Opposite Gajanan Dairy, Dhanori Jakat Naka",+(91)-9511803592
Shreya Beauty Parlour,"Shakuntala Heights, Pune Saswad Road, Hadapsar, Pune - 411028",+(91)-8975355936
Mr Shubh Barber Shop,"Shop No. 7, Mhada Building, YCMH Road, Vallabh Nagar-Pimpri, Pune - 411018, Opp. Dr. D. Y. Patil ACS COLLEGE",+(91)-7028842728
New Status Saloon,"Phulenagar Road, Phule Nagar, Pune - 411018, Opp. Durga Mata Mandir, Phulenagar Kamaan",+(91)-7028842728
Royal Tuch Ac Mens  Parlour,"Shop No. 16 Vinus Garden, Thirteen Vasti, Kharadi, Pune - 411014, Near Bank Of Badoda",+(91)-9168068799
After Glow Beauty Salon (On..,"The Crest,Shop No. 1, Shiv Sai Lane, Pimple Saudagar, Pune - 411027, Near West Ford Building Near Lotus Hospital",+(91)-8855945464
R World Family Saloon,"Shop No 1/2 , Narendra Chayya Building, Trimurti Colony , Azad Nagar, Kothrud, Pune - 411038, Near Paranjape School New DP Road",+(91)-9823762530
Osaine Beauty Salon & Home ..,"Shop No. 3, Kawade Nagar, Kate Puram Chowk, Pimple Gurav, Pune - 411061, Opposite to Mayur Nagari,Opposite Diamond Creatives",+(91)-7020544935
Unique Beauty Salon,"Gulmohar Center Point, Kalyani Nagar, Pune - 411014, Opposite Phoenix Market City",+(91)-9075092889
Hi Looks Unisex Salon,"Amruta Ganga Complex,Shop No.80, Near Shorba Hotel, D.P Road, Sinhagad Road-Vadgaon Budruk, Pune - 411041, Near Amrutganga Building",+(91)-9923868028
Jannet Beauty Care,"Surya Shop No A 11 C Bldg Z Type Surya Co Operative Housing Society, Aundh Road, Khadki, Khadki - 411003, Near Post Office",+(91)-9922168729
My Studio 27 Makeup Beauty ..,"1st Floor S. No. 87/1, Dighi, Dighi, Pune - 411015, Near Vitthal Mandir",+(91)-8888030327
R K Saloon,"Survey No 8, Kharadi Road, Kharadi, Pune - 411014, Near Yashwant Nagar",+(91)-7030027947
Sai Shraddha Gents Parlour,"IVY Estate , Kolte Patil, Wagholi, Pune - 412207, Back :- JSPM COllege , Opp :- Reliance Fresh",+(91)-9762727474
Krasna The Beauty Salon,"Gangalaxmi Bhavan, S.No. 48-4 Ganesh Nagar, Vadgaon Sheri, Pune - 411014, Beside Kuba Masjid",+(91)-9881323388
Jyotiba Salon,"Datta Mandir Road, Sankar Kalate Nagar, Wakad, Pune - 411057, Opp. to Datta Mandir",+(91)-9156130909
96 Hair Studio Unisex Salon,"Shop No. 2, Survey No. 165, Bhekrai Road, Fursungi, Pune - 412308, Near Green Hive Society",+(91)-9970786138
A 2 Salon And Spa,"At Post Bodkewadi Gaonthan Hinjawadi Pune, Hinjawadi, Pune - 411057, Near Hp Petrol Pump Or Indian Oil",+(91)-7028936099
Status Saloon,"Behind Akurdi Railway Station, Sant Namdev Road, Akurdi, Pune - 411035, Opp. Banglore Ayengar Bakery, Near Gurudwara Chowk",+(91)-7709254432
Shri Gurukrupa Mens Salon,"Shop No 1, Malwadi Road, Popular Nagar-Warje, Pune - 411058, Near Maruti Mandir",+(91)-9403309209
Classic Mens Parlour,"Shop No 9, Ambedkar Road, Dehu Road, Pune - 412101, Opp Datta Mandir",+(91)-9527144181
Cleo And Scissors Hair And ..,"Next to Vedant Heights,First Floor,, Anand Nagar ,Krishna Nagar, Mohamadwadi, Pune - 411060, Near Alkasa Society, Near Mohammad Wadi Police Station",+(91)-8956567744
Styles N Smiles,"Sus Gaon, Balaji Chowk, Pashan, Pune - 411021, Near Maruti Mandir",+(91)-8417867898
Hair Ware,"3 Rd Floor Shop No 319, Camp, Pune - 411001, Abve Barista Caffe Opp Arora Tower",
Just Hair And Hair Studio,"Shop No 01 Dore Complex, Phursungi Road, Bhekrai Nagar-Fursungi, Pune - 412308, Opposite IBM University, Kumar Properties",+(91)-8669079472
Get Stylish,"Sunshree Woods, Kondhwa Khurd, NIBM-Kondhwa Khurd, Pune - 411048, NIBM Road",+(91)-9607709000
Magnet Professional Mens Pa..,"Panchatantra Nagar, Hinjawadi, Pune - 411057, Near Raj Mundra Biryani House",+(91)-9168225273
Gunishka Beauty Salon,"Wagholi, Pune - 412207, Opposite Lake Paradise",+(91)-9588684087
Morning Star,"Yashwant Colony, Chandan Nagar Road, Chandan Nagar-Kharadi, Pune - 411014, Near Yashwant Bus Stop",+(91)-7841020137
Balaji Mens Salon,"Mamta Chowk, Balewadi-Baner, Pune - 411045, Near Ws Bakers",+(91)-8446740008
Kesh Bhusha Hair Salon,"Shop No. 3, Telco Road, Pimpri, Pune - 411018",+(91)-9763848514
Sudarshan Gents Parlour,"Chinchwad, Pune - 411033, Near Moraya Hospital",+(91)-8669191210
Dinesh Saloon,"Shop No 3, Pooja High Land, Pune Mumbai Express Hiway, Warje, Pune - 411058, Near Shipla Foundation",+(91)-9822342552
Crystal Beauty Parlour,"Shop No .10 Sanskruti Arcade, Kaspate Vasti Wakad, Pune - 411001",+(91)-7887772260
Phoenix Unisex Salon & Spa,"415 B/1 Saraswati Apartment, Kakasaheb Gadgil Road, Narayan Peth, Pune - 411030, Jayhind Ganesh Mitra Mandal",+(91)-8975803286
Lets Glow Unisex Salon,"Ashok Sankul 2 Range Hills Road, Bhosalenagar Pune 411007, Ashok Nagar, Pune - 411007, Near ICICI Bank",+(91)-7350639999
United Services,"Bibvewadi, Pune - 411037, Near Light House",+(91)-7841859597
Remake mens salon,"Shop No 1 Haridham Apartment, Utsav Mangal Karyalay Road, Kothrud, Pune - 411038, Near Foods Corner",+(91)-9970088485
Mythili Beauty Parlour,"Sr No. 27, Munjaba Wasti, Road No 14, Dhanori, Pune - 411015, Opp Bhavna Jewellers, Near Ganpati Mandir",+(91)-7981938831
Art Of Hair Unisex Salon,"Shree Apartment Shop No 1, Ambegaon, Ambegaon Budruk, Pune - 411046, Near Chandragan Society",+(91)-7058822139
A One Hair Cutting Salon,"Sai Chowk, Swasti Shree Appartment, .Shop.No.5, Sangavi, Pune - 411027",+(91)-9762180914
New Perfect Mens Parlour,"Sr.No. 65/5 Jhandewali Road, Handewadi Road, Hadapsar, Pune - 411028",+(91)-9834941060
Smita Make Up Artist,"Blue Berry Society, Shop No 3, Kharadi, Pune - 411014, Near Puneri Sweet Home",+(91)-9960248906
Goodwills Salon,"Shop No 2 Shivtirth Nivas, Mumbai Pune Road, Katraj, Pune - 411046, Near Chundai Mata Mandar",+(91)-7355704508
A-1 hair saloon,"Shivaji Chowk, Pimpri, Pune - 411018",+(91)-7775844349
New Delhi Mens Parlour,"Shop No.2,Gajanan Nagar, Kalewadi, Pune - 411017, Near Jiwan Jyoti Hospital",+(91)-8380931614
City Palace Salon,"Chinchwad, Pune - 411033, Near Ganga Aashiyana Society",+(91)-9850736871
The Salounge,"1151/B, Gourishankar, Subhashnagar Lane No-1, Shukrawar Peth, Pune - 411002, Near Shivaji Maratha High School",+(91)-9673525252
Ds Proffessional Centre,"Sr. No. 281, Chavhan Complex, Dhanori Lohegaon Road, Dhanori, Pune - 411015, Opposite Gajanan Dairy, Dhanori Jakat Naka",+(91)-9511803592
Shreya Beauty Parlour,"Shakuntala Heights, Pune Saswad Road, Hadapsar, Pune - 411028",+(91)-8975355936
Mr Shubh Barber Shop,"Shop No. 7, Mhada Building, YCMH Road, Vallabh Nagar-Pimpri, Pune - 411018, Opp. Dr. D. Y. Patil ACS COLLEGE",+(91)-7028842728
New Status Saloon,"Phulenagar Road, Phule Nagar, Pune - 411018, Opp. Durga Mata Mandir, Phulenagar Kamaan",+(91)-7028842728
Krasna The Beauty Salon,"Gangalaxmi Bhavan, S.No. 48-4 Ganesh Nagar, Vadgaon Sheri, Pune - 411014, Beside Kuba Masjid",+(91)-9881323388
Jyotiba Salon,"Datta Mandir Road, Sankar Kalate Nagar, Wakad, Pune - 411057, Opp. to Datta Mandir",+(91)-9156130909
96 Hair Studio Unisex Salon,"Shop No. 2, Survey No. 165, Bhekrai Road, Fursungi, Pune - 412308, Near Green Hive Society",+(91)-9970786138
A 2 Salon And Spa,"At Post Bodkewadi Gaonthan Hinjawadi Pune, Hinjawadi, Pune - 411057, Near Hp Petrol Pump Or Indian Oil",+(91)-7028936099
Status Saloon,"Behind Akurdi Railway Station, Sant Namdev Road, Akurdi, Pune - 411035, Opp. Banglore Ayengar Bakery, Near Gurudwara Chowk",+(91)-7709254432
Shri Gurukrupa Mens Salon,"Shop No 1, Malwadi Road, Popular Nagar-Warje, Pune - 411058, Near Maruti Mandir",+(91)-9403309209
Classic Mens Parlour,"Shop No 9, Ambedkar Road, Dehu Road, Pune - 412101, Opp Datta Mandir",+(91)-9527144181
Cleo And Scissors Hair And ..,"Next to Vedant Heights,First Floor,, Anand Nagar ,Krishna Nagar, Mohamadwadi, Pune - 411060, Near Alkasa Society, Near Mohammad Wadi Police Station",+(91)-8956567744
Styles N Smiles,"Sus Gaon, Balaji Chowk, Pashan, Pune - 411021, Near Maruti Mandir",+(91)-8417867898
Hair Ware,"3 Rd Floor Shop No 319, Camp, Pune - 411001, Abve Barista Caffe Opp Arora Tower",
Just Hair And Hair Studio,"Shop No 01 Dore Complex, Phursungi Road, Bhekrai Nagar-Fursungi, Pune - 412308, Opposite IBM University, Kumar Properties",+(91)-8669079472
Get Stylish,"Sunshree Woods, Kondhwa Khurd, NIBM-Kondhwa Khurd, Pune - 411048, NIBM Road",+(91)-9607709000
Magnet Professional Mens Pa..,"Panchatantra Nagar, Hinjawadi, Pune - 411057, Near Raj Mundra Biryani House",+(91)-9168225273
Gunishka Beauty Salon,"Wagholi, Pune - 412207, Opposite Lake Paradise",+(91)-9588684087
Morning Star,"Yashwant Colony, Chandan Nagar Road, Chandan Nagar-Kharadi, Pune - 411014, Near Yashwant Bus Stop",+(91)-7841020137
Balaji Mens Salon,"Mamta Chowk, Balewadi-Baner, Pune - 411045, Near Ws Bakers",+(91)-8446740008
Kesh Bhusha Hair Salon,"Shop No. 3, Telco Road, Pimpri, Pune - 411018",+(91)-9763848514
Sudarshan Gents Parlour,"Chinchwad, Pune - 411033, Near Moraya Hospital",+(91)-8669191210
Dinesh Saloon,"Shop No 3, Pooja High Land, Pune Mumbai Express Hiway, Warje, Pune - 411058, Near Shipla Foundation",+(91)-9822342552
Crystal Beauty Parlour,"Shop No .10 Sanskruti Arcade, Kaspate Vasti Wakad, Pune - 411001",+(91)-7887772260
Phoenix Unisex Salon & Spa,"415 B/1 Saraswati Apartment, Kakasaheb Gadgil Road, Narayan Peth, Pune - 411030, Jayhind Ganesh Mitra Mandal",+(91)-8975803286
Lets Glow Unisex Salon,"Ashok Sankul 2 Range Hills Road, Bhosalenagar Pune 411007, Ashok Nagar, Pune - 411007, Near ICICI Bank",+(91)-7350639999
United Services,"Bibvewadi, Pune - 411037, Near Light House",+(91)-7841859597
Remake mens salon,"Shop No 1 Haridham Apartment, Utsav Mangal Karyalay Road, Kothrud, Pune - 411038, Near Foods Corner",+(91)-9970088485
Mythili Beauty Parlour,"Sr No. 27, Munjaba Wasti, Road No 14, Dhanori, Pune - 411015, Opp Bhavna Jewellers, Near Ganpati Mandir",+(91)-7981938831
Art Of Hair Unisex Salon,"Shree Apartment Shop No 1, Ambegaon, Ambegaon Budruk, Pune - 411046, Near Chandragan Society",+(91)-7058822139
A One Hair Cutting Salon,"Sai Chowk, Swasti Shree Appartment, .Shop.No.5, Sangavi, Pune - 411027",+(91)-9762180914
New Perfect Mens Parlour,"Sr.No. 65/5 Jhandewali Road, Handewadi Road, Hadapsar, Pune - 411028",+(91)-9834941060
Smita Make Up Artist,"Blue Berry Society, Shop No 3, Kharadi, Pune - 411014, Near Puneri Sweet Home",+(91)-9960248906
Goodwills Salon,"Shop No 2 Shivtirth Nivas, Mumbai Pune Road, Katraj, Pune - 411046, Near Chundai Mata Mandar",+(91)-7355704508
A-1 hair saloon,"Shivaji Chowk, Pimpri, Pune - 411018",+(91)-7775844349
New Delhi Mens Parlour,"Shop No.2,Gajanan Nagar, Kalewadi, Pune - 411017, Near Jiwan Jyoti Hospital",+(91)-8380931614
City Palace Salon,"Chinchwad, Pune - 411033, Near Ganga Aashiyana Society",+(91)-9850736871
The Salounge,"1151/B, Gourishankar, Subhashnagar Lane No-1, Shukrawar Peth, Pune - 411002, Near Shivaji Maratha High School",+(91)-9673525252
Ds Proffessional Centre,"Sr. No. 281, Chavhan Complex, Dhanori Lohegaon Road, Dhanori, Pune - 411015, Opposite Gajanan Dairy, Dhanori Jakat Naka",+(91)-9511803592
Shreya Beauty Parlour,"Shakuntala Heights, Pune Saswad Road, Hadapsar, Pune - 411028",+(91)-8975355936
Mr Shubh Barber Shop,"Shop No. 7, Mhada Building, YCMH Road, Vallabh Nagar-Pimpri, Pune - 411018, Opp. Dr. D. Y. Patil ACS COLLEGE",+(91)-7028842728
New Status Saloon,"Phulenagar Road, Phule Nagar, Pune - 411018, Opp. Durga Mata Mandir, Phulenagar Kamaan",+(91)-7028842728
Just Hair And Hair Studio,"Shop No 01 Dore Complex, Phursungi Road, Bhekrai Nagar-Fursungi, Pune - 412308, Opposite IBM University, Kumar Properties",+(91)-8669079472
Get Stylish,"Sunshree Woods, Kondhwa Khurd, NIBM-Kondhwa Khurd, Pune - 411048, NIBM Road",+(91)-9607709000
Magnet Professional Mens Pa..,"Panchatantra Nagar, Hinjawadi, Pune - 411057, Near Raj Mundra Biryani House",+(91)-9168225273
Gunishka Beauty Salon,"Wagholi, Pune - 412207, Opposite Lake Paradise",+(91)-9588684087
Morning Star,"Yashwant Colony, Chandan Nagar Road, Chandan Nagar-Kharadi, Pune - 411014, Near Yashwant Bus Stop",+(91)-7841020137
Balaji Mens Salon,"Mamta Chowk, Balewadi-Baner, Pune - 411045, Near Ws Bakers",+(91)-8446740008
Kesh Bhusha Hair Salon,"Shop No. 3, Telco Road, Pimpri, Pune - 411018",+(91)-9763848514
Sudarshan Gents Parlour,"Chinchwad, Pune - 411033, Near Moraya Hospital",+(91)-8669191210
Dinesh Saloon,"Shop No 3, Pooja High Land, Pune Mumbai Express Hiway, Warje, Pune - 411058, Near Shipla Foundation",+(91)-9822342552
Crystal Beauty Parlour,"Shop No .10 Sanskruti Arcade, Kaspate Vasti Wakad, Pune - 411001",+(91)-7887772260
Phoenix Unisex Salon & Spa,"415 B/1 Saraswati Apartment, Kakasaheb Gadgil Road, Narayan Peth, Pune - 411030, Jayhind Ganesh Mitra Mandal",+(91)-8975803286
Lets Glow Unisex Salon,"Ashok Sankul 2 Range Hills Road, Bhosalenagar Pune 411007, Ashok Nagar, Pune - 411007, Near ICICI Bank",+(91)-7350639999
United Services,"Bibvewadi, Pune - 411037, Near Light House",+(91)-7841859597
Remake mens salon,"Shop No 1 Haridham Apartment, Utsav Mangal Karyalay Road, Kothrud, Pune - 411038, Near Foods Corner",+(91)-9970088485
Mythili Beauty Parlour,"Sr No. 27, Munjaba Wasti, Road No 14, Dhanori, Pune - 411015, Opp Bhavna Jewellers, Near Ganpati Mandir",+(91)-7981938831
Art Of Hair Unisex Salon,"Shree Apartment Shop No 1, Ambegaon, Ambegaon Budruk, Pune - 411046, Near Chandragan Society",+(91)-7058822139
A One Hair Cutting Salon,"Sai Chowk, Swasti Shree Appartment, .Shop.No.5, Sangavi, Pune - 411027",+(91)-9762180914
New Perfect Mens Parlour,"Sr.No. 65/5 Jhandewali Road, Handewadi Road, Hadapsar, Pune - 411028",+(91)-9834941060
Smita Make Up Artist,"Blue Berry Society, Shop No 3, Kharadi, Pune - 411014, Near Puneri Sweet Home",+(91)-9960248906
Goodwills Salon,"Shop No 2 Shivtirth Nivas, Mumbai Pune Road, Katraj, Pune - 411046, Near Chundai Mata Mandar",+(91)-7355704508
A-1 hair saloon,"Shivaji Chowk, Pimpri, Pune - 411018",+(91)-7775844349
New Delhi Mens Parlour,"Shop No.2,Gajanan Nagar, Kalewadi, Pune - 411017, Near Jiwan Jyoti Hospital",+(91)-8380931614
City Palace Salon,"Chinchwad, Pune - 411033, Near Ganga Aashiyana Society",+(91)-9850736871
The Salounge,"1151/B, Gourishankar, Subhashnagar Lane No-1, Shukrawar Peth, Pune - 411002, Near Shivaji Maratha High School",+(91)-9673525252
Ds Proffessional Centre,"Sr. No. 281, Chavhan Complex, Dhanori Lohegaon Road, Dhanori, Pune - 411015, Opposite Gajanan Dairy, Dhanori Jakat Naka",+(91)-9511803592
Shreya Beauty Parlour,"Shakuntala Heights, Pune Saswad Road, Hadapsar, Pune - 411028",+(91)-8975355936
Mr Shubh Barber Shop,"Shop No. 7, Mhada Building, YCMH Road, Vallabh Nagar-Pimpri, Pune - 411018, Opp. Dr. D. Y. Patil ACS COLLEGE",+(91)-7028842728
New Status Saloon,"Phulenagar Road, Phule Nagar, Pune - 411018, Opp. Durga Mata Mandir, Phulenagar Kamaan",+(91)-7028842728
Phoenix Unisex Salon & Spa,"415 B/1 Saraswati Apartment, Kakasaheb Gadgil Road, Narayan Peth, Pune - 411030, Jayhind Ganesh Mitra Mandal",+(91)-8975803286
Lets Glow Unisex Salon,"Ashok Sankul 2 Range Hills Road, Bhosalenagar Pune 411007, Ashok Nagar, Pune - 411007, Near ICICI Bank",+(91)-7350639999
United Services,"Bibvewadi, Pune - 411037, Near Light House",+(91)-7841859597
Remake mens salon,"Shop No 1 Haridham Apartment, Utsav Mangal Karyalay Road, Kothrud, Pune - 411038, Near Foods Corner",+(91)-9970088485
Mythili Beauty Parlour,"Sr No. 27, Munjaba Wasti, Road No 14, Dhanori, Pune - 411015, Opp Bhavna Jewellers, Near Ganpati Mandir",+(91)-7981938831
Art Of Hair Unisex Salon,"Shree Apartment Shop No 1, Ambegaon, Ambegaon Budruk, Pune - 411046, Near Chandragan Society",+(91)-7058822139
A One Hair Cutting Salon,"Sai Chowk, Swasti Shree Appartment, .Shop.No.5, Sangavi, Pune - 411027",+(91)-9762180914
New Perfect Mens Parlour,"Sr.No. 65/5 Jhandewali Road, Handewadi Road, Hadapsar, Pune - 411028",+(91)-9834941060
Smita Make Up Artist,"Blue Berry Society, Shop No 3, Kharadi, Pune - 411014, Near Puneri Sweet Home",+(91)-9960248906
Goodwills Salon,"Shop No 2 Shivtirth Nivas, Mumbai Pune Road, Katraj, Pune - 411046, Near Chundai Mata Mandar",+(91)-7355704508
A-1 hair saloon,"Shivaji Chowk, Pimpri, Pune - 411018",+(91)-7775844349
New Delhi Mens Parlour,"Shop No.2,Gajanan Nagar, Kalewadi, Pune - 411017, Near Jiwan Jyoti Hospital",+(91)-8380931614
City Palace Salon,"Chinchwad, Pune - 411033, Near Ganga Aashiyana Society",+(91)-9850736871
The Salounge,"1151/B, Gourishankar, Subhashnagar Lane No-1, Shukrawar Peth, Pune - 411002, Near Shivaji Maratha High School",+(91)-9673525252
Ds Proffessional Centre,"Sr. No. 281, Chavhan Complex, Dhanori Lohegaon Road, Dhanori, Pune - 411015, Opposite Gajanan Dairy, Dhanori Jakat Naka",+(91)-9511803592
Shreya Beauty Parlour,"Shakuntala Heights, Pune Saswad Road, Hadapsar, Pune - 411028",+(91)-8975355936
Mr Shubh Barber Shop,"Shop No. 7, Mhada Building, YCMH Road, Vallabh Nagar-Pimpri, Pune - 411018, Opp. Dr. D. Y. Patil ACS COLLEGE",+(91)-7028842728
New Status Saloon,"Phulenagar Road, Phule Nagar, Pune - 411018, Opp. Durga Mata Mandir, Phulenagar Kamaan",+(91)-7028842728
A-1 hair saloon,"Shivaji Chowk, Pimpri, Pune - 411018",+(91)-7775844349
New Delhi Mens Parlour,"Shop No.2,Gajanan Nagar, Kalewadi, Pune - 411017, Near Jiwan Jyoti Hospital",+(91)-8380931614
City Palace Salon,"Chinchwad, Pune - 411033, Near Ganga Aashiyana Society",+(91)-9850736871
The Salounge,"1151/B, Gourishankar, Subhashnagar Lane No-1, Shukrawar Peth, Pune - 411002, Near Shivaji Maratha High School",+(91)-9673525252
Ds Proffessional Centre,"Sr. No. 281, Chavhan Complex, Dhanori Lohegaon Road, Dhanori, Pune - 411015, Opposite Gajanan Dairy, Dhanori Jakat Naka",+(91)-9511803592
Shreya Beauty Parlour,"Shakuntala Heights, Pune Saswad Road, Hadapsar, Pune - 411028",+(91)-8975355936
Mr Shubh Barber Shop,"Shop No. 7, Mhada Building, YCMH Road, Vallabh Nagar-Pimpri, Pune - 411018, Opp. Dr. D. Y. Patil ACS COLLEGE",+(91)-7028842728
New Status Saloon,"Phulenagar Road, Phule Nagar, Pune - 411018, Opp. Durga Mata Mandir, Phulenagar Kamaan",+(91)-7028842728
